-- phpMyAdmin SQL Dump
-- version 4.9.5
-- https://www.phpmyadmin.net/
--
-- Máy chủ: localhost
-- Thời gian đã tạo: Th8 08, 2020 lúc 05:24 PM
-- Phiên bản máy phục vụ: 10.3.22-MariaDB
-- Phiên bản PHP: 7.2.29

SET SQL_MODE = "NO_AUTO_VALUE_ON_ZERO";
SET AUTOCOMMIT = 0;
START TRANSACTION;
SET time_zone = "+00:00";


/*!40101 SET @OLD_CHARACTER_SET_CLIENT=@@CHARACTER_SET_CLIENT */;
/*!40101 SET @OLD_CHARACTER_SET_RESULTS=@@CHARACTER_SET_RESULTS */;
/*!40101 SET @OLD_COLLATION_CONNECTION=@@COLLATION_CONNECTION */;
/*!40101 SET NAMES utf8mb4 */;

--
-- Cơ sở dữ liệu: `htcit_itcenter`
--

-- --------------------------------------------------------

--
-- Cấu trúc bảng cho bảng `banners`
--

CREATE TABLE `banners` (
  `id` int(10) UNSIGNED NOT NULL,
  `image` varchar(255) COLLATE utf8mb4_unicode_ci DEFAULT NULL,
  `title` varchar(255) COLLATE utf8mb4_unicode_ci DEFAULT NULL,
  `content` varchar(255) COLLATE utf8mb4_unicode_ci DEFAULT NULL,
  `link` varchar(255) COLLATE utf8mb4_unicode_ci DEFAULT NULL,
  `created_at` timestamp NULL DEFAULT NULL,
  `updated_at` timestamp NULL DEFAULT NULL
) ENGINE=InnoDB DEFAULT CHARSET=utf8mb4 COLLATE=utf8mb4_unicode_ci;

--
-- Đang đổ dữ liệu cho bảng `banners`
--

INSERT INTO `banners` (`id`, `image`, `title`, `content`, `link`, `created_at`, `updated_at`) VALUES
(4, 'banners/July2020/AQgPfMhWr0clDENNiyfH.jpg', 'Thiết kế website', 'Chuyên nghiệp - Chuẩn SEO google', '/xay-dung-va-phat-trien-website', '2020-07-23 02:21:00', '2020-07-29 00:52:08'),
(5, 'banners/July2020/C8YYFTx2s7JPdLdeiKdh.jpg', 'Dịch vụ content', '\"Giải pháp toàn diện cho website, fanpage\"', '/truyen-thong-marketing', '2020-07-24 19:32:00', '2020-07-29 01:03:47'),
(6, 'banners/July2020/spBUm37C6zHsqlyiBOZM.jpg', NULL, NULL, NULL, '2020-07-24 19:33:00', '2020-07-29 00:58:14');

-- --------------------------------------------------------

--
-- Cấu trúc bảng cho bảng `categories`
--

CREATE TABLE `categories` (
  `id` int(10) UNSIGNED NOT NULL,
  `parent_id` int(10) UNSIGNED DEFAULT NULL,
  `order` int(11) NOT NULL DEFAULT 1,
  `name` varchar(191) COLLATE utf8mb4_unicode_ci NOT NULL,
  `slug` varchar(191) COLLATE utf8mb4_unicode_ci NOT NULL,
  `created_at` timestamp NULL DEFAULT NULL,
  `updated_at` timestamp NULL DEFAULT NULL
) ENGINE=InnoDB DEFAULT CHARSET=utf8mb4 COLLATE=utf8mb4_unicode_ci;

--
-- Đang đổ dữ liệu cho bảng `categories`
--

INSERT INTO `categories` (`id`, `parent_id`, `order`, `name`, `slug`, `created_at`, `updated_at`) VALUES
(1, NULL, 1, 'Category 1', 'category-1', '2020-06-28 20:00:22', '2020-06-28 20:00:22'),
(2, NULL, 1, 'Category 2', 'category-2', '2020-06-28 20:00:22', '2020-06-28 20:00:22');

-- --------------------------------------------------------

--
-- Cấu trúc bảng cho bảng `commitments`
--

CREATE TABLE `commitments` (
  `id` int(10) UNSIGNED NOT NULL,
  `icon` varchar(255) COLLATE utf8mb4_unicode_ci DEFAULT NULL,
  `title` varchar(255) COLLATE utf8mb4_unicode_ci DEFAULT NULL,
  `content` varchar(255) COLLATE utf8mb4_unicode_ci DEFAULT NULL,
  `created_at` timestamp NULL DEFAULT NULL,
  `updated_at` timestamp NULL DEFAULT NULL
) ENGINE=InnoDB DEFAULT CHARSET=utf8mb4 COLLATE=utf8mb4_unicode_ci;

--
-- Đang đổ dữ liệu cho bảng `commitments`
--

INSERT INTO `commitments` (`id`, `icon`, `title`, `content`, `created_at`, `updated_at`) VALUES
(1, 'fa fa-fax', 'Cam kết giá tốt nhất', 'Chúng tôi cam kết giá dịch vụ tại đây là tốt nhất. Bạn có thể hoàn toàn yên tâm khi chọn dịch vụ tại Uni Creation', '2020-07-22 17:13:30', '2020-07-22 17:13:30'),
(2, 'fa fa-phone', 'Nâng cấp không giới hạn', 'Chỉ cần khách hàng yêu cầu, chúng tôi sẽ nâng cấp liên tục để chất lượng website tối ưu nhất, đảm bảo nhu cầu kinh doanh của bạn.', '2020-07-22 21:51:13', '2020-07-22 21:51:13'),
(3, 'fa fa-car', 'Bảo hành trọn đời', 'Khách hàng khi sử dụng dịch vụ thiết kế website trọn gói. Sẽ được bảo trì, sửa lỗi hoàn toàn miễn phí nếu có lỗi phát sinh.', '2020-07-22 21:52:08', '2020-07-22 21:53:33'),
(4, 'fa fa-fax', 'Chính sách hoàn tiền', 'Nếu khách hàng không hài lòng về website đúng theo cam kết đã ghi trong hợp đồng, Uni Creation sẽ hoàn 100% chi phí thiết kế web cho bạn.', '2020-07-22 21:54:32', '2020-07-22 21:54:32');

-- --------------------------------------------------------

--
-- Cấu trúc bảng cho bảng `customers`
--

CREATE TABLE `customers` (
  `id` int(10) UNSIGNED NOT NULL,
  `name` varchar(255) COLLATE utf8mb4_unicode_ci DEFAULT NULL,
  `phone` varchar(255) COLLATE utf8mb4_unicode_ci DEFAULT NULL,
  `email` varchar(255) COLLATE utf8mb4_unicode_ci DEFAULT NULL,
  `title` varchar(255) COLLATE utf8mb4_unicode_ci DEFAULT NULL,
  `content` varchar(255) COLLATE utf8mb4_unicode_ci DEFAULT NULL,
  `created_at` timestamp NULL DEFAULT NULL,
  `updated_at` timestamp NULL DEFAULT NULL
) ENGINE=InnoDB DEFAULT CHARSET=utf8mb4 COLLATE=utf8mb4_unicode_ci;

--
-- Đang đổ dữ liệu cho bảng `customers`
--

INSERT INTO `customers` (`id`, `name`, `phone`, `email`, `title`, `content`, `created_at`, `updated_at`) VALUES
(16, 'Hoa', '0397354949', 'hoavu8991@gmail.com', 'Mua website', 'lkfg;dfhjdfklg;hg', '2020-07-19 21:21:01', '2020-07-19 21:21:01'),
(27, 'Dương Quang Định', '123456789', '', '', '', '2020-08-03 18:20:23', '2020-08-03 18:20:23');

-- --------------------------------------------------------

--
-- Cấu trúc bảng cho bảng `data_rows`
--

CREATE TABLE `data_rows` (
  `id` int(10) UNSIGNED NOT NULL,
  `data_type_id` int(10) UNSIGNED NOT NULL,
  `field` varchar(191) COLLATE utf8mb4_unicode_ci NOT NULL,
  `type` varchar(191) COLLATE utf8mb4_unicode_ci NOT NULL,
  `display_name` varchar(191) COLLATE utf8mb4_unicode_ci NOT NULL,
  `required` tinyint(1) NOT NULL DEFAULT 0,
  `browse` tinyint(1) NOT NULL DEFAULT 1,
  `read` tinyint(1) NOT NULL DEFAULT 1,
  `edit` tinyint(1) NOT NULL DEFAULT 1,
  `add` tinyint(1) NOT NULL DEFAULT 1,
  `delete` tinyint(1) NOT NULL DEFAULT 1,
  `details` text COLLATE utf8mb4_unicode_ci DEFAULT NULL,
  `order` int(11) NOT NULL DEFAULT 1
) ENGINE=InnoDB DEFAULT CHARSET=utf8mb4 COLLATE=utf8mb4_unicode_ci;

--
-- Đang đổ dữ liệu cho bảng `data_rows`
--

INSERT INTO `data_rows` (`id`, `data_type_id`, `field`, `type`, `display_name`, `required`, `browse`, `read`, `edit`, `add`, `delete`, `details`, `order`) VALUES
(1, 1, 'id', 'number', 'ID', 1, 0, 0, 0, 0, 0, NULL, 1),
(2, 1, 'name', 'text', 'Name', 1, 1, 1, 1, 1, 1, NULL, 2),
(3, 1, 'email', 'text', 'Email', 1, 1, 1, 1, 1, 1, NULL, 3),
(4, 1, 'password', 'password', 'Password', 1, 0, 0, 1, 1, 0, NULL, 4),
(5, 1, 'remember_token', 'text', 'Remember Token', 0, 0, 0, 0, 0, 0, NULL, 5),
(6, 1, 'created_at', 'timestamp', 'Created At', 0, 1, 1, 0, 0, 0, NULL, 6),
(7, 1, 'updated_at', 'timestamp', 'Updated At', 0, 0, 0, 0, 0, 0, NULL, 7),
(8, 1, 'avatar', 'image', 'Avatar', 0, 1, 1, 1, 1, 1, NULL, 8),
(9, 1, 'user_belongsto_role_relationship', 'relationship', 'Role', 0, 1, 1, 1, 1, 0, '{\"model\":\"TCG\\\\Voyager\\\\Models\\\\Role\",\"table\":\"roles\",\"type\":\"belongsTo\",\"column\":\"role_id\",\"key\":\"id\",\"label\":\"display_name\",\"pivot_table\":\"roles\",\"pivot\":0}', 10),
(10, 1, 'user_belongstomany_role_relationship', 'relationship', 'Roles', 0, 1, 1, 1, 1, 0, '{\"model\":\"TCG\\\\Voyager\\\\Models\\\\Role\",\"table\":\"roles\",\"type\":\"belongsToMany\",\"column\":\"id\",\"key\":\"id\",\"label\":\"display_name\",\"pivot_table\":\"user_roles\",\"pivot\":\"1\",\"taggable\":\"0\"}', 11),
(11, 1, 'settings', 'hidden', 'Settings', 0, 0, 0, 0, 0, 0, NULL, 12),
(12, 2, 'id', 'number', 'ID', 1, 0, 0, 0, 0, 0, NULL, 1),
(13, 2, 'name', 'text', 'Name', 1, 1, 1, 1, 1, 1, NULL, 2),
(14, 2, 'created_at', 'timestamp', 'Created At', 0, 0, 0, 0, 0, 0, NULL, 3),
(15, 2, 'updated_at', 'timestamp', 'Updated At', 0, 0, 0, 0, 0, 0, NULL, 4),
(16, 3, 'id', 'number', 'ID', 1, 0, 0, 0, 0, 0, NULL, 1),
(17, 3, 'name', 'text', 'Name', 1, 1, 1, 1, 1, 1, NULL, 2),
(18, 3, 'created_at', 'timestamp', 'Created At', 0, 0, 0, 0, 0, 0, NULL, 3),
(19, 3, 'updated_at', 'timestamp', 'Updated At', 0, 0, 0, 0, 0, 0, NULL, 4),
(20, 3, 'display_name', 'text', 'Display Name', 1, 1, 1, 1, 1, 1, NULL, 5),
(21, 1, 'role_id', 'text', 'Role', 1, 1, 1, 1, 1, 1, NULL, 9),
(22, 4, 'id', 'number', 'ID', 1, 0, 0, 0, 0, 0, NULL, 1),
(23, 4, 'parent_id', 'select_dropdown', 'Parent', 0, 0, 1, 1, 1, 1, '{\"default\":\"\",\"null\":\"\",\"options\":{\"\":\"-- None --\"},\"relationship\":{\"key\":\"id\",\"label\":\"name\"}}', 2),
(24, 4, 'order', 'text', 'Order', 1, 1, 1, 1, 1, 1, '{\"default\":1}', 3),
(25, 4, 'name', 'text', 'Name', 1, 1, 1, 1, 1, 1, NULL, 4),
(26, 4, 'slug', 'text', 'Slug', 1, 1, 1, 1, 1, 1, '{\"slugify\":{\"origin\":\"name\"}}', 5),
(27, 4, 'created_at', 'timestamp', 'Created At', 0, 0, 1, 0, 0, 0, NULL, 6),
(28, 4, 'updated_at', 'timestamp', 'Updated At', 0, 0, 0, 0, 0, 0, NULL, 7),
(29, 5, 'id', 'number', 'ID', 1, 0, 0, 0, 0, 0, '{}', 1),
(30, 5, 'author_id', 'text', 'Author', 1, 0, 1, 1, 1, 1, '{}', 2),
(31, 5, 'category_id', 'text', 'Category', 0, 1, 1, 1, 1, 0, '{}', 3),
(32, 5, 'title', 'text', 'Title', 1, 1, 1, 1, 1, 1, '{}', 4),
(33, 5, 'excerpt', 'text_area', 'Excerpt', 0, 0, 1, 1, 1, 1, '{}', 5),
(34, 5, 'body', 'rich_text_box', 'Body', 1, 0, 1, 1, 1, 1, '{}', 6),
(35, 5, 'image', 'image', 'Post Image', 0, 1, 1, 1, 1, 1, '{\"resize\":{\"width\":\"1000\",\"height\":\"null\"},\"quality\":\"70%\",\"upsize\":true,\"thumbnails\":[{\"name\":\"medium\",\"scale\":\"50%\"},{\"name\":\"small\",\"scale\":\"25%\"},{\"name\":\"cropped\",\"crop\":{\"width\":\"300\",\"height\":\"250\"}}]}', 7),
(36, 5, 'slug', 'text', 'Slug', 1, 0, 1, 1, 1, 1, '{\"slugify\":{\"origin\":\"title\",\"forceUpdate\":true},\"validation\":{\"rule\":\"unique:posts,slug\"}}', 8),
(37, 5, 'meta_description', 'text_area', 'Meta Description', 0, 0, 1, 1, 1, 1, '{}', 9),
(38, 5, 'meta_keywords', 'text_area', 'Meta Keywords', 0, 0, 1, 1, 1, 1, '{}', 10),
(39, 5, 'status', 'select_dropdown', 'Status', 1, 1, 1, 1, 1, 1, '{\"default\":\"DRAFT\",\"options\":{\"PUBLISHED\":\"published\",\"DRAFT\":\"draft\",\"PENDING\":\"pending\"}}', 11),
(40, 5, 'created_at', 'timestamp', 'Created At', 0, 1, 1, 0, 0, 0, '{}', 12),
(41, 5, 'updated_at', 'timestamp', 'Updated At', 0, 0, 0, 0, 0, 0, '{}', 13),
(42, 5, 'seo_title', 'text', 'SEO Title', 0, 1, 1, 1, 1, 1, '{}', 14),
(43, 5, 'featured', 'checkbox', 'Featured', 1, 1, 1, 1, 1, 1, '{}', 15),
(44, 6, 'id', 'number', 'ID', 1, 0, 0, 0, 0, 0, NULL, 1),
(45, 6, 'author_id', 'text', 'Author', 1, 0, 0, 0, 0, 0, NULL, 2),
(46, 6, 'title', 'text', 'Title', 1, 1, 1, 1, 1, 1, NULL, 3),
(47, 6, 'excerpt', 'text_area', 'Excerpt', 1, 0, 1, 1, 1, 1, NULL, 4),
(48, 6, 'body', 'rich_text_box', 'Body', 1, 0, 1, 1, 1, 1, NULL, 5),
(49, 6, 'slug', 'text', 'Slug', 1, 0, 1, 1, 1, 1, '{\"slugify\":{\"origin\":\"title\"},\"validation\":{\"rule\":\"unique:pages,slug\"}}', 6),
(50, 6, 'meta_description', 'text', 'Meta Description', 1, 0, 1, 1, 1, 1, NULL, 7),
(51, 6, 'meta_keywords', 'text', 'Meta Keywords', 1, 0, 1, 1, 1, 1, NULL, 8),
(52, 6, 'status', 'select_dropdown', 'Status', 1, 1, 1, 1, 1, 1, '{\"default\":\"INACTIVE\",\"options\":{\"INACTIVE\":\"INACTIVE\",\"ACTIVE\":\"ACTIVE\"}}', 9),
(53, 6, 'created_at', 'timestamp', 'Created At', 1, 1, 1, 0, 0, 0, NULL, 10),
(54, 6, 'updated_at', 'timestamp', 'Updated At', 1, 0, 0, 0, 0, 0, NULL, 11),
(55, 6, 'image', 'image', 'Page Image', 0, 1, 1, 1, 1, 1, NULL, 12),
(56, 8, 'id', 'hidden', 'Id', 1, 0, 0, 0, 0, 0, '{}', 1),
(57, 8, 'title', 'text', 'Title', 0, 1, 1, 1, 1, 1, '{}', 2),
(58, 8, 'name', 'text', 'Name', 0, 1, 1, 1, 1, 1, '{}', 3),
(59, 8, 'cost', 'number', 'Cost', 0, 1, 1, 1, 1, 1, '{}', 4),
(60, 8, 'description', 'rich_text_box', 'Description', 0, 1, 1, 1, 1, 1, '{}', 5),
(61, 8, 'image', 'image', 'Image', 0, 1, 1, 1, 1, 1, '{}', 6),
(62, 8, 'link', 'text', 'Link', 0, 1, 1, 1, 1, 1, '{}', 7),
(63, 8, 'created_at', 'timestamp', 'Created At', 0, 1, 1, 1, 0, 1, '{}', 8),
(64, 8, 'updated_at', 'timestamp', 'Updated At', 0, 0, 0, 0, 0, 0, '{}', 9),
(65, 10, 'id', 'hidden', 'Id', 1, 0, 0, 0, 0, 0, '{}', 1),
(66, 10, 'icon', 'text', 'Icon', 0, 1, 1, 1, 1, 1, '{}', 2),
(67, 10, 'title', 'text', 'Title', 0, 1, 1, 1, 1, 1, '{}', 3),
(68, 10, 'description', 'text', 'Description', 0, 1, 1, 1, 1, 1, '{}', 4),
(69, 10, 'created_at', 'timestamp', 'Created At', 0, 1, 1, 1, 0, 1, '{}', 5),
(70, 10, 'updated_at', 'timestamp', 'Updated At', 0, 0, 0, 0, 0, 0, '{}', 6),
(71, 11, 'id', 'hidden', 'Id', 1, 0, 0, 0, 0, 0, '{}', 1),
(72, 11, 'image', 'image', 'Image', 0, 1, 1, 1, 1, 1, '{}', 2),
(73, 11, 'title', 'text', 'Title', 0, 1, 1, 1, 1, 1, '{}', 3),
(74, 11, 'content', 'text', 'Content', 0, 1, 1, 1, 1, 1, '{}', 4),
(75, 11, 'link', 'text', 'Link', 0, 1, 1, 1, 1, 1, '{}', 5),
(76, 11, 'created_at', 'timestamp', 'Created At', 0, 1, 1, 1, 0, 1, '{}', 6),
(77, 11, 'updated_at', 'timestamp', 'Updated At', 0, 0, 0, 0, 0, 0, '{}', 7),
(99, 44, 'id', 'hidden', 'Id', 1, 0, 0, 0, 0, 0, '{}', 1),
(100, 44, 'image', 'text', 'Image', 0, 1, 1, 1, 1, 1, '{}', 2),
(101, 44, 'name', 'text', 'Name', 0, 1, 1, 1, 1, 1, '{}', 3),
(102, 44, 'job', 'text', 'Job', 0, 1, 1, 1, 1, 1, '{}', 4),
(103, 44, 'content', 'text', 'Content', 0, 1, 1, 1, 1, 1, '{}', 5),
(104, 44, 'created_at', 'timestamp', 'Created At', 0, 1, 1, 1, 0, 1, '{}', 6),
(105, 44, 'updated_at', 'timestamp', 'Updated At', 0, 0, 0, 0, 0, 0, '{}', 7),
(106, 44, 'facebook', 'text', 'Facebook', 0, 1, 1, 1, 1, 1, '{}', 8),
(107, 44, 'zalo', 'text', 'Zalo', 0, 1, 1, 1, 1, 1, '{}', 9),
(108, 44, 'email', 'text', 'Email', 0, 1, 1, 1, 1, 1, '{}', 10),
(109, 44, 'phone', 'text', 'Phone', 0, 1, 1, 1, 1, 1, '{}', 11),
(110, 45, 'id', 'hidden', 'Id', 1, 0, 0, 0, 0, 0, '{}', 1),
(111, 45, 'name', 'text', 'Name', 0, 1, 1, 1, 1, 1, '{}', 2),
(112, 45, 'phone', 'text', 'Phone', 0, 1, 1, 1, 1, 1, '{}', 3),
(113, 45, 'email', 'text', 'Email', 0, 1, 1, 1, 1, 1, '{}', 4),
(114, 45, 'title', 'text', 'Title', 0, 1, 1, 1, 1, 1, '{}', 5),
(115, 45, 'content', 'text', 'Content', 0, 1, 1, 1, 1, 1, '{}', 6),
(116, 46, 'id', 'hidden', 'Id', 1, 0, 0, 0, 0, 0, '{}', 1),
(117, 46, 'icon', 'text', 'Icon', 0, 1, 1, 1, 1, 1, '{}', 2),
(118, 46, 'title', 'text', 'Title', 0, 1, 1, 1, 1, 1, '{}', 3),
(119, 46, 'content', 'text', 'Content', 0, 1, 1, 1, 1, 1, '{}', 4),
(120, 48, 'id', 'hidden', 'Id', 1, 0, 0, 0, 0, 0, '{}', 1),
(121, 48, 'title', 'text', 'Title', 0, 1, 1, 1, 1, 1, '{}', 2),
(122, 48, 'service_id', 'text', 'Service Id', 0, 1, 1, 1, 1, 1, '{}', 3),
(123, 48, 'seo_title', 'text', 'Seo Title', 0, 1, 1, 1, 1, 1, '{}', 4),
(124, 48, 'image', 'image', 'Image', 0, 1, 1, 1, 1, 1, '{\"resize\":{\"width\":\"1000\",\"height\":\"null\"},\"quality\":\"70%\",\"upsize\":true,\"thumbnails\":[{\"name\":\"medium\",\"scale\":\"50%\"},{\"name\":\"small\",\"scale\":\"25%\"},{\"name\":\"cropped\",\"crop\":{\"width\":\"300\",\"height\":\"250\"}}]}', 5),
(125, 48, 'slug', 'text', 'Slug', 0, 1, 1, 1, 1, 1, '{\"slugify\":{\"origin\":\"title\",\"forceUpdate\":true},\"validation\":{\"rule\":\"unique:posts,slug\"}}', 6),
(126, 48, 'created_at', 'timestamp', 'Created At', 0, 1, 1, 1, 0, 1, '{}', 7),
(127, 48, 'updated_at', 'timestamp', 'Updated At', 0, 0, 0, 0, 0, 0, '{}', 8),
(128, 48, 'meta_description', 'text_area', 'Meta Description', 0, 1, 1, 1, 1, 1, '{}', 9),
(129, 48, 'meta_keywords', 'text_area', 'Meta Keywords', 0, 1, 1, 1, 1, 1, '{}', 10),
(130, 48, 'body', 'rich_text_box', 'Body', 0, 1, 1, 1, 1, 1, '{}', 11),
(131, 48, 'website_sv_belongsto_service_relationship', 'relationship', 'services', 0, 1, 1, 1, 1, 1, '{\"model\":\"App\\\\Service\",\"table\":\"services\",\"type\":\"belongsTo\",\"column\":\"service_id\",\"key\":\"id\",\"label\":\"title\",\"pivot_table\":\"banners\",\"pivot\":\"0\",\"taggable\":\"0\"}', 12),
(132, 10, 'link', 'text', 'Link', 0, 1, 1, 1, 1, 1, '{\"slugify\":{\"origin\":\"title\",\"forceUpdate\":true},\"validation\":{\"rule\":\"unique:posts,slug\"}}', 7),
(133, 10, 'image', 'image', 'Image', 0, 1, 1, 1, 1, 1, '{}', 8),
(135, 10, 'body', 'rich_text_box', 'Body', 0, 1, 1, 1, 1, 1, '{}', 10),
(136, 10, 'slug', 'text', 'Slug', 0, 1, 1, 1, 1, 1, '{\"slugify\":{\"origin\":\"title\",\"forceUpdate\":true},\"validation\":{\"rule\":\"unique:posts,slug\"}}', 9);

-- --------------------------------------------------------

--
-- Cấu trúc bảng cho bảng `data_types`
--

CREATE TABLE `data_types` (
  `id` int(10) UNSIGNED NOT NULL,
  `name` varchar(191) COLLATE utf8mb4_unicode_ci NOT NULL,
  `slug` varchar(191) COLLATE utf8mb4_unicode_ci NOT NULL,
  `display_name_singular` varchar(191) COLLATE utf8mb4_unicode_ci NOT NULL,
  `display_name_plural` varchar(191) COLLATE utf8mb4_unicode_ci NOT NULL,
  `icon` varchar(191) COLLATE utf8mb4_unicode_ci DEFAULT NULL,
  `model_name` varchar(191) COLLATE utf8mb4_unicode_ci DEFAULT NULL,
  `policy_name` varchar(191) COLLATE utf8mb4_unicode_ci DEFAULT NULL,
  `controller` varchar(191) COLLATE utf8mb4_unicode_ci DEFAULT NULL,
  `description` varchar(191) COLLATE utf8mb4_unicode_ci DEFAULT NULL,
  `generate_permissions` tinyint(1) NOT NULL DEFAULT 0,
  `server_side` tinyint(4) NOT NULL DEFAULT 0,
  `details` text COLLATE utf8mb4_unicode_ci DEFAULT NULL,
  `created_at` timestamp NULL DEFAULT NULL,
  `updated_at` timestamp NULL DEFAULT NULL
) ENGINE=InnoDB DEFAULT CHARSET=utf8mb4 COLLATE=utf8mb4_unicode_ci;

--
-- Đang đổ dữ liệu cho bảng `data_types`
--

INSERT INTO `data_types` (`id`, `name`, `slug`, `display_name_singular`, `display_name_plural`, `icon`, `model_name`, `policy_name`, `controller`, `description`, `generate_permissions`, `server_side`, `details`, `created_at`, `updated_at`) VALUES
(1, 'users', 'users', 'User', 'Users', 'voyager-person', 'TCG\\Voyager\\Models\\User', 'TCG\\Voyager\\Policies\\UserPolicy', 'TCG\\Voyager\\Http\\Controllers\\VoyagerUserController', '', 1, 0, NULL, '2020-06-28 20:00:21', '2020-06-28 20:00:21'),
(2, 'menus', 'menus', 'Menu', 'Menus', 'voyager-list', 'TCG\\Voyager\\Models\\Menu', NULL, '', '', 1, 0, NULL, '2020-06-28 20:00:21', '2020-06-28 20:00:21'),
(3, 'roles', 'roles', 'Role', 'Roles', 'voyager-lock', 'TCG\\Voyager\\Models\\Role', NULL, 'TCG\\Voyager\\Http\\Controllers\\VoyagerRoleController', '', 1, 0, NULL, '2020-06-28 20:00:21', '2020-06-28 20:00:21'),
(4, 'categories', 'categories', 'Category', 'Categories', 'voyager-categories', 'TCG\\Voyager\\Models\\Category', NULL, '', '', 1, 0, NULL, '2020-06-28 20:00:22', '2020-06-28 20:00:22'),
(5, 'posts', 'posts', 'Post', 'Posts', 'voyager-news', 'TCG\\Voyager\\Models\\Post', 'TCG\\Voyager\\Policies\\PostPolicy', NULL, NULL, 1, 0, '{\"order_column\":null,\"order_display_column\":null,\"order_direction\":\"desc\",\"default_search_key\":null,\"scope\":null}', '2020-06-28 20:00:22', '2020-07-26 20:11:13'),
(6, 'pages', 'pages', 'Page', 'Pages', 'voyager-file-text', 'TCG\\Voyager\\Models\\Page', NULL, '', '', 1, 0, NULL, '2020-06-28 20:00:22', '2020-06-28 20:00:22'),
(8, 'products', 'products', 'Product', 'Products', NULL, 'App\\Product', NULL, NULL, NULL, 1, 0, '{\"order_column\":null,\"order_display_column\":null,\"order_direction\":\"asc\",\"default_search_key\":null,\"scope\":null}', '2020-06-30 01:00:56', '2020-07-24 10:16:46'),
(10, 'services', 'services', 'Service', 'Services', NULL, 'App\\Service', NULL, NULL, NULL, 1, 0, '{\"order_column\":null,\"order_display_column\":null,\"order_direction\":\"asc\",\"default_search_key\":null,\"scope\":null}', '2020-06-30 21:47:16', '2020-08-01 01:43:20'),
(11, 'banners', 'banners', 'Banner', 'Banners', NULL, 'App\\Banner', NULL, NULL, NULL, 1, 0, '{\"order_column\":null,\"order_display_column\":null,\"order_direction\":\"asc\",\"default_search_key\":null,\"scope\":null}', '2020-07-04 03:07:03', '2020-07-23 02:18:36'),
(40, 'customerFb', 'customerfb', 'Customerfb', 'Customerfbs', NULL, 'App\\Customerfb', NULL, NULL, NULL, 1, 0, '{\"order_column\":null,\"order_display_column\":null,\"order_direction\":\"asc\",\"default_search_key\":null,\"scope\":null}', '2020-07-06 21:13:11', '2020-07-06 21:15:20'),
(44, 'teams', 'teams', 'Team', 'Teams', NULL, 'App\\Team', NULL, NULL, NULL, 1, 0, '{\"order_column\":null,\"order_display_column\":null,\"order_direction\":\"asc\",\"default_search_key\":null,\"scope\":null}', '2020-07-16 20:33:06', '2020-07-18 03:00:58'),
(45, 'customers', 'customers', 'Customer', 'Customers', NULL, 'App\\Customer', NULL, NULL, NULL, 1, 0, '{\"order_column\":null,\"order_display_column\":null,\"order_direction\":\"asc\",\"default_search_key\":null}', '2020-07-18 03:19:22', '2020-07-18 03:19:22'),
(46, 'commitments', 'commitments', 'Commitment', 'Commitments', NULL, 'App\\Commitment', NULL, NULL, NULL, 1, 0, '{\"order_column\":null,\"order_display_column\":null,\"order_direction\":\"asc\",\"default_search_key\":null}', '2020-07-22 02:07:20', '2020-07-22 02:07:20'),
(47, 'website_sv', 'website-sv', 'Website Sv', 'Website Svs', NULL, 'App\\WebsiteSv', NULL, NULL, NULL, 1, 0, '{\"order_column\":null,\"order_display_column\":null,\"order_direction\":\"asc\",\"default_search_key\":null,\"scope\":null}', '2020-07-26 20:47:07', '2020-07-26 20:53:45'),
(48, 'website_svs', 'website-svs', 'Website Sv', 'Website Svs', NULL, 'App\\WebsiteSv', NULL, NULL, NULL, 1, 0, '{\"order_column\":null,\"order_display_column\":null,\"order_direction\":\"asc\",\"default_search_key\":null,\"scope\":null}', '2020-07-26 20:59:04', '2020-07-30 00:01:57');

-- --------------------------------------------------------

--
-- Cấu trúc bảng cho bảng `failed_jobs`
--

CREATE TABLE `failed_jobs` (
  `id` bigint(20) UNSIGNED NOT NULL,
  `connection` text COLLATE utf8mb4_unicode_ci NOT NULL,
  `queue` text COLLATE utf8mb4_unicode_ci NOT NULL,
  `payload` longtext COLLATE utf8mb4_unicode_ci NOT NULL,
  `exception` longtext COLLATE utf8mb4_unicode_ci NOT NULL,
  `failed_at` timestamp NOT NULL DEFAULT current_timestamp()
) ENGINE=InnoDB DEFAULT CHARSET=utf8mb4 COLLATE=utf8mb4_unicode_ci;

-- --------------------------------------------------------

--
-- Cấu trúc bảng cho bảng `menus`
--

CREATE TABLE `menus` (
  `id` int(10) UNSIGNED NOT NULL,
  `name` varchar(191) COLLATE utf8mb4_unicode_ci NOT NULL,
  `created_at` timestamp NULL DEFAULT NULL,
  `updated_at` timestamp NULL DEFAULT NULL
) ENGINE=InnoDB DEFAULT CHARSET=utf8mb4 COLLATE=utf8mb4_unicode_ci;

--
-- Đang đổ dữ liệu cho bảng `menus`
--

INSERT INTO `menus` (`id`, `name`, `created_at`, `updated_at`) VALUES
(1, 'admin', '2020-06-28 20:00:21', '2020-06-28 20:00:21'),
(5, 'main_menu', '2020-06-29 20:26:02', '2020-06-29 20:26:02');

-- --------------------------------------------------------

--
-- Cấu trúc bảng cho bảng `menu_items`
--

CREATE TABLE `menu_items` (
  `id` int(10) UNSIGNED NOT NULL,
  `menu_id` int(10) UNSIGNED DEFAULT NULL,
  `title` varchar(191) COLLATE utf8mb4_unicode_ci NOT NULL,
  `url` varchar(191) COLLATE utf8mb4_unicode_ci NOT NULL,
  `target` varchar(191) COLLATE utf8mb4_unicode_ci NOT NULL DEFAULT '_self',
  `icon_class` varchar(191) COLLATE utf8mb4_unicode_ci DEFAULT NULL,
  `color` varchar(191) COLLATE utf8mb4_unicode_ci DEFAULT NULL,
  `parent_id` int(11) DEFAULT NULL,
  `order` int(11) NOT NULL,
  `created_at` timestamp NULL DEFAULT NULL,
  `updated_at` timestamp NULL DEFAULT NULL,
  `route` varchar(191) COLLATE utf8mb4_unicode_ci DEFAULT NULL,
  `parameters` text COLLATE utf8mb4_unicode_ci DEFAULT NULL
) ENGINE=InnoDB DEFAULT CHARSET=utf8mb4 COLLATE=utf8mb4_unicode_ci;

--
-- Đang đổ dữ liệu cho bảng `menu_items`
--

INSERT INTO `menu_items` (`id`, `menu_id`, `title`, `url`, `target`, `icon_class`, `color`, `parent_id`, `order`, `created_at`, `updated_at`, `route`, `parameters`) VALUES
(1, 1, 'Dashboard', '', '_self', 'voyager-boat', NULL, NULL, 1, '2020-06-28 20:00:21', '2020-06-28 20:00:21', 'voyager.dashboard', NULL),
(2, 1, 'Media', '', '_self', 'voyager-images', NULL, NULL, 4, '2020-06-28 20:00:21', '2020-07-22 02:20:43', 'voyager.media.index', NULL),
(3, 1, 'Users', '', '_self', 'voyager-person', NULL, NULL, 3, '2020-06-28 20:00:21', '2020-06-28 20:00:21', 'voyager.users.index', NULL),
(4, 1, 'Roles', '', '_self', 'voyager-lock', NULL, NULL, 2, '2020-06-28 20:00:21', '2020-06-28 20:00:21', 'voyager.roles.index', NULL),
(5, 1, 'Tools', '', '_self', 'voyager-tools', NULL, NULL, 8, '2020-06-28 20:00:21', '2020-07-22 02:20:44', NULL, NULL),
(6, 1, 'Menu Builder', '', '_self', 'voyager-list', NULL, 5, 1, '2020-06-28 20:00:21', '2020-07-22 02:20:44', 'voyager.menus.index', NULL),
(7, 1, 'Database', '', '_self', 'voyager-data', NULL, 5, 2, '2020-06-28 20:00:21', '2020-07-22 02:20:44', 'voyager.database.index', NULL),
(8, 1, 'Compass', '', '_self', 'voyager-compass', NULL, 5, 3, '2020-06-28 20:00:21', '2020-07-22 02:20:44', 'voyager.compass.index', NULL),
(9, 1, 'BREAD', '', '_self', 'voyager-bread', NULL, 5, 4, '2020-06-28 20:00:21', '2020-07-22 02:20:44', 'voyager.bread.index', NULL),
(10, 1, 'Settings', '', '_self', 'voyager-settings', NULL, NULL, 9, '2020-06-28 20:00:21', '2020-07-22 02:20:44', 'voyager.settings.index', NULL),
(11, 1, 'Categories', '', '_self', 'voyager-categories', NULL, NULL, 7, '2020-06-28 20:00:22', '2020-07-22 02:20:43', 'voyager.categories.index', NULL),
(12, 1, 'Posts', '', '_self', 'voyager-news', NULL, NULL, 5, '2020-06-28 20:00:22', '2020-07-22 02:20:43', 'voyager.posts.index', NULL),
(13, 1, 'Pages', '', '_self', 'voyager-file-text', NULL, NULL, 6, '2020-06-28 20:00:22', '2020-07-22 02:20:43', 'voyager.pages.index', NULL),
(14, 1, 'Hooks', '', '_self', 'voyager-hook', NULL, 5, 5, '2020-06-28 20:00:23', '2020-07-22 02:20:44', 'voyager.hooks', NULL),
(16, 5, 'Trang chủ', '/', '_self', NULL, '#000000', NULL, 1, '2020-06-29 20:27:24', '2020-06-29 20:27:43', NULL, ''),
(18, 5, 'Dịch vụ', '/dich-vu', '_self', NULL, '#000000', NULL, 2, '2020-06-29 20:29:19', '2020-07-31 19:03:00', NULL, ''),
(19, 5, 'Sản phẩm của chúng tôi', '/san-pham-cua-chung-toi', '_self', NULL, '#000000', NULL, 3, '2020-06-29 20:29:55', '2020-07-27 21:09:17', NULL, ''),
(20, 5, 'Thư viện số', '/thu-vien-so', '_self', NULL, '#000000', NULL, 4, '2020-06-29 20:30:31', '2020-07-27 21:09:38', NULL, ''),
(22, 5, 'Liên hệ', '/lien-he', '_self', NULL, '#000000', NULL, 5, '2020-06-29 20:31:16', '2020-07-29 01:46:36', NULL, ''),
(23, 1, 'Products', '', '_self', NULL, NULL, NULL, 10, '2020-06-30 01:00:56', '2020-07-22 02:20:44', 'voyager.products.index', NULL),
(24, 1, 'Services', '', '_self', NULL, NULL, NULL, 11, '2020-06-30 21:47:16', '2020-07-22 02:20:44', 'voyager.services.index', NULL),
(25, 1, 'Banners', '', '_self', NULL, NULL, NULL, 13, '2020-07-04 03:07:03', '2020-07-26 21:22:55', 'voyager.banners.index', NULL),
(30, 1, 'Teams', '', '_self', NULL, NULL, NULL, 14, '2020-07-16 20:33:06', '2020-07-26 21:22:55', 'voyager.teams.index', NULL),
(31, 1, 'Customers', '', '_self', NULL, NULL, NULL, 15, '2020-07-18 03:19:22', '2020-07-26 21:22:55', 'voyager.customers.index', NULL),
(32, 5, 'Xây dựng và phát triển website', '/xay-dung-va-phat-trien-website', '_self', NULL, '#000000', 18, 1, '2020-07-22 01:29:57', '2020-07-27 21:07:19', NULL, ''),
(33, 5, 'Bộ nhận diện thương hiệu', '/bo-nhan-dien-thuong-hieu', '_self', NULL, '#000000', 18, 2, '2020-07-22 01:30:26', '2020-07-27 21:08:07', NULL, ''),
(34, 5, 'Truyền thông - Maketing', '/truyen-thong-marketing', '_self', NULL, '#000000', 18, 3, '2020-07-22 01:31:29', '2020-07-27 21:08:35', NULL, ''),
(36, 1, 'Commitments', '', '_self', NULL, NULL, NULL, 16, '2020-07-22 02:07:57', '2020-07-26 21:22:55', 'voyager.commitments.index', NULL),
(37, 5, 'Xây dựng ứng dụng di động', '/xay-dung-ung-dung-di-dong', '_self', NULL, '#000000', 18, 4, '2020-07-26 19:45:07', '2020-07-27 21:08:53', NULL, ''),
(39, 1, 'Detail Post Service', '', '_self', NULL, '#000000', NULL, 12, '2020-07-26 20:59:04', '2020-07-26 21:22:55', 'voyager.website-svs.index', 'null');

-- --------------------------------------------------------

--
-- Cấu trúc bảng cho bảng `migrations`
--

CREATE TABLE `migrations` (
  `id` int(10) UNSIGNED NOT NULL,
  `migration` varchar(191) COLLATE utf8mb4_unicode_ci NOT NULL,
  `batch` int(11) NOT NULL
) ENGINE=InnoDB DEFAULT CHARSET=utf8mb4 COLLATE=utf8mb4_unicode_ci;

--
-- Đang đổ dữ liệu cho bảng `migrations`
--

INSERT INTO `migrations` (`id`, `migration`, `batch`) VALUES
(1, '2014_10_12_000000_create_users_table', 1),
(2, '2016_01_01_000000_add_voyager_user_fields', 1),
(3, '2016_01_01_000000_create_data_types_table', 1),
(4, '2016_01_01_000000_create_pages_table', 1),
(5, '2016_01_01_000000_create_posts_table', 1),
(6, '2016_02_15_204651_create_categories_table', 1),
(7, '2016_05_19_173453_create_menu_table', 1),
(8, '2016_10_21_190000_create_roles_table', 1),
(9, '2016_10_21_190000_create_settings_table', 1),
(10, '2016_11_30_135954_create_permission_table', 1),
(11, '2016_11_30_141208_create_permission_role_table', 1),
(12, '2016_12_26_201236_data_types__add__server_side', 1),
(13, '2017_01_13_000000_add_route_to_menu_items_table', 1),
(14, '2017_01_14_005015_create_translations_table', 1),
(15, '2017_01_15_000000_make_table_name_nullable_in_permissions_table', 1),
(16, '2017_03_06_000000_add_controller_to_data_types_table', 1),
(17, '2017_04_11_000000_alter_post_nullable_fields_table', 1),
(18, '2017_04_21_000000_add_order_to_data_rows_table', 1),
(19, '2017_07_05_210000_add_policyname_to_data_types_table', 1),
(20, '2017_08_05_000000_add_group_to_settings_table', 1),
(21, '2017_11_26_013050_add_user_role_relationship', 1),
(22, '2017_11_26_015000_create_user_roles_table', 1),
(23, '2018_03_11_000000_add_user_settings', 1),
(24, '2018_03_14_000000_add_details_to_data_types_table', 1),
(25, '2018_03_16_000000_make_settings_value_nullable', 1),
(26, '2019_08_19_000000_create_failed_jobs_table', 1);

-- --------------------------------------------------------

--
-- Cấu trúc bảng cho bảng `pages`
--

CREATE TABLE `pages` (
  `id` int(10) UNSIGNED NOT NULL,
  `author_id` int(11) NOT NULL,
  `title` varchar(191) COLLATE utf8mb4_unicode_ci NOT NULL,
  `excerpt` text COLLATE utf8mb4_unicode_ci DEFAULT NULL,
  `body` text COLLATE utf8mb4_unicode_ci DEFAULT NULL,
  `image` varchar(191) COLLATE utf8mb4_unicode_ci DEFAULT NULL,
  `slug` varchar(191) COLLATE utf8mb4_unicode_ci NOT NULL,
  `meta_description` text COLLATE utf8mb4_unicode_ci DEFAULT NULL,
  `meta_keywords` text COLLATE utf8mb4_unicode_ci DEFAULT NULL,
  `status` enum('ACTIVE','INACTIVE') COLLATE utf8mb4_unicode_ci NOT NULL DEFAULT 'INACTIVE',
  `created_at` timestamp NULL DEFAULT NULL,
  `updated_at` timestamp NULL DEFAULT NULL
) ENGINE=InnoDB DEFAULT CHARSET=utf8mb4 COLLATE=utf8mb4_unicode_ci;

--
-- Đang đổ dữ liệu cho bảng `pages`
--

INSERT INTO `pages` (`id`, `author_id`, `title`, `excerpt`, `body`, `image`, `slug`, `meta_description`, `meta_keywords`, `status`, `created_at`, `updated_at`) VALUES
(1, 1, 'Hello World', 'Hang the jib grog grog blossom grapple dance the hempen jig gangway pressgang bilge rat to go on account lugger. Nelsons folly gabion line draught scallywag fire ship gaff fluke fathom case shot. Sea Legs bilge rat sloop matey gabion long clothes run a shot across the bow Gold Road cog league.', '<p>Hello World. Scallywag grog swab Cat o\'nine tails scuttle rigging hardtack cable nipper Yellow Jack. Handsomely spirits knave lad killick landlubber or just lubber deadlights chantey pinnace crack Jennys tea cup. Provost long clothes black spot Yellow Jack bilged on her anchor league lateen sail case shot lee tackle.</p>\r\n<p>Ballast spirits fluke topmast me quarterdeck schooner landlubber or just lubber gabion belaying pin. Pinnace stern galleon starboard warp carouser to go on account dance the hempen jig jolly boat measured fer yer chains. Man-of-war fire in the hole nipperkin handsomely doubloon barkadeer Brethren of the Coast gibbet driver squiffy.</p>', 'pages/June2020/DXIgDcpgCGVDbE08vFWJ.png', 'hello-world', 'Yar Meta Description', 'Keyword1, Keyword2', 'ACTIVE', '2020-06-28 20:00:22', '2020-06-29 03:00:41');

-- --------------------------------------------------------

--
-- Cấu trúc bảng cho bảng `permissions`
--

CREATE TABLE `permissions` (
  `id` bigint(20) UNSIGNED NOT NULL,
  `key` varchar(191) COLLATE utf8mb4_unicode_ci NOT NULL,
  `table_name` varchar(191) COLLATE utf8mb4_unicode_ci DEFAULT NULL,
  `created_at` timestamp NULL DEFAULT NULL,
  `updated_at` timestamp NULL DEFAULT NULL
) ENGINE=InnoDB DEFAULT CHARSET=utf8mb4 COLLATE=utf8mb4_unicode_ci;

--
-- Đang đổ dữ liệu cho bảng `permissions`
--

INSERT INTO `permissions` (`id`, `key`, `table_name`, `created_at`, `updated_at`) VALUES
(1, 'browse_admin', NULL, '2020-06-28 20:00:21', '2020-06-28 20:00:21'),
(2, 'browse_bread', NULL, '2020-06-28 20:00:21', '2020-06-28 20:00:21'),
(3, 'browse_database', NULL, '2020-06-28 20:00:21', '2020-06-28 20:00:21'),
(4, 'browse_media', NULL, '2020-06-28 20:00:21', '2020-06-28 20:00:21'),
(5, 'browse_compass', NULL, '2020-06-28 20:00:21', '2020-06-28 20:00:21'),
(6, 'browse_menus', 'menus', '2020-06-28 20:00:21', '2020-06-28 20:00:21'),
(7, 'read_menus', 'menus', '2020-06-28 20:00:21', '2020-06-28 20:00:21'),
(8, 'edit_menus', 'menus', '2020-06-28 20:00:21', '2020-06-28 20:00:21'),
(9, 'add_menus', 'menus', '2020-06-28 20:00:21', '2020-06-28 20:00:21'),
(10, 'delete_menus', 'menus', '2020-06-28 20:00:21', '2020-06-28 20:00:21'),
(11, 'browse_roles', 'roles', '2020-06-28 20:00:21', '2020-06-28 20:00:21'),
(12, 'read_roles', 'roles', '2020-06-28 20:00:21', '2020-06-28 20:00:21'),
(13, 'edit_roles', 'roles', '2020-06-28 20:00:21', '2020-06-28 20:00:21'),
(14, 'add_roles', 'roles', '2020-06-28 20:00:21', '2020-06-28 20:00:21'),
(15, 'delete_roles', 'roles', '2020-06-28 20:00:21', '2020-06-28 20:00:21'),
(16, 'browse_users', 'users', '2020-06-28 20:00:21', '2020-06-28 20:00:21'),
(17, 'read_users', 'users', '2020-06-28 20:00:21', '2020-06-28 20:00:21'),
(18, 'edit_users', 'users', '2020-06-28 20:00:21', '2020-06-28 20:00:21'),
(19, 'add_users', 'users', '2020-06-28 20:00:21', '2020-06-28 20:00:21'),
(20, 'delete_users', 'users', '2020-06-28 20:00:21', '2020-06-28 20:00:21'),
(21, 'browse_settings', 'settings', '2020-06-28 20:00:21', '2020-06-28 20:00:21'),
(22, 'read_settings', 'settings', '2020-06-28 20:00:21', '2020-06-28 20:00:21'),
(23, 'edit_settings', 'settings', '2020-06-28 20:00:21', '2020-06-28 20:00:21'),
(24, 'add_settings', 'settings', '2020-06-28 20:00:21', '2020-06-28 20:00:21'),
(25, 'delete_settings', 'settings', '2020-06-28 20:00:21', '2020-06-28 20:00:21'),
(26, 'browse_categories', 'categories', '2020-06-28 20:00:22', '2020-06-28 20:00:22'),
(27, 'read_categories', 'categories', '2020-06-28 20:00:22', '2020-06-28 20:00:22'),
(28, 'edit_categories', 'categories', '2020-06-28 20:00:22', '2020-06-28 20:00:22'),
(29, 'add_categories', 'categories', '2020-06-28 20:00:22', '2020-06-28 20:00:22'),
(30, 'delete_categories', 'categories', '2020-06-28 20:00:22', '2020-06-28 20:00:22'),
(31, 'browse_posts', 'posts', '2020-06-28 20:00:22', '2020-06-28 20:00:22'),
(32, 'read_posts', 'posts', '2020-06-28 20:00:22', '2020-06-28 20:00:22'),
(33, 'edit_posts', 'posts', '2020-06-28 20:00:22', '2020-06-28 20:00:22'),
(34, 'add_posts', 'posts', '2020-06-28 20:00:22', '2020-06-28 20:00:22'),
(35, 'delete_posts', 'posts', '2020-06-28 20:00:22', '2020-06-28 20:00:22'),
(36, 'browse_pages', 'pages', '2020-06-28 20:00:22', '2020-06-28 20:00:22'),
(37, 'read_pages', 'pages', '2020-06-28 20:00:22', '2020-06-28 20:00:22'),
(38, 'edit_pages', 'pages', '2020-06-28 20:00:22', '2020-06-28 20:00:22'),
(39, 'add_pages', 'pages', '2020-06-28 20:00:22', '2020-06-28 20:00:22'),
(40, 'delete_pages', 'pages', '2020-06-28 20:00:22', '2020-06-28 20:00:22'),
(41, 'browse_hooks', NULL, '2020-06-28 20:00:23', '2020-06-28 20:00:23'),
(42, 'browse_products', 'products', '2020-06-30 01:00:56', '2020-06-30 01:00:56'),
(43, 'read_products', 'products', '2020-06-30 01:00:56', '2020-06-30 01:00:56'),
(44, 'edit_products', 'products', '2020-06-30 01:00:56', '2020-06-30 01:00:56'),
(45, 'add_products', 'products', '2020-06-30 01:00:56', '2020-06-30 01:00:56'),
(46, 'delete_products', 'products', '2020-06-30 01:00:56', '2020-06-30 01:00:56'),
(47, 'browse_services', 'services', '2020-06-30 21:47:16', '2020-06-30 21:47:16'),
(48, 'read_services', 'services', '2020-06-30 21:47:16', '2020-06-30 21:47:16'),
(49, 'edit_services', 'services', '2020-06-30 21:47:16', '2020-06-30 21:47:16'),
(50, 'add_services', 'services', '2020-06-30 21:47:16', '2020-06-30 21:47:16'),
(51, 'delete_services', 'services', '2020-06-30 21:47:16', '2020-06-30 21:47:16'),
(52, 'browse_banners', 'banners', '2020-07-04 03:07:03', '2020-07-04 03:07:03'),
(53, 'read_banners', 'banners', '2020-07-04 03:07:03', '2020-07-04 03:07:03'),
(54, 'edit_banners', 'banners', '2020-07-04 03:07:03', '2020-07-04 03:07:03'),
(55, 'add_banners', 'banners', '2020-07-04 03:07:03', '2020-07-04 03:07:03'),
(56, 'delete_banners', 'banners', '2020-07-04 03:07:03', '2020-07-04 03:07:03'),
(57, 'browse_customerFb', 'customerFb', '2020-07-06 21:13:11', '2020-07-06 21:13:11'),
(58, 'read_customerFb', 'customerFb', '2020-07-06 21:13:11', '2020-07-06 21:13:11'),
(59, 'edit_customerFb', 'customerFb', '2020-07-06 21:13:11', '2020-07-06 21:13:11'),
(60, 'add_customerFb', 'customerFb', '2020-07-06 21:13:11', '2020-07-06 21:13:11'),
(61, 'delete_customerFb', 'customerFb', '2020-07-06 21:13:11', '2020-07-06 21:13:11'),
(77, 'browse_teams', 'teams', '2020-07-16 20:33:06', '2020-07-16 20:33:06'),
(78, 'read_teams', 'teams', '2020-07-16 20:33:06', '2020-07-16 20:33:06'),
(79, 'edit_teams', 'teams', '2020-07-16 20:33:06', '2020-07-16 20:33:06'),
(80, 'add_teams', 'teams', '2020-07-16 20:33:06', '2020-07-16 20:33:06'),
(81, 'delete_teams', 'teams', '2020-07-16 20:33:06', '2020-07-16 20:33:06'),
(82, 'browse_customers', 'customers', '2020-07-18 03:19:22', '2020-07-18 03:19:22'),
(83, 'read_customers', 'customers', '2020-07-18 03:19:22', '2020-07-18 03:19:22'),
(84, 'edit_customers', 'customers', '2020-07-18 03:19:22', '2020-07-18 03:19:22'),
(85, 'add_customers', 'customers', '2020-07-18 03:19:22', '2020-07-18 03:19:22'),
(86, 'delete_customers', 'customers', '2020-07-18 03:19:22', '2020-07-18 03:19:22'),
(87, 'browse_commitments', 'commitments', '2020-07-22 02:07:20', '2020-07-22 02:07:20'),
(88, 'read_commitments', 'commitments', '2020-07-22 02:07:20', '2020-07-22 02:07:20'),
(89, 'edit_commitments', 'commitments', '2020-07-22 02:07:20', '2020-07-22 02:07:20'),
(90, 'add_commitments', 'commitments', '2020-07-22 02:07:20', '2020-07-22 02:07:20'),
(91, 'delete_commitments', 'commitments', '2020-07-22 02:07:20', '2020-07-22 02:07:20'),
(92, 'browse_website_sv', 'website_sv', '2020-07-26 20:47:07', '2020-07-26 20:47:07'),
(93, 'read_website_sv', 'website_sv', '2020-07-26 20:47:07', '2020-07-26 20:47:07'),
(94, 'edit_website_sv', 'website_sv', '2020-07-26 20:47:07', '2020-07-26 20:47:07'),
(95, 'add_website_sv', 'website_sv', '2020-07-26 20:47:07', '2020-07-26 20:47:07'),
(96, 'delete_website_sv', 'website_sv', '2020-07-26 20:47:07', '2020-07-26 20:47:07'),
(97, 'browse_website_svs', 'website_svs', '2020-07-26 20:59:04', '2020-07-26 20:59:04'),
(98, 'read_website_svs', 'website_svs', '2020-07-26 20:59:04', '2020-07-26 20:59:04'),
(99, 'edit_website_svs', 'website_svs', '2020-07-26 20:59:04', '2020-07-26 20:59:04'),
(100, 'add_website_svs', 'website_svs', '2020-07-26 20:59:04', '2020-07-26 20:59:04'),
(101, 'delete_website_svs', 'website_svs', '2020-07-26 20:59:04', '2020-07-26 20:59:04');

-- --------------------------------------------------------

--
-- Cấu trúc bảng cho bảng `permission_role`
--

CREATE TABLE `permission_role` (
  `permission_id` bigint(20) UNSIGNED NOT NULL,
  `role_id` bigint(20) UNSIGNED NOT NULL
) ENGINE=InnoDB DEFAULT CHARSET=utf8mb4 COLLATE=utf8mb4_unicode_ci;

--
-- Đang đổ dữ liệu cho bảng `permission_role`
--

INSERT INTO `permission_role` (`permission_id`, `role_id`) VALUES
(1, 1),
(2, 1),
(3, 1),
(4, 1),
(5, 1),
(6, 1),
(7, 1),
(8, 1),
(9, 1),
(10, 1),
(11, 1),
(12, 1),
(13, 1),
(14, 1),
(15, 1),
(16, 1),
(17, 1),
(18, 1),
(19, 1),
(20, 1),
(21, 1),
(22, 1),
(23, 1),
(24, 1),
(25, 1),
(26, 1),
(27, 1),
(28, 1),
(29, 1),
(30, 1),
(31, 1),
(32, 1),
(33, 1),
(34, 1),
(35, 1),
(37, 1),
(40, 1),
(42, 1),
(43, 1),
(44, 1),
(45, 1),
(46, 1),
(47, 1),
(48, 1),
(49, 1),
(50, 1),
(51, 1),
(52, 1),
(53, 1),
(54, 1),
(55, 1),
(56, 1),
(57, 1),
(58, 1),
(59, 1),
(60, 1),
(61, 1),
(77, 1),
(78, 1),
(79, 1),
(80, 1),
(81, 1),
(82, 1),
(83, 1),
(84, 1),
(85, 1),
(86, 1),
(87, 1),
(88, 1),
(89, 1),
(90, 1),
(91, 1),
(92, 1),
(93, 1),
(94, 1),
(95, 1),
(96, 1),
(97, 1),
(98, 1),
(99, 1),
(100, 1),
(101, 1);

-- --------------------------------------------------------

--
-- Cấu trúc bảng cho bảng `posts`
--

CREATE TABLE `posts` (
  `id` int(10) UNSIGNED NOT NULL,
  `author_id` int(11) NOT NULL,
  `category_id` int(11) DEFAULT NULL,
  `title` varchar(191) COLLATE utf8mb4_unicode_ci NOT NULL,
  `seo_title` varchar(191) COLLATE utf8mb4_unicode_ci DEFAULT NULL,
  `excerpt` text COLLATE utf8mb4_unicode_ci DEFAULT NULL,
  `body` text COLLATE utf8mb4_unicode_ci NOT NULL,
  `image` varchar(191) COLLATE utf8mb4_unicode_ci DEFAULT NULL,
  `slug` varchar(191) COLLATE utf8mb4_unicode_ci NOT NULL,
  `meta_description` text COLLATE utf8mb4_unicode_ci DEFAULT NULL,
  `meta_keywords` text COLLATE utf8mb4_unicode_ci DEFAULT NULL,
  `status` enum('PUBLISHED','DRAFT','PENDING') COLLATE utf8mb4_unicode_ci NOT NULL DEFAULT 'DRAFT',
  `featured` tinyint(1) NOT NULL DEFAULT 0,
  `created_at` timestamp NULL DEFAULT NULL,
  `updated_at` timestamp NULL DEFAULT NULL
) ENGINE=InnoDB DEFAULT CHARSET=utf8mb4 COLLATE=utf8mb4_unicode_ci;

--
-- Đang đổ dữ liệu cho bảng `posts`
--

INSERT INTO `posts` (`id`, `author_id`, `category_id`, `title`, `seo_title`, `excerpt`, `body`, `image`, `slug`, `meta_description`, `meta_keywords`, `status`, `featured`, `created_at`, `updated_at`) VALUES
(1, 1, 1, 'KennaTech cung cấp dịch vụ thiết kế website trọn gói, chuẩn seo giá rẻ', NULL, 'This is the excerpt for the Lorem Ipsum Post', '<h2 style=\"box-sizing: border-box; margin-top: 0px; margin-bottom: 0.5rem; line-height: 1.3; font-size: 1.6em; font-family: Muli, Arial, sans-serif; text-align: justify;\">V&igrave; sao bạn n&ecirc;n thiết kế website b&aacute;n h&agrave;ng?</h2>\r\n<p style=\"box-sizing: border-box; margin-top: 0px; margin-bottom: 1rem; font-family: Muli, Arial, sans-serif; font-size: 15px; text-align: justify;\">Hầu hết những thương hiệu lớn hiện nay đều sở hữu những website b&aacute;n h&agrave;ng nổi tiếng v&agrave; sở hữu doanh thu khủng. Bạn cũng c&oacute; thể l&agrave;m được như họ nếu bạn sở hữu website b&aacute;n h&agrave;ng chuẩn SEO v&agrave; chuy&ecirc;n nghiệp.</p>\r\n<h3 style=\"box-sizing: border-box; margin-top: 0px; margin-bottom: 0.5rem; line-height: 1.2; font-size: 1.25em; font-family: Muli, Arial, sans-serif; text-align: justify;\"><strong style=\"box-sizing: border-box;\">Tăng trưởng doanh thu li&ecirc;n tục, đều đặn</strong></h3>\r\n<p style=\"box-sizing: border-box; margin-top: 0px; margin-bottom: 1rem; font-family: Muli, Arial, sans-serif; font-size: 15px; text-align: justify;\"><span style=\"box-sizing: border-box;\">Website b&aacute;n h&agrave;ng được hoạt động hiệu quả th&ocirc;ng qua việc kết nối với c&aacute;c trang thương mại điện tử c&oacute; số lượng kh&aacute;ch h&agrave;ng truy cập cao nhất hiện nay như shopee, tiki,&hellip;B&ecirc;n cạnh đ&oacute;, thường xuy&ecirc;n cập nhập những ch&iacute;nh s&aacute;ch giảm gi&aacute;, những voucher gi&uacute;p thu h&uacute;t kh&aacute;ch h&agrave;ng hiệu quả.&nbsp;</span></p>\r\n<p style=\"box-sizing: border-box; margin-top: 0px; margin-bottom: 1rem; font-family: Muli, Arial, sans-serif; font-size: 15px; text-align: justify;\"><span style=\"box-sizing: border-box;\">Hiện nay c&aacute;c website b&aacute;n h&agrave;ng thường cập đ&aacute;nh v&agrave;o t&acirc;m l&yacute; t&igrave;m hiểu c&aacute;c review trước khi quyết định mua h&agrave;ng. Ch&iacute;nh v&igrave; thế, c&aacute;c website b&aacute;n h&agrave;ng sẽ ch&uacute; trọng v&agrave;o c&aacute;c t&iacute;nh năng review, từ đ&oacute; gợi &yacute; đến c&aacute;c sản phẩm của m&igrave;nh v&agrave; tạo dựng được niềm tin nơi kh&aacute;ch h&agrave;ng.</span></p>\r\n<figure id=\"attachment_930\" class=\"wp-caption aligncenter\" style=\"box-sizing: border-box; margin: 0px auto 1.5em; clear: both; max-width: 100%; font-family: Muli, Arial, sans-serif; font-size: 15px; width: 616px;\" aria-describedby=\"caption-attachment-930\"><img class=\"wp-image-930\" style=\"box-sizing: border-box; vertical-align: middle; border-style: none; max-width: 100%; height: auto; display: block; margin-left: auto; margin-right: auto;\" src=\"https://univn.vn/wp-content/uploads/2020/06/thiet-ke-website-ban-hang.png\" sizes=\"(max-width: 616px) 100vw, 616px\" srcset=\"https://univn.vn/wp-content/uploads/2020/06/thiet-ke-website-ban-hang.png 616w, https://univn.vn/wp-content/uploads/2020/06/thiet-ke-website-ban-hang-300x167.png 300w, https://univn.vn/wp-content/uploads/2020/06/thiet-ke-website-ban-hang-370x205.png 370w\" alt=\"thiết kế website b&aacute;n h&agrave;ng\" width=\"616\" height=\"342\" />\r\n<figcaption id=\"caption-attachment-930\" class=\"wp-caption-text\" style=\"box-sizing: border-box; margin: 0.8075em 0px; text-align: center;\">thiết kế website b&aacute;n h&agrave;ng</figcaption>\r\n</figure>\r\n<p style=\"box-sizing: border-box; margin-top: 0px; margin-bottom: 1rem; font-family: Muli, Arial, sans-serif; font-size: 15px; text-align: justify;\"><span style=\"box-sizing: border-box;\">Một t&igrave;nh năng kh&aacute;c v&ocirc; c&ugrave;ng hữu &iacute;ch cho người kinh doanh l&agrave; c&aacute;c trang web b&aacute;n h&agrave;ng sẽ thường xuy&ecirc;n b&aacute;o c&aacute;o số lượng h&agrave;ng h&oacute;a b&aacute;n được, lợi nhuận, số tồn kho,.. hay thống k&ecirc; cụ thể những nh&oacute;m nhu cầu thực tế m&agrave; kh&aacute;ch h&agrave;ng quan t&acirc;m nhất gi&uacute;p bạn tăng hiệu quả b&aacute;n h&agrave;ng.&nbsp;</span></p>\r\n<p style=\"box-sizing: border-box; margin-top: 0px; margin-bottom: 1rem; font-family: Muli, Arial, sans-serif; font-size: 15px; text-align: justify;\"><span style=\"box-sizing: border-box;\">Ngo&agrave;i ra, c&aacute;c website b&aacute;n h&agrave;ng c&ograve;n gi&uacute;p hỗ trợ c&aacute;c hoạt động marketing th&ocirc;ng minh trực tuyến như tạo c&aacute;c nền tảng SEO, li&ecirc;n kết với c&aacute;c c&ocirc;ng cụ quảng c&aacute;o,&hellip;</span></p>\r\n<h3 style=\"box-sizing: border-box; margin-top: 0px; margin-bottom: 0.5rem; line-height: 1.2; font-size: 1.25em; font-family: Muli, Arial, sans-serif; text-align: justify;\"><strong style=\"box-sizing: border-box;\">Quản l&yacute; kinh doanh b&aacute;n h&agrave;ng mọi nơi, mọi l&uacute;c</strong></h3>\r\n<p style=\"box-sizing: border-box; margin-top: 0px; margin-bottom: 1rem; font-family: Muli, Arial, sans-serif; font-size: 15px; text-align: justify;\"><span style=\"box-sizing: border-box;\">Chỉ bằng một chiếc điện thoại c&oacute; kết nối internet l&agrave; bạn c&oacute; thể tạo mới, xử l&yacute; mọi đơn h&agrave;ng, theo d&otilde;i h&agrave;nh tr&igrave;nh vận chuyển tr&ecirc;n website,.. chỉ bằng một thao t&aacute;c nhỏ ở bất k&igrave; đ&acirc;u.&nbsp;</span></p>\r\n<p style=\"box-sizing: border-box; margin-top: 0px; margin-bottom: 1rem; font-family: Muli, Arial, sans-serif; font-size: 15px; text-align: justify;\"><span style=\"box-sizing: border-box;\">Hơn thế, bạn c&oacute; thể ph&acirc;n t&iacute;ch được c&aacute;c th&ocirc;ng số của hoạt động b&aacute;n h&agrave;ng như doanh thu, hiệu quả kinh doanh, hiệu suất hoạt động của nh&acirc;n vi&ecirc;n,&hellip; chỉ bằng một thiết bị điện tử.&nbsp;</span></p>\r\n<p style=\"box-sizing: border-box; margin-top: 0px; margin-bottom: 1rem; font-family: Muli, Arial, sans-serif; font-size: 15px; text-align: justify;\"><span style=\"box-sizing: border-box;\">Một tiện &iacute;ch nữa được người d&ugrave;ng cực kỳ h&agrave;i l&ograve;ng l&agrave; việc thường xuy&ecirc;n được thường xuy&ecirc;n được cập nhập c&aacute;c trạng th&aacute;i của hoạt động kinh doanh, những th&ocirc;ng b&aacute;o từ hệ thống nhanh ch&oacute;ng nhất.</span></p>\r\n<h3 style=\"box-sizing: border-box; margin-top: 0px; margin-bottom: 0.5rem; line-height: 1.2; font-size: 1.25em; font-family: Muli, Arial, sans-serif; text-align: justify;\"><strong style=\"box-sizing: border-box;\">Thiết kế web b&aacute;n h&agrave;ng c&oacute; giao diện th&acirc;n thiện, sử dụng dễ d&agrave;ng</strong></h3>\r\n<p style=\"box-sizing: border-box; margin-top: 0px; margin-bottom: 1rem; font-family: Muli, Arial, sans-serif; font-size: 15px; text-align: justify;\"><span style=\"box-sizing: border-box;\">Giao diện c&aacute;c website được t&iacute;ch hợp theo hướng dễ sử dụng, dễ quản l&yacute; d&agrave;nh cho người b&aacute;n h&agrave;ng v&agrave; th&acirc;n thiện với người mua h&agrave;ng gi&uacute;p mọi người dễ d&agrave;ng nắm bắt được c&aacute;c th&ocirc;ng tin v&agrave; đạt hiệu quả kinh doanh cao nhất.</span></p>\r\n<h3 style=\"box-sizing: border-box; margin-top: 0px; margin-bottom: 0.5rem; line-height: 1.2; font-size: 1.25em; font-family: Muli, Arial, sans-serif; text-align: justify;\"><strong style=\"box-sizing: border-box;\">Tiếp cận hơn 60% người mua h&agrave;ng trực tuyến tr&ecirc;n website</strong></h3>\r\n<p style=\"box-sizing: border-box; margin-top: 0px; margin-bottom: 1rem; font-family: Muli, Arial, sans-serif; font-size: 15px; text-align: justify;\"><span style=\"box-sizing: border-box;\">Hiện nay, c&oacute; rất nhiều k&ecirc;nh b&aacute;n h&agrave;ng qua c&aacute;c mạng x&atilde; hội như facebook, zalo,.. tuy nhi&ecirc;n, do việc rao b&aacute;n c&aacute;c sản phẩm ồ ạt, kh&ocirc;ng kiểm so&aacute;t l&agrave;m người ti&ecirc;u d&ugrave;ng chưa đặt nhiều niềm tin qua c&aacute;c k&ecirc;nh mua b&aacute;n n&agrave;y. Ch&iacute;nh v&igrave; vậy, tại một cuộc khảo s&aacute;t nhỏ, kết quả chỉ ra rằng 60% kh&aacute;ch h&agrave;ng thường lựa chọn h&igrave;nh thức mua h&agrave;ng trực tuyến tr&ecirc;n website v&igrave; vậy đ&acirc;y vẫn l&agrave; k&ecirc;nh mua b&aacute;n c&oacute; thể đem lại lợi nhuận cao cho người kinh doanh</span><span style=\"box-sizing: border-box;\">.</span></p>\r\n<figure id=\"attachment_931\" class=\"wp-caption aligncenter\" style=\"box-sizing: border-box; margin: 0px auto 1.5em; clear: both; max-width: 100%; font-family: Muli, Arial, sans-serif; font-size: 15px; width: 640px;\" aria-describedby=\"caption-attachment-931\"><img class=\"wp-image-931\" style=\"box-sizing: border-box; vertical-align: middle; border-style: none; max-width: 100%; height: auto; display: block; margin-left: auto; margin-right: auto;\" src=\"https://univn.vn/wp-content/uploads/2020/06/dich-vu-thiet-ke-web-chuan-seo.jpg\" sizes=\"(max-width: 640px) 100vw, 640px\" srcset=\"https://univn.vn/wp-content/uploads/2020/06/dich-vu-thiet-ke-web-chuan-seo.jpg 740w, https://univn.vn/wp-content/uploads/2020/06/dich-vu-thiet-ke-web-chuan-seo-300x139.jpg 300w, https://univn.vn/wp-content/uploads/2020/06/dich-vu-thiet-ke-web-chuan-seo-370x171.jpg 370w\" alt=\"dịch vụ thiết kế web chuẩn SEO\" width=\"640\" height=\"296\" />\r\n<figcaption id=\"caption-attachment-931\" class=\"wp-caption-text\" style=\"box-sizing: border-box; margin: 0.8075em 0px; text-align: center;\">dịch vụ thiết kế web chuẩn SEO</figcaption>\r\n</figure>', 'posts/post1.jpg', 'kennatech-cung-cap-dich-vu-thiet-ke-website-tron-goi-chuan-seo-gia-re', 'This is the meta description', 'keyword1, keyword2, keyword3', 'PUBLISHED', 0, '2020-06-28 20:00:22', '2020-07-26 18:40:33'),
(2, 1, 1, 'Trang chủ là gì? Chức năng và tầm quan trọng của homepage với website', NULL, 'This is the excerpt for the sample Post', '<p>This is the body for the sample post, which includes the body.</p>\r\n<h2>We can use all kinds of format!</h2>\r\n<p>And include a bunch of other stuff.</p>', 'posts/post2.jpg', 'trang-chu-la-gi-chuc-nang-va-tam-quan-trong-cua-homepage-voi-website', 'Meta Description for sample post', 'keyword1, keyword2, keyword3', 'PUBLISHED', 1, '2020-06-28 20:00:22', '2020-07-24 11:14:30'),
(3, 1, 1, '6+ Công cụ kiểm tra tốc độ website nhanh và chính xác nhất!', NULL, 'This is the excerpt for the latest post', '<p>This is the body for the latest post</p>', 'posts/post3.jpg', '6-cong-cu-kiem-tra-toc-do-website-nhanh-va-chinh-xac-nhat', 'This is the meta description', 'keyword1, keyword2, keyword3', 'PUBLISHED', 0, '2020-06-28 20:00:22', '2020-07-24 11:14:52'),
(4, 1, 1, '12 công cụ đánh giá Website hữu ích nhất hiện nay!', NULL, 'Reef sails nipperkin bring a spring upon her cable coffer jury mast spike marooned Pieces of Eight poop deck pillage. Clipper driver coxswain galleon hempen halter come about pressgang gangplank boatswain swing the lead. Nipperkin yard skysail swab lanyard Blimey bilge water ho quarter Buccaneer.', '<p>Swab deadlights Buccaneer fire ship square-rigged dance the hempen jig weigh anchor cackle fruit grog furl. Crack Jennys tea cup chase guns pressgang hearties spirits hogshead Gold Road six pounders fathom measured fer yer chains. Main sheet provost come about trysail barkadeer crimp scuttle mizzenmast brig plunder.</p>\r\n<p>Mizzen league keelhaul galleon tender cog chase Barbary Coast doubloon crack Jennys tea cup. Blow the man down lugsail fire ship pinnace cackle fruit line warp Admiral of the Black strike colors doubloon. Tackle Jack Ketch come about crimp rum draft scuppers run a shot across the bow haul wind maroon.</p>\r\n<p>Interloper heave down list driver pressgang holystone scuppers tackle scallywag bilged on her anchor. Jack Tar interloper draught grapple mizzenmast hulk knave cable transom hogshead. Gaff pillage to go on account grog aft chase guns piracy yardarm knave clap of thunder.</p>', 'posts/post4.jpg', '12-cong-cu-danh-gia-website-huu-ich-nhat-hien-nay', 'this be a meta descript', 'keyword1, keyword2, keyword3', 'PUBLISHED', 0, '2020-06-28 20:00:22', '2020-07-24 11:15:20'),
(5, 1, 1, 'SSL là gì? Chứng chỉ SSL là gì? Chúng hoạt động như thế nào?', NULL, NULL, '<p style=\"box-sizing: border-box; margin-top: 0px; margin-bottom: 1rem; font-family: Muli, Arial, sans-serif; font-size: 15px;\">SSL l&agrave; một giao thức quan trọng kh&ocirc;ng thể thiếu khi bạn thiết kế, sử dụng website. Nhưng kh&ocirc;ng phải ai trong ch&uacute;ng ta cũng biết SSL l&agrave; g&igrave;? Giao thức n&agrave;y hoạt động như thế n&agrave;o? Sở hữu chứng chỉ SSL, website của bạn sẽ nhận được g&igrave;?</p>\r\n<figure id=\"attachment_832\" class=\"wp-caption aligncenter\" style=\"box-sizing: border-box; margin: 0px auto 1.5em; clear: both; max-width: 100%; font-family: Muli, Arial, sans-serif; font-size: 15px; width: 593px;\" aria-describedby=\"caption-attachment-832\"><img class=\"wp-image-832 size-full\" style=\"box-sizing: border-box; vertical-align: middle; border-style: none; max-width: 100%; height: auto; display: block; margin-left: auto; margin-right: auto;\" src=\"https://univn.vn/wp-content/uploads/2020/02/ssl-la-gi.jpg\" sizes=\"(max-width: 593px) 100vw, 593px\" srcset=\"https://univn.vn/wp-content/uploads/2020/02/ssl-la-gi.jpg 593w, https://univn.vn/wp-content/uploads/2020/02/ssl-la-gi-300x206.jpg 300w, https://univn.vn/wp-content/uploads/2020/02/ssl-la-gi-370x254.jpg 370w\" alt=\"ssl l&agrave; g&igrave;\" width=\"593\" height=\"407\" />\r\n<figcaption id=\"caption-attachment-832\" class=\"wp-caption-text\" style=\"box-sizing: border-box; margin: 0.8075em 0px; text-align: center;\">ssl l&agrave; g&igrave;</figcaption>\r\n</figure>\r\n<h2 style=\"box-sizing: border-box; margin-top: 0px; margin-bottom: 0.5rem; line-height: 1.3; font-size: 1.6em; font-family: Muli, Arial, sans-serif;\"><strong style=\"box-sizing: border-box;\">SSL l&agrave; g&igrave;?&nbsp;</strong></h2>\r\n<p style=\"box-sizing: border-box; margin-top: 0px; margin-bottom: 1rem; font-family: Muli, Arial, sans-serif; font-size: 15px;\"><span style=\"box-sizing: border-box;\">Bảo mật SSL&nbsp;</span><span style=\"box-sizing: border-box;\">(</span><span style=\"box-sizing: border-box;\">Secure Sockets Layer)</span><span style=\"box-sizing: border-box;\">&nbsp;l&agrave; viết tắt của Lớp cổng bảo mật. SSL giữ an to&agrave;n cho kết nối internet, bảo mật c&aacute;c dữ liệu ri&ecirc;ng tư (th&ocirc;ng tin c&aacute; nh&acirc;n, th&ocirc;ng tin quan trọng&hellip;) khi gửi đi v&agrave; nhận được. Ngăn chặn c&aacute;c hacker x&acirc;m nhập, chỉnh sửa dữ liệu qua đường truyền.&nbsp;</span></p>\r\n<h3 style=\"box-sizing: border-box; margin-top: 0px; margin-bottom: 0.5rem; line-height: 1.2; font-size: 1.25em; font-family: Muli, Arial, sans-serif;\"><em style=\"box-sizing: border-box;\">TLS l&agrave; g&igrave;?</em></h3>\r\n<p style=\"box-sizing: border-box; margin-top: 0px; margin-bottom: 1rem; font-family: Muli, Arial, sans-serif; font-size: 15px;\"><span style=\"box-sizing: border-box;\">TLS (Transport Layer Security) l&agrave; một phi&ecirc;n bản cập nhật của SSL, n&oacute; được n&acirc;ng cấp an to&agrave;n hơn. Mọi người vẫn gọi chứng chỉ bảo mật của m&igrave;nh l&agrave; SSL v&igrave; đ&acirc;y l&agrave; thuật ngữ được sử dụng phổ biến hơn, nhưng khi bạn mua SSL từ DigiCert, bạn thực sự đang mua chứng chỉ TLS cập nhật nhất với t&ugrave;y chọn m&atilde; h&oacute;a ECC, RSA hoặc DSA.</span></p>\r\n<h3 style=\"box-sizing: border-box; margin-top: 0px; margin-bottom: 0.5rem; line-height: 1.2; font-size: 1.25em; font-family: Muli, Arial, sans-serif;\"><strong style=\"box-sizing: border-box;\"><em style=\"box-sizing: border-box;\">HTTPS l&agrave; g&igrave;?</em></strong></h3>\r\n<p style=\"box-sizing: border-box; margin-top: 0px; margin-bottom: 1rem; font-family: Muli, Arial, sans-serif; font-size: 15px;\"><span style=\"box-sizing: border-box;\">HTTPS (Hypertext Transfer Protocol Secure) xuất hiện trong URL khi một trang web được bảo mật bởi chứng chỉ SSL. C&aacute;c chi tiết của chứng chỉ sẽ bao gồm cơ quan cấp v&agrave; t&ecirc;n c&ocirc;ng ty sở hữu trang web. Khi muốn kiểm tra, bạn chỉ cần nhấp v&agrave;o biểu tượng kho&aacute; tr&ecirc;n thanh URL của tr&igrave;nh duyệt.</span></p>\r\n<figure id=\"attachment_236\" class=\"wp-caption aligncenter\" style=\"box-sizing: border-box; margin: 0px auto 1.5em; clear: both; max-width: 100%; font-family: Muli, Arial, sans-serif; font-size: 15px; width: 600px;\" aria-describedby=\"caption-attachment-236\"><img class=\"wp-image-236\" style=\"box-sizing: border-box; vertical-align: middle; border-style: none; max-width: 100%; height: auto; display: block; margin-left: auto; margin-right: auto;\" src=\"https://univn.vn/wp-content/uploads/2020/02/HTTP-vs-HTTPS-speed-test.jpg\" sizes=\"(max-width: 600px) 100vw, 600px\" srcset=\"https://univn.vn/wp-content/uploads/2020/02/HTTP-vs-HTTPS-speed-test.jpg 670w, https://univn.vn/wp-content/uploads/2020/02/HTTP-vs-HTTPS-speed-test-300x200.jpg 300w\" alt=\"https kết nối nhanh hơn http\" width=\"600\" height=\"397\" />\r\n<figcaption id=\"caption-attachment-236\" class=\"wp-caption-text\" style=\"box-sizing: border-box; margin: 0.8075em 0px; text-align: center;\">https kết nối nhanh hơn http</figcaption>\r\n</figure>\r\n<h2 style=\"box-sizing: border-box; margin-top: 0px; margin-bottom: 0.5rem; line-height: 1.3; font-size: 1.6em; font-family: Muli, Arial, sans-serif;\"><strong style=\"box-sizing: border-box;\">Chứng chỉ SSL l&agrave; g&igrave;? Ch&uacute;ng tạo kết nối an to&agrave;n cho web như thế n&agrave;o?</strong></h2>\r\n<p style=\"box-sizing: border-box; margin-top: 0px; margin-bottom: 1rem; font-family: Muli, Arial, sans-serif; font-size: 15px;\"><span style=\"box-sizing: border-box;\">Chứng chỉ SSL được c&agrave;i đặt ở ph&iacute;a m&aacute;y chủ nhưng c&oacute; c&aacute;c t&iacute;n hiệu trực quan tr&ecirc;n tr&igrave;nh duyệt c&oacute; thể cho người d&ugrave;ng biết rằng họ được bảo vệ bởi SSL. Đầu ti&ecirc;n, nếu SSL c&oacute; mặt tr&ecirc;n trang web, người d&ugrave;ng sẽ thấy https: // ở đầu địa chỉ web thay v&igrave; http: // (chữ &ldquo;s&rdquo; phụ l&agrave; &ldquo;an to&agrave;n&rdquo;). T&ugrave;y thuộc v&agrave;o mức độ x&aacute;c nhận m&agrave; chứng chỉ được cấp cho doanh nghiệp, kết nối an to&agrave;n c&oacute; thể được biểu thị bằng sự hiện diện của biểu tượng ổ kh&oacute;a hoặc t&iacute;n hiệu thanh địa chỉ m&agrave;u xanh l&aacute; c&acirc;y.</span></p>\r\n<p style=\"box-sizing: border-box; margin-top: 0px; margin-bottom: 1rem; font-family: Muli, Arial, sans-serif; font-size: 15px;\"><span style=\"box-sizing: border-box;\">Khi c&agrave;i đặt chứng chỉ SSL tức l&agrave; website của bạn đ&atilde; được k&iacute;ch hoạt giao thức SSL/TLS. Ch&uacute;ng c&oacute; nhiệm vụ m&atilde; ho&aacute; th&ocirc;ng tin để tạo một tấm chắn an to&agrave;n, bảo vệ website trước sự x&acirc;m nhập của tin tặc v&agrave; c&aacute;c m&atilde; độc. SSL sẽ hoạt động tr&ecirc;n giao thức TCP điều khiển truyền, cho ph&eacute;p c&aacute;c lớp giao thức kh&aacute;c dưới SSL hoạt động b&igrave;nh thường.</span></p>\r\n<p style=\"box-sizing: border-box; margin-top: 0px; margin-bottom: 1rem; font-family: Muli, Arial, sans-serif; font-size: 15px;\"><span style=\"box-sizing: border-box;\">Trong một số trường hợp d&ugrave; kẻ tấn c&ocirc;ng lấy IP v&agrave; x&acirc;m nhập v&agrave;o cổng kết nối của mạng internet nhưng sẽ kh&ocirc;ng thể lấy được bất cứ th&ocirc;ng tin n&agrave;o v&igrave; ch&uacute;ng đ&atilde; được SSL bảo vệ.</span></p>', 'posts/July2020/e289vZgPBn2o2R3MNLPa.jpg', 'ssl-la-gi-chung-chi-ssl-la-gi-chung-hoat-dong-nhu-the-nao', 'SSL là một giao thức quan trọng không thể thiếu khi bạn thiết kế, sử dụng website. Nhưng không phải ai trong chúng ta cũng biết SSL là gì? Giao thức này hoạt động như thế nào? Sở hữu chứng chỉ SSL, website của bạn sẽ nhận được gì?', NULL, 'DRAFT', 1, '2020-07-24 20:07:21', '2020-07-29 19:47:47'),
(6, 1, 1, '15 checklist viết content hay \"Thu hút người đọc\"', 'CHECKLIST VIẾT CONTENT HAY', 'Khi Content Marketing đang phát triển mạnh mẽ thì lượng yêu cầu về chất lượng nội dung không ngừng tăng lên, cũng như nhu cầu về hiệu quả của Copywriting – một là để thu hút khách đến thăm, hai là chuyển đổi họ thành lead và khách hàng tiềm năng của mình. Để có thể giúp bạn viết được một content hiệu quả và tránh tình trạng quá tải, sau đây là 15 bí kíp được tổng hợp lại để giúp các bạn.', '<h2 style=\"margin: 6px 0px; font-family: Helvetica, Arial, sans-serif; color: #1c1e21;\"><span style=\"color: #141414; font-family: Roboto, sans-serif; font-size: 15px; font-weight: 400; background-color: #fefefe;\">Khi Content Marketing đang ph&aacute;t triển mạnh mẽ th&igrave; lượng y&ecirc;u cầu về chất lượng nội dung kh&ocirc;ng ngừng tăng l&ecirc;n, cũng như nhu cầu về hiệu quả của Copywriting &ndash; một l&agrave; để thu h&uacute;t kh&aacute;ch đến thăm, hai l&agrave; chuyển đổi họ th&agrave;nh lead v&agrave; kh&aacute;ch h&agrave;ng tiềm năng của m&igrave;nh. Đ</span><span style=\"color: #141414; font-family: Roboto, sans-serif; font-size: 15px; font-weight: 400; background-color: #fefefe;\">ể c&oacute; thể gi&uacute;p bạn viết được một content hiệu quả v&agrave; tr&aacute;nh t&igrave;nh trạng qu&aacute; tải, sau đ&acirc;y l&agrave; 15 b&iacute; k&iacute;p được tổng hợp lại để gi&uacute;p c&aacute;c bạn.</span></h2>\r\n<h2>1. Nghi&ecirc;n cứu nhiều hơn</h2>\r\n<p style=\"margin: 6px 0px; font-family: Helvetica, Arial, sans-serif; color: #1c1e21;\">Tất cả những ai l&agrave;m copywriting đều biết đến tầm quan trọng của việc nghi&ecirc;n cứu. David Ogilvy - cha đẻ của ng&agrave;nh quảng c&aacute;o đ&atilde; n&oacute;i <em>&ldquo;H&atilde;y nhồi những nghi&ecirc;n cứu v&agrave;o &oacute;c t&ograve; m&ograve; của bạn&rdquo;</em>. Bạn c&agrave;ng c&oacute; nhiều th&ocirc;ng tin, bạn c&agrave;ng c&oacute; nhiều khả năng biến tấu b&agrave;i viết của m&igrave;nh.</p>\r\n<h2>2. Viết những g&igrave; m&agrave; bạn quan t&acirc;m</h2>\r\n<p style=\"margin: 6px 0px; font-family: Helvetica, Arial, sans-serif; color: #1c1e21;\">Khi bạn kh&ocirc;ng biết phải tiếp tục viết c&aacute;i g&igrave; hoăc l&agrave;m sao để cho bản nh&aacute;p của bạn chỉnh chu hơn, h&atilde;y th&ecirc;m v&agrave;o điều m&agrave; bạn thấy th&iacute;ch. Như David Ogilvy đ&atilde; n&oacute;i <em>&ldquo;H&atilde;y n&oacute;i sự thật nhưng l&agrave;m sự thật đ&oacute; th&uacute; vị hơn&rdquo;</em>. Bạn biết đấy, bạn kh&ocirc;ng thể bắt kh&aacute;ch h&agrave;ng mua sản phẩm của bạn, bạn chỉ c&oacute; thể l&agrave;m họ thấy th&iacute;ch th&uacute; để mua n&oacute; th&ocirc;i. Vậy l&agrave;m sao để nội dung trở n&ecirc;n hấp dẫn?</p>\r\n<p style=\"margin: 6px 0px; font-family: Helvetica, Arial, sans-serif; color: #1c1e21; padding-left: 40px;\">H&atilde;y l&agrave;m cho n&oacute; dễ đọc v&agrave; bắt mắt.</p>\r\n<p style=\"margin: 6px 0px; font-family: Helvetica, Arial, sans-serif; color: #1c1e21; padding-left: 40px;\">Tận dụng c&aacute; t&iacute;nh ri&ecirc;ng của bạn hoặc những &yacute; tưởng b&aacute;n h&agrave;ng độc đ&aacute;o<br />H&atilde;y l&agrave;m n&oacute; &hellip;.<br />Kết hợp những tranh c&atilde;i<br />Kể những c&acirc;u chuyện</p>\r\n<h2 style=\"margin: 6px 0px; font-family: Helvetica, Arial, sans-serif; color: #1c1e21;\">3. Khẳng định c&aacute; t&iacute;nh</h2>\r\n<p style=\"margin: 6px 0px; font-family: Helvetica, Arial, sans-serif; color: #1c1e21;\">Tất cả t&aacute;c giả v&agrave; thương hiệu đều c&oacute; tiếng n&oacute;i, phong c&aacute;ch v&agrave; những &yacute; tưởng b&aacute;n h&agrave;ng của ri&ecirc;ng m&igrave;nh (USP &ndash; unique selling proposition). Ogilvy biết rằng việc x&acirc;y dựng v&agrave; khẳng định t&iacute;nh c&aacute;ch bản th&acirc;n l&agrave; c&aacute;ch tốt nhất (đ&ocirc;i khi n&oacute; l&agrave; c&aacute;ch duy nhất) để khiến bạn nổi bật hơn đối thủ cạnh tranh v&agrave; chiếm được thị phần lớn tr&ecirc;n thị trường. Trước khi đăng b&agrave;i viết, h&atilde;y đảm bảo rằng n&oacute; thể hiện r&otilde; t&iacute;nh c&aacute;ch thương hiệu của bạn, cũng như ph&ugrave; hợp với nhu cầu v&agrave; mong muốn của đối tượng mục ti&ecirc;u m&agrave; bạn hướng đến.</p>\r\n<h2 style=\"margin: 6px 0px; font-family: Helvetica, Arial, sans-serif; color: #1c1e21;\">4. S&agrave;ng lọc lại ti&ecirc;u đề</h2>\r\n<p style=\"margin: 6px 0px; font-family: Helvetica, Arial, sans-serif; color: #1c1e21;\">Trong quyển s&aacute;ch về copywriting v&agrave; advertising, huyền thoại David Ogilvy v&agrave; John Caples viết cả một chương về tầm quan trọng của ti&ecirc;u đề b&agrave;i viết. Sau đ&acirc;y l&agrave; một v&agrave;i b&iacute; k&iacute;p nho nhỏ để c&oacute; được một ti&ecirc;u đề c&oacute; hiệu quả:</p>\r\n<p style=\"margin: 6px 0px; font-family: Helvetica, Arial, sans-serif; color: #1c1e21; padding-left: 40px;\">Viết một bản nh&aacute;p trước, sau đ&oacute; h&atilde;y lấy ra những &yacute; ch&iacute;nh để đặt ti&ecirc;u đề, điều n&agrave;y sẽ l&agrave;m cho ti&ecirc;u đề kh&ocirc;ng bị lạc so với d&agrave;n &yacute;</p>\r\n<p style=\"margin: 6px 0px; font-family: Helvetica, Arial, sans-serif; color: #1c1e21; padding-left: 40px;\">Lựa chọn ti&ecirc;u đề đơn giản</p>\r\n<p style=\"margin: 6px 0px; font-family: Helvetica, Arial, sans-serif; color: #1c1e21; padding-left: 40px;\">Ghi nhớ quy luật 4U: Urgent (gấp r&uacute;t) &ndash; Unique (độc quyền) &ndash; Useful (dễ &aacute;p dụng) &ndash; Ultra specific (thật cụ thể)<br />Thu h&uacute;t sự ch&uacute; &yacute; bằng một bức tranh sinh động hoặc những cảm x&uacute;c mảnh liệt, sau đ&oacute; th&ecirc;m thắt v&agrave;o c&aacute; t&iacute;nh ri&ecirc;ng v&agrave; nội dung c&oacute; thể truyền tải những lợi &iacute;ch quan trọng nhất.</p>\r\n<h2 style=\"margin: 6px 0px; font-family: Helvetica, Arial, sans-serif; color: #1c1e21;\">5. Đơn giản ho&aacute; nội dung của bạn</h2>\r\n<p style=\"margin: 6px 0px; font-family: Helvetica, Arial, sans-serif; color: #1c1e21;\">Lưu &yacute; gi&uacute;p t&ocirc;i điều n&agrave;y, đơn giản ho&aacute; nội dung kh&ocirc;ng c&oacute; nghĩa l&agrave; bạn phớt lờ c&aacute;c quy tắc hoặc viết cho một đứa học sinh lớp 5 c&oacute; thể hiểu được. H&atilde;y viết một c&aacute;ch đơn giản nhất để cho th&ocirc;ng điệp của bạn trở n&ecirc;n r&otilde; r&agrave;ng v&agrave; ngắn gọn để cho kh&aacute;ch h&agrave;ng c&oacute; thể hiểu được những lợi &iacute;ch m&agrave; bạn đang mang lại cho họ.</p>\r\n<p style=\"margin: 6px 0px; font-family: Helvetica, Arial, sans-serif; color: #1c1e21; padding-left: 200px;\"><em>&ldquo;Simply is the best&rdquo; &ndash; Đơn giản l&agrave; nhất m&agrave;, đ&uacute;ng kh&ocirc;ng?</em></p>\r\n<h2 style=\"margin: 6px 0px; font-family: Helvetica, Arial, sans-serif; color: #1c1e21;\">6. Cứ kể chuyện đi</h2>\r\n<p style=\"margin: 6px 0px; font-family: Helvetica, Arial, sans-serif; color: #1c1e21;\">Cho d&ugrave; bạn c&oacute; l&agrave; d&acirc;n chuy&ecirc;n trong ng&agrave;nh quảng c&aacute;o n&agrave;y, t&ocirc;i thề l&agrave; bạn đ&atilde; ch&aacute;n ngấy với những mẩu quảng c&aacute;o v&ocirc; vị tr&ecirc;n phương tiện truyền th&ocirc;ng mỗi ng&agrave;y rồi. Những c&acirc;u chuyện &ldquo;c&acirc;u like&rdquo; nhảm nh&iacute; tr&ecirc;n Facebook lại thu h&uacute;t rất đ&ocirc;ng người đọc cho d&ugrave; n&oacute; c&oacute; vớ vẩn đến cỡ n&agrave;o đi chăng nữa, v&igrave; vậy, h&atilde;y kể một c&acirc;u chuyện trong mẩu quảng c&aacute;o của bạn (dĩ nhi&ecirc;n kh&ocirc;ng phải để kiếm like nh&eacute;). Điều n&agrave;y sẽ mang lại sự t&iacute;ch cực v&igrave; n&oacute; sẽ đạt được sự ch&uacute; &yacute; của những kh&aacute;ch h&agrave;ng t&ograve; m&ograve; v&agrave; tất nhi&ecirc;n họ sẽ muốn xem c&acirc;u chuyện của bạn c&oacute; hồi kết thế n&agrave;o. C&ograve;n một điều nữa, h&atilde;y kể về sản phẩm của bạn nh&eacute;.</p>\r\n<h2 style=\"margin: 6px 0px; font-family: Helvetica, Arial, sans-serif; color: #1c1e21;\">7. H&igrave;nh thức &ndash; tất nhi&ecirc;n</h2>\r\n<p style=\"margin: 6px 0px; font-family: Helvetica, Arial, sans-serif; color: #1c1e21;\">Tốt gỗ hơn tốt nước sơn nhưng t&ocirc;i c&aacute; rằng chả ai c&oacute; được cặp mắt X-quang để nh&igrave;n xuy&ecirc;n thấu v&agrave;o miếng gỗ của bạn đ&acirc;u. Thế th&igrave;&hellip; c&aacute;ch n&agrave;o để nước sơn trở n&ecirc;n tốt hơn đ&acirc;y?</p>\r\n<p style=\"margin: 6px 0px; font-family: Helvetica, Arial, sans-serif; color: #1c1e21; padding-left: 40px;\">Ch&uacute; &yacute; đến font chữ của bạn, r&otilde; r&agrave;ng v&agrave; dễ đọc<br />H&atilde;y viết đoạn văn ngắn<br />In nghi&ecirc;ng, b&ocirc;i đen, gạch ch&acirc;n<br />H&igrave;nh ảnh đẹp, bắt mắt</p>\r\n<h2 style=\"margin: 6px 0px; font-family: Helvetica, Arial, sans-serif; color: #1c1e21;\">8. Đừng qu&aacute; kh&eacute;o l&eacute;o</h2>\r\n<p style=\"margin: 6px 0px; font-family: Helvetica, Arial, sans-serif; color: #1c1e21;\">Nghe nực cười nhỉ? Ch&uacute;ng ta l&agrave; những người l&agrave;m việc với từ ngữ n&ecirc;n việc chơi đ&ugrave;a với ch&uacute;ng l&agrave; điều dĩ nhi&ecirc;n nếu muốn tạo ra một nội dung tốt v&agrave; đặc biệt. Nhưng đ&ocirc;i l&uacute;c, sự đơn giản v&agrave; đi thẳng vấn đề sẽ mang lại hiệu quả hơn.</p>\r\n<h2 style=\"margin: 6px 0px; font-family: Helvetica, Arial, sans-serif; color: #1c1e21;\">9. Ph&aacute; vỡ mọi quy tắc</h2>\r\n<p style=\"margin: 6px 0px; font-family: Helvetica, Arial, sans-serif; color: #1c1e21;\">Nghe c&oacute; vẻ phản khoa học với điều số 5 ở tr&ecirc;n nhỉ nhưng một copywriter th&ocirc;ng minh sẽ biết khi n&agrave;o cần để ph&aacute; vỡ c&aacute;c quy tắc về ngữ ph&aacute;p, từ ngữ, c&uacute; ph&aacute;p một c&aacute;ch th&iacute;ch hợp. Bạn n&ecirc;n nhớ rằng bạn quảng c&aacute;o đến kh&aacute;ch h&agrave;ng tiềm năng của bạn chứ kh&ocirc;ng phải l&agrave; những gi&aacute;o vi&ecirc;n dạy văn. H&atilde;y quảng c&aacute;o bằng ng&ocirc;n ngữ m&agrave; họ c&oacute; thể hiểu, điều n&agrave;y sẽ khiến mọi chuyện dễ d&agrave;ng hơn việc sử dụng từ ngữ một c&aacute;ch s&aacute;ch vở.</p>\r\n<h2 style=\"margin: 6px 0px; font-family: Helvetica, Arial, sans-serif; color: #1c1e21;\">10. H&atilde;y viết c&oacute; mục đ&iacute;ch</h2>\r\n<p style=\"margin: 6px 0px; font-family: Helvetica, Arial, sans-serif; color: #1c1e21;\">Với sự b&ugrave;ng nổ của content marketing hiện nay, rất nhiều marketer viết chỉ v&igrave;&hellip;phong tr&agrave;o th&ocirc;i. Rất l&agrave; tuyệt khi bạn c&oacute; cả một thư viện về nội dung nhưng sẽ c&ograve;n tuyệt hơn nếu những nội dung đ&oacute; c&oacute; mục đ&iacute;ch. David Ogilvy n&oacute;i rằng:</p>\r\n<p style=\"margin: 6px 0px; font-family: Helvetica, Arial, sans-serif; color: #1c1e21; padding-left: 40px;\"><em>&ldquo;Trong thế giới hiện đại của doanh nghiệp, n&oacute; v&ocirc; dụng để trở n&ecirc;n s&aacute;ng tạo khi bạn kh&ocirc;ng thể b&aacute;n được &yacute; tưởng đ&oacute;&rdquo;</em>.</p>\r\n<p style=\"margin: 6px 0px; font-family: Helvetica, Arial, sans-serif; color: #1c1e21;\">H&atilde;y nhớ l&agrave; bạn viết để khuyến kh&iacute;ch, x&acirc;y dựng l&ograve;ng tin của kh&aacute;ch h&agrave;ng v&agrave; nội dung gắn liền với họ.</p>\r\n<h2 style=\"margin: 6px 0px; font-family: Helvetica, Arial, sans-serif; color: #1c1e21;\">11. Think outside the box &ndash; Suy nghĩ lớn hơn</h2>\r\n<p style=\"margin: 6px 0px; font-family: Helvetica, Arial, sans-serif; color: #1c1e21;\">Quay về điều 5 v&agrave; 9 v&agrave; lại v&ocirc; l&yacute; một lần nữa. Nhưng ch&uacute;ng ta đang l&agrave;m c&ocirc;ng việc đ&ograve;i hỏi sự s&aacute;ng tạo n&ecirc;n đừng c&oacute; ngại khi phải thử một điều g&igrave; mới. Hơn nữa, h&atilde;y thiết lập c&aacute;c mối quan hệ tốt với những người kh&ocirc;ng l&agrave;m chung ng&agrave;nh của bạn, những kẻ phản đối c&ocirc;ng việc n&agrave;y, những kẻ rất gh&eacute;t quảng c&aacute;o để mở ra những g&oacute;c nh&igrave;n kh&aacute;c. Khi đ&oacute;, bạn sẽ c&oacute; được sự kết nối từ người n&agrave;y qua người kh&aacute;c v&agrave; c&oacute; lẽ, bạn sẽ nghĩ ra được nội dung tốt nhất cho quảng c&aacute;o của bạn. Nếu bạn c&oacute; đi ăn trộm, th&igrave; bạn cũng phải đặt bản th&acirc;n m&igrave;nh v&agrave;o chủ nh&agrave; để xem họ sẽ giấu đồ ở đ&acirc;u đ&uacute;ng kh&ocirc;ng?</p>\r\n<h2 style=\"margin: 6px 0px; font-family: Helvetica, Arial, sans-serif; color: #1c1e21;\">12. H&atilde;y n&oacute;i ng&ocirc;n ngữ m&agrave; kh&aacute;ch h&agrave;ng của bạn hiểu</h2>\r\n<p style=\"margin: 6px 0px; font-family: Helvetica, Arial, sans-serif; color: #1c1e21;\">Điều n&agrave;y qu&aacute; dễ hiểu. Bạn kh&ocirc;ng thể giới thiệu sản phẩm khi kh&aacute;ch h&agrave;ng kh&ocirc;ng hiểu bạn đang n&oacute;i về c&aacute;i g&igrave;. N&oacute;i theo ng&ocirc;n ngữ của họ sẽ gi&uacute;p bạn được biết đến, th&iacute;ch v&agrave; c&oacute; được l&ograve;ng tin. Điều n&agrave;y sẽ gi&uacute;p bạn x&acirc;y dựng một mối quan hệ tốt v&agrave; sẽ dễ d&agrave;ng hơn trong việc thuyết phục họ.</p>\r\n<p style=\"margin: 6px 0px; font-family: Helvetica, Arial, sans-serif; color: #1c1e21;\">Nếu bạn đang mắc kẹt, h&atilde;y quay lại, v&agrave; biến nội dung của bạn th&agrave;nh thứ m&agrave; kh&aacute;ch h&agrave;ng của bạn nghĩ đến. H&atilde;y đặt bạn v&agrave;o vị tr&iacute; của họ v&agrave; động n&atilde;o t&iacute; n&agrave;o. Quảng c&aacute;o của bạn kh&ocirc;ng chỉ trở n&ecirc;n ổn hơn m&agrave; c&ograve;n gi&uacute;p bạn khai s&aacute;ng được những g&igrave; n&ecirc;n l&agrave;m tiếp theo đấy.</p>\r\n<h2 style=\"margin: 6px 0px; font-family: Helvetica, Arial, sans-serif; color: #1c1e21;\">13. Bắt nhịp cảm x&uacute;c n&agrave;o</h2>\r\n<p style=\"margin: 6px 0px; font-family: Helvetica, Arial, sans-serif; color: #1c1e21;\">Chả ai muốn xem một mẫu c&oacute; nội dung hay nhưng lại kh&ocirc; khan như những b&agrave;i b&aacute;o c&aacute;o khoa học đ&uacute;ng kh&ocirc;ng? Cảm x&uacute;c sẽ l&agrave;m b&agrave;i viết của bạn nổi bật nhưng l&agrave;m thế n&agrave;o để cho v&agrave;o một lượng cảm x&uacute;c vừa phải, kh&ocirc;ng qu&aacute; uỷ mị hoặc cứng rắn nhỉ? Phương thức để kết hợp cảm x&uacute;c v&agrave;o nội dung của bạn l&agrave; h&atilde;y tự hỏi: Ước muốn s&acirc;u xa nhất của bạn l&agrave; c&aacute;i g&igrave;?</p>\r\n<p style=\"margin: 6px 0px; font-family: Helvetica, Arial, sans-serif; color: #1c1e21;\">C&oacute; rất nhiều những cảm x&uacute;c m&agrave; bạn c&oacute; thể vận dụng như</p>\r\n<p style=\"margin: 6px 0px; font-family: Helvetica, Arial, sans-serif; color: #1c1e21; padding-left: 40px;\">Sợ h&atilde;i<br />Vui vẻ<br />Tội lỗi<br />Giận dữ<br />Nịnh nọt</p>\r\n<h2 style=\"margin: 6px 0px; font-family: Helvetica, Arial, sans-serif; color: #1c1e21;\">14. Những bằng chứng thuyết phục</h2>\r\n<p style=\"margin: 6px 0px; font-family: Helvetica, Arial, sans-serif; color: #1c1e21;\">Trăm nghe kh&ocirc;ng bằng một thấy. Kh&aacute;ch h&agrave;ng sẽ tin tưởng bạn hơn v&agrave; bạn sẽ tự tin hơn khi bạn đưa ra những số liệu thuyết phục. Như vậy sẽ gi&uacute;p bạn chiếm được cảm t&igrave;nh của những kh&aacute;ch h&agrave;ng kh&oacute; t&iacute;nh v&agrave; cho thấy rằng bạn biết m&igrave;nh đang n&oacute;i về vấn đề g&igrave;. Một v&agrave;i &yacute; tưởng để bạn c&oacute; thể đưa ra dữ liệu đ&aacute;ng tin cậy bao gồm:</p>\r\n<p style=\"margin: 6px 0px; font-family: Helvetica, Arial, sans-serif; color: #1c1e21; padding-left: 40px;\">Số liệu thống k&ecirc;<br />Phương ph&aacute;p<br />Những lần kiểm định<br />Case study<br />Những c&acirc;u chuyện th&agrave;nh c&ocirc;ng</p>\r\n<h2 style=\"margin: 6px 0px; font-family: Helvetica, Arial, sans-serif; color: #1c1e21;\">15. Kết hợp lại c&aacute;c nguy&ecirc;n tắc cơ bản của copywriting</h2>\r\n<p style=\"margin: 6px 0px; font-family: Helvetica, Arial, sans-serif; color: #1c1e21; padding-left: 40px;\">Thu h&uacute;t sự ch&uacute; &yacute;<br />Tập trung v&agrave;o kh&aacute;ch h&agrave;ng<br />Nhấn mạnh lợi &iacute;ch<br />Tạo sự kh&aacute;c biệt hơn đối thủ<br />Đưa ra bằng chứng thuyết phục<br />Tạo lập l&ograve;ng tin<br />X&acirc;y dựng gi&aacute; trị<br />Kết th&uacute;c bằng k&ecirc;u gọi h&agrave;nh động (call to action)</p>\r\n<p style=\"margin: 6px 0px; font-family: Helvetica, Arial, sans-serif; color: #1c1e21;\">Tuỳ v&agrave;o sản phẩm, mục đ&iacute;ch hoặc nội dung bạn đang viết, bạn c&oacute; lẽ kh&ocirc;ng cần phải &aacute;p dụng hết 8 điều tr&ecirc;n. H&atilde;y ghi nhớ ch&uacute;ng khi bạn viết v&igrave; ch&uacute;ng c&oacute; thể gi&uacute;p nội dung trở n&ecirc;n mạnh mẽ v&agrave; th&uacute; vị.</p>\r\n<p style=\"margin: 6px 0px; font-family: Helvetica, Arial, sans-serif; color: #1c1e21; text-align: right;\"><em><strong><span style=\"text-align: start;\">Nguồn: Waytomarketing</span></strong></em></p>', 'posts/August2020/ssYHeBwMZQX1iPkAU0RP.jpg', '15-checklist-viet-content-hay-thu-hut-nguoi-doc', 'Khi Content Marketing đang phát triển mạnh mẽ thì lượng yêu cầu về chất lượng nội dung không ngừng tăng lên, cũng như nhu cầu về hiệu quả của Copywriting – một là để thu hút khách đến thăm, hai là chuyển đổi họ thành lead và khách hàng tiềm năng của mình. Để có thể giúp bạn viết được một content hiệu quả và tránh tình trạng quá tải, sau đây là 15 Checklist viết content hay được tổng hợp lại để giúp các bạn.', 'Khi Content Marketing đang phát triển mạnh mẽ thì lượng yêu cầu về chất lượng nội dung không ngừng tăng lên, cũng như nhu cầu về hiệu quả của Copywriting – một là để thu hút khách đến thăm, hai là chuyển đổi họ thành lead và khách hàng tiềm năng của mình. Để có thể giúp bạn viết được một content hiệu quả và tránh tình trạng quá tải, sau đây là 15 Checklist viết content hay được tổng hợp lại để giúp các bạn.', 'PUBLISHED', 0, '2020-08-06 08:45:48', '2020-08-07 03:14:44');

-- --------------------------------------------------------

--
-- Cấu trúc bảng cho bảng `products`
--

CREATE TABLE `products` (
  `id` int(10) UNSIGNED NOT NULL,
  `title` varchar(255) COLLATE utf8mb4_unicode_ci DEFAULT NULL,
  `name` varchar(255) COLLATE utf8mb4_unicode_ci DEFAULT NULL,
  `cost` int(11) DEFAULT NULL,
  `description` text COLLATE utf8mb4_unicode_ci DEFAULT NULL,
  `image` varchar(255) COLLATE utf8mb4_unicode_ci DEFAULT NULL,
  `link` varchar(255) COLLATE utf8mb4_unicode_ci DEFAULT NULL,
  `created_at` timestamp NULL DEFAULT NULL,
  `updated_at` timestamp NULL DEFAULT NULL
) ENGINE=InnoDB DEFAULT CHARSET=utf8mb4 COLLATE=utf8mb4_unicode_ci;

--
-- Đang đổ dữ liệu cho bảng `products`
--

INSERT INTO `products` (`id`, `title`, `name`, `cost`, `description`, `image`, `link`, `created_at`, `updated_at`) VALUES
(1, 'Dự án Smarthome Thái Nguyên', 'Smarthome Thái Nguyên', 20000000, '<p>Thiết kế giao diện, chức năng frontend, backend, bộ nhận diện thương hiệu</p>', 'products/July2020/RUwqAznGRjhaq0gCPyag.png', 'https://www.smarthomethainguyen.com', '2020-06-30 01:29:00', '2020-07-24 19:58:52'),
(3, 'Dự án đúc gang Hồng Hoàn', 'Đúc gang Hồng Hoàn', 15000000, '<p>Website giới thiệu sản phẩm l&agrave;m từ gang</p>', 'products/July2020/N5clJc7Sov4rCaOyL890.png', 'https://ducganghonghoan.com/', '2020-07-17 19:17:00', '2020-07-24 19:58:03'),
(4, 'Dự án BCH', 'BCH', 20000000, '<p>X&acirc;y dựng website giới thiệu sản phẩm l&agrave;m từ th&eacute;p</p>', 'products/July2020/pg9Mu2qLlIX1AePw9jME.png', 'https://bch.com.vn/', '2020-07-17 19:20:00', '2020-07-24 19:58:24'),
(6, 'Dự án Hust', 'Hust', 450000000, '<p>X&acirc;y dựng website giới thiệu Viện điện tử viễn th&ocirc;ng</p>', 'products/July2020/U0rvLflHzl6GZ3HSDSqQ.png', 'https://hust.htc-it.team/', '2020-07-17 19:26:00', '2020-07-24 18:05:50'),
(7, 'HTC Thái Nguyên', NULL, NULL, '<p>Website giới thiệu trung t&acirc;m v&agrave; c&aacute;c kh&oacute;a học tiếng anh</p>', 'products/July2020/TbvfLlHBX9Aumcshgm13.png', 'https://htcenter.edu.vn/', '2020-07-29 19:19:00', '2020-07-29 19:23:09'),
(8, 'Nha Trang Home', 'Website giới thiệu', NULL, '<p>Website nội thất nh&agrave; đẹp</p>', 'products/July2020/zFHwIH5sZn3PJ1IyyGjB.png', 'https://nhatranghome.com.vn/', '2020-07-29 19:30:05', '2020-07-29 19:30:05');

-- --------------------------------------------------------

--
-- Cấu trúc bảng cho bảng `roles`
--

CREATE TABLE `roles` (
  `id` bigint(20) UNSIGNED NOT NULL,
  `name` varchar(191) COLLATE utf8mb4_unicode_ci NOT NULL,
  `display_name` varchar(191) COLLATE utf8mb4_unicode_ci NOT NULL,
  `created_at` timestamp NULL DEFAULT NULL,
  `updated_at` timestamp NULL DEFAULT NULL
) ENGINE=InnoDB DEFAULT CHARSET=utf8mb4 COLLATE=utf8mb4_unicode_ci;

--
-- Đang đổ dữ liệu cho bảng `roles`
--

INSERT INTO `roles` (`id`, `name`, `display_name`, `created_at`, `updated_at`) VALUES
(1, 'admin', 'Administrator', '2020-06-28 20:00:21', '2020-06-28 20:00:21'),
(2, 'user', 'Normal User', '2020-06-28 20:00:21', '2020-06-28 20:00:21');

-- --------------------------------------------------------

--
-- Cấu trúc bảng cho bảng `services`
--

CREATE TABLE `services` (
  `id` int(10) UNSIGNED NOT NULL,
  `icon` varchar(255) COLLATE utf8mb4_unicode_ci DEFAULT NULL,
  `title` varchar(200) COLLATE utf8mb4_unicode_ci DEFAULT NULL,
  `description` varchar(255) COLLATE utf8mb4_unicode_ci DEFAULT NULL,
  `created_at` timestamp NULL DEFAULT NULL,
  `updated_at` timestamp NULL DEFAULT NULL,
  `link` varchar(255) COLLATE utf8mb4_unicode_ci DEFAULT NULL,
  `image` varchar(255) COLLATE utf8mb4_unicode_ci DEFAULT NULL,
  `slug` varchar(255) COLLATE utf8mb4_unicode_ci DEFAULT NULL,
  `body` text COLLATE utf8mb4_unicode_ci DEFAULT NULL
) ENGINE=InnoDB DEFAULT CHARSET=utf8mb4 COLLATE=utf8mb4_unicode_ci;

--
-- Đang đổ dữ liệu cho bảng `services`
--

INSERT INTO `services` (`id`, `icon`, `title`, `description`, `created_at`, `updated_at`, `link`, `image`, `slug`, `body`) VALUES
(1, '/storage/services/vector-04-01.png', 'Xây dựng và phát triển website', 'Chúng tôi cung cấp Thiết kế UX/UI tốt nhất bằng cách theo các xu hướng mới nhất của thị trường', '2020-07-03 21:27:00', '2020-08-07 03:08:46', '/xay-dung-va-phat-trien-website', 'services/August2020/Ufgiv0Mu0o0owQx1014e.png', NULL, '<p style=\"margin: 0px; color: #515050; text-align: justify; overflow: hidden; padding-top: 10px; font-size: 16px !important; font-family: Roboto-Regular !important;\"><span style=\"color: #292b2c; font-family: \'Lora\'; font-size: 16px; text-align: start;\">Website kh&ocirc;ng c&ograve;n l&agrave; c&ocirc;ng cụ xa lạ của c&aacute;c doanh nghiệp, c&aacute;c tổ chức hay thậm ch&iacute; l&agrave; c&aacute;c c&aacute; nh&acirc;n bởi hầu hết với sự ph&aacute;t triển của internet mỗi đối tượng đều sở hữu cho m&igrave;nh một website. Tuy nhi&ecirc;n,&nbsp;</span><span style=\"box-sizing: inherit; font-weight: bolder; color: #292b2c; font-family: \'Lora\'; font-size: 16px; text-align: start;\">website l&agrave; g&igrave;</span><span style=\"color: #292b2c; font-family: \'Lora\'; font-size: 16px; text-align: start;\"> v&agrave; c&oacute; tầm quan trọng như thế n&agrave;o th&igrave; kh&ocirc;ng phải ai cũng c&oacute; được một đ&aacute;p &aacute;n đ&uacute;ng. </span></p>\r\n<h2 style=\"margin: 0px; color: #515050; text-align: justify; overflow: hidden; padding-top: 10px; font-size: 16px !important; font-family: Roboto-Regular !important;\"><span style=\"color: #292b2c; font-family: -apple-system, system-ui, BlinkMacSystemFont, Segoe UI, Roboto, Helvetica Neue, Arial, sans-serif;\"><span style=\"font-size: 16px;\">Website l&agrave; g&igrave;?</span></span></h2>\r\n<p style=\"margin: 0px; color: #515050; text-align: justify; overflow: hidden; padding-top: 10px; font-size: 16px !important; font-family: Roboto-Regular !important;\"><span style=\"color: #292b2c; font-family: \'Lora\'; font-size: 16px;\">Website l&agrave; một trang th&ocirc;ng tin với mục đ&iacute;ch l&agrave; để giới thiệu, cập nhật những th&ocirc;ng tin về c&aacute;c doanh nghiệp, sản phẩm, hoạt động cũng như tin tức, chia sẻ b&iacute; quyết,&hellip; để ph&aacute;t triển thương hiệu.&nbsp;</span><span style=\"color: #292b2c; font-family: \'Lora\'; font-size: 16px;\">Th&ocirc;ng thường, website được ph&acirc;n chia th&agrave;nh 4 h&igrave;nh thức chủ yếu theo đối tượng như:</span></p>\r\n<ul style=\"padding-left: 40px;\">\r\n<li><span style=\"color: #292b2c; font-family: \'Lora\'; font-size: 16px;\">Website d&agrave;nh cho doanh nghiệp</span></li>\r\n<li><span style=\"color: #292b2c; font-family: \'Lora\'; font-size: 16px;\">Website d&agrave;nh cho c&aacute; nh&acirc;n</span></li>\r\n<li><span style=\"color: #292b2c; font-family: \'Lora\'; font-size: 16px;\">Website của ch&iacute;nh phủ </span></li>\r\n<li><span style=\"color: #292b2c; font-family: \'Lora\'; font-size: 16px;\">Website của c&aacute;c tổ chức phi lợi nhuận</span></li>\r\n</ul>\r\n<p style=\"margin: 0px; color: #515050; text-align: justify; overflow: hidden; padding-top: 10px; font-size: 16px !important; font-family: Roboto-Regular !important;\"><span style=\"color: #292b2c; font-family: \'Lora\'; font-size: 16px;\">Căn cứ theo mục đ&iacute;ch kh&aacute;c nhau của website m&agrave; web sẽ c&oacute; những đặc điểm kh&aacute;c nhau. Tuy nhi&ecirc;n, nh&igrave;n chung tầm quan trọng của website l&agrave; như nhau.</span></p>\r\n<h3 style=\"box-sizing: inherit; font-family: \'Lora\'; margin: 0px 0px 0.5rem; color: #292b2c; line-height: 1.1;\"><span style=\"font-size: 16px;\">Tại sao phải x&acirc;y dựng website?</span></h3>\r\n<p><span style=\"color: #292b2c; font-family: \'Lora\'; font-size: 16px;\">Với tầm quan trọng của website như vậy, nhất l&agrave; đối với c&aacute;c doanh nghiệp cung cấp c&aacute;c sản phẩm, dịch vụ. Trong đ&oacute;, c&oacute; c&aacute;c l&yacute; do ch&iacute;nh khiến cho doanh nghiệp cần sở hữu một website của ri&ecirc;ng m&igrave;nh như sau:</span></p>\r\n<ul style=\"padding-left: 40px;\">\r\n<li><span style=\"color: #292b2c; font-family: \'Lora\'; font-size: 16px;\">Website l&agrave; nơi để thực hiện c&aacute;c giao dịch của doanh nghiệp v&agrave; qua đ&oacute; để thể hiện được bộ mặt của doanh nghiệp, để doanh nghiệp g&acirc;y ấn tượng với kh&aacute;ch h&agrave;ng tr&ecirc;n Internet. Th&ocirc;ng qua website, kh&aacute;ch h&agrave;ng đ&atilde; c&oacute; thể cập nhật được những th&ocirc;ng tin về doanh nghiệp, về sản phẩm, về dịch vụ của bạn. B&ecirc;n cạnh đ&oacute;, phong c&aacute;ch thiết kế ấn tượng cũng sẽ tạo n&ecirc;n dấu ấn của bạn trong l&ograve;ng kh&aacute;ch h&agrave;ng.</span></li>\r\n<li><span style=\"color: #292b2c; font-family: \'Lora\'; font-size: 16px;\">Website gi&uacute;p khẳng định thương hiệu v&agrave; l&agrave; c&ocirc;ng cụ cạnh tranh với đối thủ. Khi kh&aacute;ch h&agrave;ng c&oacute; nhu cầu t&igrave;m kiếm bất kỳ th&ocirc;ng tin về sản phẩm, dịch vụ h&agrave;nh động đầu ti&ecirc;n của kh&aacute;ch h&agrave;ng ch&iacute;nh l&agrave; t&igrave;m kiếm th&ocirc;ng tin tr&ecirc;n Internet. L&uacute;c n&agrave;y, website ch&iacute;nh l&agrave; một c&ocirc;ng cụ ch&iacute;nh để bạn cạnh tranh v&agrave; thu h&uacute;t kh&aacute;ch h&agrave;ng hơn so với đối thủ cạnh tranh. Doanh nghiệp khi s</span><span style=\"color: #292b2c; font-family: \'Lora\'; font-size: 16px;\">ở hữu một&nbsp;</span><a style=\"box-sizing: inherit; outline: none; color: #0275d8; text-decoration-line: none; touch-action: manipulation; font-family: \'Lora\'; font-size: 16px;\" href=\"http://htc-it.team/\"><span style=\"box-sizing: inherit; font-weight: bolder;\">website chuy&ecirc;n nghiệp</span></a><span style=\"color: #292b2c; font-family: \'Lora\'; font-size: 16px;\">&nbsp;để thu h&uacute;t kh&aacute;ch h&agrave;ng v&agrave; cạnh tranh với đối thủ.</span></li>\r\n<li><span style=\"color: #292b2c; font-family: \'Lora\'; font-size: 16px;\">&nbsp;Website sẽ l&agrave; nơi cung cấp tất tần tật mọi th&ocirc;ng tin m&agrave; bạn mong muốn truyền tải đến kh&aacute;ch h&agrave;ng. </span><span style=\"color: #292b2c; font-family: \'Lora\'; font-size: 16px;\">Tất cả mọi th&ocirc;ng tin về doanh nghiệp, dịch vụ, sản phẩm đến chương tr&igrave;nh khuyến m&atilde;i, hướng dẫn sử dụng, chia sẻ b&iacute; quyết bạn đều c&oacute; thể cập nhật tr&ecirc;n trang web của m&igrave;nh. Tuy nhi&ecirc;n, mọi th&ocirc;ng tin cần được thể hiện một c&aacute;ch r&otilde; r&agrave;ng, mạch lạc để tạo n&ecirc;n sự thu h&uacute;t đối tượng mục ti&ecirc;u m&agrave; bạn nhắm đến.</span></li>\r\n<li><span style=\"color: #292b2c; font-family: \'Lora\'; font-size: 16px;\">Kh&ocirc;ng chỉ b&aacute;n h&agrave;ng, website c&ograve;n l&agrave; k&ecirc;nh để thực hiện c&aacute;c c&ocirc;ng việc giao tiếp v&agrave; chăm s&oacute;c kh&aacute;ch h&agrave;ng 24/24. Ưu điểm đặc biệt nhất của website so với bất kỳ c&ocirc;ng cụ n&agrave;o kh&aacute;c l&agrave; cho ph&eacute;p&nbsp; sự tương t&aacute;c từ 2 ph&iacute;a giữa kh&aacute;ch h&agrave;ng v&agrave; doanh nghiệp. Bạn c&oacute; thể tận dụng website để thực hiện c&aacute;c cuộc khảo s&aacute;t nho nhỏ để hiểu kh&aacute;ch h&agrave;ng m&igrave;nh hơn hay thu thập những đ&aacute;nh gi&aacute; của kh&aacute;ch h&agrave;ng về doanh nghiệp của m&igrave;nh. Từ những nguồn th&ocirc;ng tin qu&yacute; b&aacute;u n&agrave;y, bạn đ&atilde; c&oacute; thể dễ d&agrave;ng cải thiện chất lượng sản phẩm, dịch vụ của m&igrave;nh sao cho ph&ugrave; hợp nhất với kh&aacute;ch h&agrave;ng m&agrave; kh&ocirc;ng cần tốn qu&aacute; nhiều thời gian, chi ph&iacute; cho c&aacute;c cuộc khảo s&aacute;t.</span></li>\r\n<li><span style=\"color: #292b2c; font-family: \'Lora\'; font-size: 16px;\">Với sự ph&aacute;t triển kh&ocirc;ng ngừng của Internet, Marketing Online cũng trở th&agrave;nh một c&ocirc;ng cụ đắc lực để doanh nghiệp thu h&uacute;t kh&aacute;ch h&agrave;ng b&ecirc;n cạnh c&aacute;c phương ph&aacute;p Marketing truyền thống. Để thực hiện được điều đ&oacute;, chắc chắn kh&ocirc;ng thể thiếu website. Ch&iacute;nh v&igrave; vậy, c&aacute;c doanh nghiệp cần h&agrave;nh động ngay để sở hữu cho m&igrave;nh m&ocirc;t website chuy&ecirc;n nghiệp cho c&aacute;c kế hoạch ph&aacute;t triển, định hướng d&agrave;i hạn.</span></li>\r\n</ul>\r\n<h2 style=\"font-weight: 800;\"><span style=\"color: #292b2c; font-family: \'Lora\'; font-size: 16px;\">Quy tr&igrave;nh thiết kế x&acirc;y dựng website</span></h2>\r\n<p style=\"margin: 0px; color: #515050; text-align: justify; overflow: hidden; padding-top: 10px; font-size: 16px !important; font-family: \'Lora\' !important;\">Với từng dự &aacute;n website m&agrave; c&aacute;c bước thiết kế website c&oacute; thể c&oacute; th&ecirc;m hoặc bớt nhưng ch&uacute;ng t&ocirc;i c&oacute; thể đưa ra quy tr&igrave;nh tổng hợp chi tiết qua bảng m&ocirc; tả dưới đ&acirc;y:</p>\r\n<div class=\" tintuc-noidung\" style=\"overflow: hidden; color: #000000; font-family: Arial; font-size: 12px;\">\r\n<p style=\"font-family: Arial, Helvetica, sans-serif; text-align: center;\"><span style=\"font-family: arial, helvetica, sans-serif; font-size: small;\"><img src=\"http://htc-it.team//storage/services/August2020/quytrinhthietkewebsite12.jpg\" alt=\"\" width=\"100%\" height=\"auto\" /><br /><br /></span></p>\r\n<h4 style=\"font-weight: 800; margin: 0px; font-size: 17px; font-family: \'Open Sans Light\'; color: #292b2c; padding: 0px; text-align: justify; width: auto !important;\"><span style=\"font-family: \'Lora\'; font-size: 16px !important;\">Bước 1: Tiếp nhận y&ecirc;u cầu v&agrave; tư vấn&nbsp;</span></h4>\r\n<p style=\"font-family: \'Open Sans Light\'; margin: 0px; padding: 0px; color: #292b2c; font-size: 17px; text-align: justify;\"><span style=\"font-family: \'Lora\'; font-size: 16px !important;\">Sau khi nhận được những y&ecirc;u cầu của kh&aacute;ch h&agrave;ng, ch&uacute;ng t&ocirc;i sẽ t&igrave;m hiểu v&agrave; x&aacute;c nhận lại những y&ecirc;u cầu của kh&aacute;ch h&agrave;ng qua email hoặc điện thoại v&agrave; li&ecirc;n hệ để tư vấn t&igrave;m hiểu nhu cầu thiết kế website ở mức độ n&agrave;o.</span></p>\r\n<h4 style=\"font-weight: 800; margin: 0px; font-size: 17px; font-family: \'Open Sans Light\'; color: #292b2c; padding: 0px; text-align: justify; width: auto !important;\"><br style=\"margin: 0px; padding: 0px;\" /><span style=\"font-family: \'Lora\'; font-size: 16px !important;\">Bước 2: Tư vấn kh&aacute;ch h&agrave;ng v&agrave; b&aacute;o gi&aacute;</span></h4>\r\n<ul style=\"margin: 0px; padding: 0px; list-style: none; color: #292b2c; font-family: \'Open Sans Light\'; font-size: 17px; text-align: justify;\">\r\n<li style=\"list-style: none; margin: 0px; padding: 0px;\"><span style=\"font-family: \'Lora\'; font-size: 16px !important;\">Dựa v&agrave;o những th&ocirc;ng tin do kh&aacute;ch h&agrave;ng cung cấp, ch&uacute;ng t&ocirc;i ph&acirc;n t&iacute;ch để hiểu r&otilde; mục đ&iacute;ch, y&ecirc;u cầu, nguyện vọng ... của kh&aacute;ch h&agrave;ng.</span></li>\r\n<li style=\"list-style: none; margin: 0px; padding: 0px;\"><span style=\"font-family: \'Lora\'; font-size: 16px !important;\">Ch&uacute;ng t&ocirc;i tư vấn th&ecirc;m v&agrave; gửi b&aacute;o gi&aacute;</span></li>\r\n</ul>\r\n<h4 style=\"font-weight: 800; margin: 0px; font-size: 17px; font-family: \'Open Sans Light\'; color: #292b2c; padding: 0px; text-align: justify; width: auto !important;\"><br style=\"margin: 0px; padding: 0px;\" /><span style=\"font-family: \'Lora\'; font-size: 16px !important;\">Bước 3: K&yacute; hợp đồng thiết kế website&nbsp;</span></h4>\r\n<ul style=\"margin: 0px; padding: 0px; list-style: none; color: #292b2c; font-family: \'Open Sans Light\'; font-size: 17px; text-align: justify;\">\r\n<li style=\"list-style: none; margin: 0px; padding: 0px;\"><span style=\"font-family: \'Lora\'; font-size: 16px;\">Sau khi đ&atilde; chốt được y&ecirc;u cầu v&agrave; chi ph&iacute; thiết kế website &nbsp;hai b&ecirc;n tiến h&agrave;nh k&yacute; kết hợp đồng</span></li>\r\n<li style=\"list-style: none; margin: 0px; padding: 0px;\"><span style=\"font-family: \'Lora\'; font-size: 16px !important;\">Lập kế hoạch thực hiện dự &aacute;n:&nbsp;thời gian v&agrave; nh&acirc;n sự &nbsp;</span></li>\r\n</ul>\r\n<h4 style=\"font-weight: 800; margin: 0px; font-size: 17px; font-family: \'Open Sans Light\'; color: #292b2c; padding: 0px; text-align: justify; width: auto !important;\"><br style=\"margin: 0px; padding: 0px;\" /><span style=\"font-family: \'Lora\'; font-size: 16px !important;\">Bước 4: Thiết kế giao diện&nbsp;</span></h4>\r\n<p style=\"font-family: \'Open Sans Light\'; margin: 0px; padding: 0px; color: #292b2c; font-size: 17px; text-align: justify;\"><span style=\"font-family: \'Lora\'; font-size: 16px !important;\">Dựa tr&ecirc;n bản hồ sơ&nbsp;<a style=\"outline: none; text-decoration-line: none; color: black; margin: 0px; padding: 0px;\" title=\"Thiết kế website\" href=\"https://tamnguyen.com.vn/\" type=\"Thiet ke website\"><strong style=\"font-family: OpenSans !important; margin: 0px; padding: 0px;\">thiết kế website</strong></a>, chuy&ecirc;n gia thiết kế của ch&uacute;ng t&ocirc;i sẽ tiến h&agrave;nh c&ocirc;ng việc thiết kế s&aacute;ng tạo giao diện cho website. Tại bước n&agrave;y kh&aacute;ch h&agrave;ng c&oacute; thể c&ugrave;ng bổ sung, đ&oacute;ng g&oacute;p &yacute; kiến để ho&agrave;n thiện bản thiết kế.</span></p>\r\n<h4 style=\"font-weight: 800; margin: 0px; font-size: 17px; font-family: \'Open Sans Light\'; color: #292b2c; padding: 0px; text-align: justify; width: auto !important;\"><br style=\"margin: 0px; padding: 0px;\" /><span style=\"font-family: \'Lora\'; font-size: 16px !important;\">Bước 5: Duyệt giao diện Demo</span></h4>\r\n<ul style=\"margin: 0px; padding: 0px; list-style: none; color: #292b2c; font-family: \'Open Sans Light\'; font-size: 17px; text-align: justify;\">\r\n<li style=\"list-style: none; margin: 0px; padding: 0px;\"><span style=\"font-family: \'Lora\'; font-size: 16px !important;\">Gửi Demo giao diện đ&atilde; thiết kế cho kh&aacute;ch h&agrave;ng duyệt</span></li>\r\n<li style=\"list-style: none; margin: 0px; padding: 0px;\"><span style=\"font-family: \'Lora\'; font-size: 16px !important;\">Kh&aacute;ch h&agrave;ng duyệt demo v&agrave; y&ecirc;u cầu chỉnh sửa đến khi h&agrave;i l&ograve;ng</span></li>\r\n<li style=\"list-style: none; margin: 0px; padding: 0px;\"><span style=\"font-family: \'Lora\'; font-size: 16px !important;\">Chốt duyệt Demo giao diện website</span></li>\r\n</ul>\r\n<h4 style=\"font-weight: 800; margin: 0px; font-size: 17px; font-family: \'Open Sans Light\'; color: #292b2c; padding: 0px; text-align: justify; width: auto !important;\"><br style=\"margin: 0px; padding: 0px;\" /><span style=\"font-family: \'Lora\'; font-size: 16px !important;\">Bước 6: &nbsp;Thiết kế cơ sở dữ liệu v&agrave; Lập tr&igrave;nh t&iacute;nh năng</span></h4>\r\n<ul style=\"margin: 0px; padding: 0px; list-style: none; color: #292b2c; font-family: \'Open Sans Light\'; font-size: 17px; text-align: justify;\">\r\n<li style=\"list-style: none; margin: 0px; padding: 0px;\"><span style=\"font-family: \'Lora\'; font-size: 16px !important;\">Sau khi giao diện được thiết kế xong, lập tr&igrave;nh vi&ecirc;n tiến h&agrave;nh cắt html v&agrave; l&ecirc;n layout với css.</span></li>\r\n<li style=\"list-style: none; margin: 0px; padding: 0px;\"><span style=\"font-family: \'Lora\'; font-size: 16px !important;\">Tiến h&agrave;nh gh&eacute;p code v&agrave; ho&agrave;n thiện c&aacute;c t&iacute;nh năng</span></li>\r\n<li style=\"list-style: none; margin: 0px; padding: 0px;\"><span style=\"font-family: \'Lora\'; font-size: 16px !important;\">Cập nhật 1 số nội dung mẫu cho website&nbsp;</span></li>\r\n</ul>\r\n<h4 style=\"font-weight: 800; margin: 0px; font-size: 17px; font-family: \'Open Sans Light\'; color: #292b2c; padding: 0px; text-align: justify; width: auto !important;\"><br style=\"margin: 0px; padding: 0px;\" /><span style=\"font-family: \'Lora\'; font-size: 16px !important;\">Bước 7:&nbsp;Ph&aacute;t h&agrave;nh bản Beta v&agrave; Kiểm thử&nbsp;</span></h4>\r\n<div style=\"font-family: OpenSans; font-size: 14px;\">\r\n<ul style=\"margin: 0px; padding: 0px; list-style: none; color: #292b2c; font-family: \'Open Sans Light\'; font-size: 17px; text-align: justify;\">\r\n<li style=\"list-style: none; margin: 0px; padding: 0px;\"><span style=\"font-family: \'Lora\'; font-size: 16px !important;\">Ch&uacute;ng t&ocirc;i up website l&ecirc;n server demo để phục vụ việc kiểm tra t&iacute;nh năng trước khi nghiệm thu</span></li>\r\n<li style=\"list-style: none; margin: 0px; padding: 0px;\"><span style=\"font-family: \'Lora\'; font-size: 16px !important;\">Chạy thử c&aacute;c t&iacute;nh năng v&agrave; tiến h&agrave;nh sửa lỗi nếu c&oacute;</span></li>\r\n<li style=\"list-style: none; margin: 0px; padding: 0px;\"><span style=\"font-family: \'Lora\'; font-size: 16px !important;\">Bổ sung y&ecirc;u cầu v&agrave; lập tr&igrave;nh th&ecirc;m t&iacute;nh năng nếu cần&nbsp;</span></li>\r\n</ul>\r\n</div>\r\n<h4 style=\"font-weight: 800; margin: 0px; font-size: 17px; font-family: \'Open Sans Light\'; color: #292b2c; padding: 0px; text-align: justify; width: auto !important;\"><br style=\"margin: 0px; padding: 0px;\" /><span style=\"font-family: \'Lora\'; font-size: 16px !important;\">Bước 8:&nbsp;Chuyển giao v&agrave; Đ&agrave;o tạo&nbsp;</span></h4>\r\n<ul style=\"margin: 0px; padding: 0px; list-style: none; color: #292b2c; font-family: \'Open Sans Light\'; font-size: 17px; text-align: justify;\">\r\n<li style=\"list-style: none; margin: 0px; padding: 0px;\"><span style=\"font-family: \'Lora\'; font-size: 16px !important;\">Sau khi ho&agrave;n tất việc nghiệm thu, bản ph&aacute;t h&agrave;nh cuối sẽ được được đ&oacute;ng g&oacute;i v&agrave; triển khai tr&ecirc;n server hoặc hosting của kh&aacute;ch h&agrave;ng.</span></li>\r\n<li style=\"list-style: none; margin: 0px; padding: 0px;\"><span style=\"font-family: \'Lora\'; font-size: 16px !important;\">Triển khai c&ocirc;ng việc đ&agrave;o tạo, chuyển t&agrave;i liệu hướng dẫn sử dụng cho kh&aacute;ch h&agrave;ng.&nbsp;</span></li>\r\n<li style=\"list-style: none; margin: 0px; padding: 0px;\"><span style=\"font-family: \'Lora\'; font-size: 16px !important;\">Hỗ trợ c&aacute;c vấn đề kỹ thuật ph&aacute;t sinh trong qu&aacute; tr&igrave;nh sử dụng.</span></li>\r\n<li style=\"list-style: none; margin: 0px; padding: 0px;\"><span style=\"font-family: \'Lora\'; font-size: 16px !important;\">Website được bảo h&agrave;nh trong 12 th&aacute;ng kể từ ng&agrave;y b&agrave;n giao. Nếu kh&aacute;ch h&agrave;ng d&ugrave;ng server hoặc hosting của ch&uacute;ng t&ocirc;i, việc bảo h&agrave;nh l&agrave; vĩnh viễn v&agrave; miễn ph&iacute;.</span></li>\r\n</ul>\r\n</div>'),
(2, '/storage/services/vector-04-02.png', 'Bộ nhận diện thương hiệu', 'Tư vấn khách hàng lựa chọn được Bộ nhận diện thương hiệu chuyên nghiệp nhất cho doanh nghiệp.', '2020-07-04 00:17:00', '2020-08-07 18:24:49', '/bo-nhan-dien-thuong-hieu', 'services/August2020/CQA158HQXZ6Hb30eV2wn.jpeg', '/bo-nhan-dien-thuong-hieu', '<p style=\"padding: 0px; margin: 0px 0px 25px; list-style: none; border: 0px; outline: none; box-sizing: border-box; line-height: 26px; color: #2c2f34; font-family: \'Lora\'; font-size: 16px;\">Bộ nhận diện thương hiệu l&agrave; g&igrave;? Thực tế bộ Nhận diện thương hiệu của một c&ocirc;ng ty l&agrave; c&aacute;ch m&agrave; c&ocirc;ng ty đ&oacute; muốn kh&aacute;ch h&agrave;ng cảm nhận về m&igrave;nh. C&aacute;c th&agrave;nh phần của nhận diện thương hiệu (t&ecirc;n, logo, m&agrave;u sắc, c&acirc;u khẩu hiệu, kiểu chữ) được tạo ra để phản &aacute;nh gi&aacute; trị m&agrave; c&ocirc;ng ty mang lại cho kh&aacute;ch h&agrave;ng v&agrave; thị trường.</p>\r\n<h2 style=\"padding: 0px; margin: 0px 0px 0.5em; list-style: none; border: 0px; outline: none; box-sizing: border-box; line-height: 1.3; font-size: 27px; font-family: \'Roboto\'; color: #2c2f34;\"><span style=\"padding: 0px; margin: 0px; list-style: none; border: 0px; outline: none; box-sizing: border-box;\">Bộ nhận diện thương hiệu l&agrave; g&igrave;?</span></h2>\r\n<p style=\"padding: 0px; margin: 0px 0px 25px; list-style: none; border: 0px; outline: none; box-sizing: border-box; line-height: 26px; color: #2c2f34; font-family: \'Lora\'; font-size: 16px;\">Cần ph&acirc;n biệt Nhận diện thương hiệu v&agrave; H&igrave;nh ảnh thương hiệu &ndash; c&aacute;ch kh&aacute;ch h&agrave;ng thực sự cảm nhận về thương hiệu.</p>\r\n<p style=\"padding: 0px; margin: 0px 0px 25px; list-style: none; border: 0px; outline: none; box-sizing: border-box; line-height: 26px; color: #2c2f34; font-family: \'Lora\'; font-size: 16px;\"><img class=\"aligncenter wp-image-17562 size-full\" style=\"padding: 0px; margin: 6px auto; list-style: none; border: 0px none; outline: none; box-sizing: border-box; max-width: 100%; height: auto; clear: both; display: block; text-align: center;\" src=\"https://www.wtstats.info/wp-content/uploads/2020/01/bo-nhan-dien-thuong-hieu-la-gi-1.jpg\" sizes=\"(max-width: 701px) 100vw, 701px\" srcset=\"https://www.wtstats.info/wp-content/uploads/2020/01/bo-nhan-dien-thuong-hieu-la-gi-1.jpg 701w, https://www.wtstats.info/wp-content/uploads/2020/01/bo-nhan-dien-thuong-hieu-la-gi-1-300x214.jpg 300w\" alt=\"bộ nhận diện thương hiệu l&agrave; g&igrave;\" width=\"701\" height=\"500\" /></p>\r\n<p style=\"padding: 0px; margin: 0px 0px 25px; list-style: none; border: 0px; outline: none; box-sizing: border-box; line-height: 26px; color: #2c2f34; font-family: \'Lora\'; font-size: 16px;\">&nbsp;</p>\r\n<h3 style=\"padding: 0px; margin: 0px 0px 0.5em; list-style: none; border: 0px; outline: none; box-sizing: border-box; line-height: 1.3; font-size: 23px; font-family: \'Roboto\'; color: #2c2f34;\"><span style=\"padding: 0px; margin: 0px; list-style: none; border: 0px; outline: none; box-sizing: border-box;\">1. Thế n&agrave;o l&agrave; nhận diện thương hiệu?</span></h3>\r\n<p style=\"padding: 0px; margin: 0px 0px 25px; list-style: none; border: 0px; outline: none; box-sizing: border-box; line-height: 26px; color: #2c2f34; font-family: \'Lora\'; font-size: 16px;\">C&aacute;c c&ocirc;ng ty thường nhầm lẫn giữa hai kh&aacute;i niệm n&agrave;y: &Yacute; muốn về nhận thức v&agrave; nhận thức hay điều bạn n&oacute;i v&agrave; điều người nghe hiểu c&oacute; thể kh&aacute;c nhau. Trong kinh doanh v&agrave; l&agrave;m thương hiệu, nhận diện thương hiệu của một c&ocirc;ng ty l&agrave; những g&igrave; m&agrave; họ n&oacute;i về m&igrave;nh: Sản phẩm &ndash; dịch vụ m&agrave; họ cung cấp, chất lượng, lợi thế cạnh tranh&hellip; H&igrave;nh ảnh thương hiệu lại l&agrave; những g&igrave; m&agrave; c&ocirc;ng ch&uacute;ng cảm nhận về thương hiệu đ&oacute;. C&aacute;c c&ocirc;ng ty sẽ phải đối mặt với th&aacute;ch thức để x&acirc;y dựng nhận diện thương hiệu của m&igrave;nh v&agrave; đảm bảo rằng nhận diện đ&oacute; tr&ugrave;ng khớp với h&igrave;nh ảnh thương hiệu nhất c&oacute; thể.</p>\r\n<h3 style=\"padding: 0px; margin: 0px 0px 0.5em; list-style: none; border: 0px; outline: none; box-sizing: border-box; line-height: 1.3; font-size: 23px; font-family: \'Roboto\'; color: #2c2f34;\"><span style=\"padding: 0px; margin: 0px; list-style: none; border: 0px; outline: none; box-sizing: border-box;\">2. Bộ nhận diện thương hiệu l&agrave; g&igrave;?</span></h3>\r\n<p style=\"padding: 0px; margin: 0px 0px 25px; list-style: none; border: 0px; outline: none; box-sizing: border-box; line-height: 26px; color: #2c2f34; font-family: \'Lora\'; font-size: 16px;\">Bộ nhận dạng thương hiệu l&agrave; một t&agrave;i liệu hướng dẫn thiết lập ri&ecirc;ng biệt về tất cả c&aacute;c kh&iacute;a cạnh thương hiệu của c&ocirc;ng ty. Cần thiết lập những quy tắc để tạo ra sự thống nhất v&agrave; nhận dạng thương hiệu của bạn. Điều n&agrave;y bao gồm tất cả mọi thứ từ thiết kế một logo v&agrave; l&agrave;m thế n&agrave;o để n&oacute; c&oacute; thể được d&ugrave;ng tr&ecirc;n bao thư, giao diện web, th&ocirc;ng tin c&aacute; nh&acirc;n,&hellip;</p>\r\n<p style=\"padding: 0px; margin: 0px 0px 25px; list-style: none; border: 0px; outline: none; box-sizing: border-box; line-height: 26px; color: #2c2f34; font-family: \'Lora\'; font-size: 16px;\">Bộ nhận dạng thương hiệu gi&uacute;p cho c&aacute;c nh&acirc;n vi&ecirc;n sử dụng thương hiệu một c&aacute;ch đ&uacute;ng đắn v&agrave; truyền tải hết th&ocirc;ng điệp của thương hiệu. N&oacute; đưa ra mục ti&ecirc;u cho thương hiệu v&agrave; triết l&yacute; của c&ocirc;ng ty. Hơn nữa n&oacute; trả lời một số c&acirc;u hỏi quan trọng: T&ecirc;n thương hiệu c&oacute; đ&uacute;ng kh&ocirc;ng? Thương hiệu d&ugrave;ng ở đ&acirc;y c&oacute; sao kh&ocirc;ng? Những h&igrave;nh ảnh c&oacute; li&ecirc;n quan đến thương hiệu v&agrave; d&ograve;ng sản phẩm l&agrave; g&igrave;? C&aacute;ch đặt v&agrave; d&ugrave;ng logo của c&ocirc;ng ty như vậy c&oacute; được kh&ocirc;ng? Mọi người được ph&eacute;p n&oacute;i g&igrave; về thương hiệu? Chiến thuật tiếp thị được ưa th&iacute;ch l&agrave; c&aacute;i g&igrave;? Những chiến thuật tiếp thị kh&ocirc;ng n&ecirc;n được sử dụng l&agrave; g&igrave;?</p>\r\n<p style=\"padding: 0px; margin: 0px 0px 25px; list-style: none; border: 0px; outline: none; box-sizing: border-box; line-height: 26px; color: #2c2f34; font-family: \'Lora\'; font-size: 16px;\">N&oacute; cũng như một hướng dẫn cho c&aacute;c nh&agrave; thiết kế. Một bộ nhận dạng thương hiệu tốt sẽ cho thấy được tất cả c&aacute;c thiết kế cơ bản cần thiết để tạo ra v&agrave; phổ biến th&ocirc;ng tin về c&ocirc;ng ty &ndash; từ c&aacute;c kiểu chữ cho ph&eacute;p v&agrave; phong c&aacute;ch, đến bảng m&agrave;u, sử dụng h&igrave;nh ảnh, văn bản v&agrave; giai điệu, v&agrave; mi&ecirc;u tả cảm x&uacute;c của thương hiệu.</p>\r\n<h2 style=\"padding: 0px; margin: 0px 0px 0.5em; list-style: none; border: 0px; outline: none; box-sizing: border-box; line-height: 1.3; font-size: 27px; font-family: \'Roboto\'; color: #2c2f34; text-align: center;\"><span style=\"padding: 0px; margin: 0px; list-style: none; border: 0px; outline: none; box-sizing: border-box;\">Vai tr&ograve; quan trọng của bộ nhận diện thương hiệu l&agrave; g&igrave;?</span></h2>\r\n<p style=\"padding: 0px; margin: 0px 0px 25px; list-style: none; border: 0px; outline: none; box-sizing: border-box; line-height: 26px; color: #2c2f34; font-family: \'Lora\'; font-size: 16px;\">Tại sao những doanh nghiệp vừa v&agrave; nhỏ cũng cần x&acirc;y dựng bộ nhận diện thương hiệu chuy&ecirc;n nghiệp? Trong thực tế, hầu hết c&aacute;c doanh nghiệp vừa v&agrave; nhỏ đều c&oacute; những tư tưởng kh&ocirc;ng coi trọng hoặc kh&ocirc;ng đầu tư đ&uacute;ng đắn v&agrave;o x&acirc;y dựng bộ nhận dạng thương hiệu cho doanh nghiệp. C&aacute;c l&yacute; do dưới đ&acirc;y sẽ l&agrave;m r&otilde; vai tr&ograve; của bộ nhận diện thương hiệu.</p>\r\n<p style=\"padding: 0px; margin: 0px 0px 25px; list-style: none; border: 0px; outline: none; box-sizing: border-box; line-height: 26px; color: #2c2f34; font-family: \'Lora\'; font-size: 16px;\"><img class=\"alignnone size-full wp-image-17566 aligncenter\" style=\"padding: 0px; margin: 6px auto; list-style: none; border: 0px none; outline: none; box-sizing: border-box; max-width: 100%; height: auto; clear: both; display: block; text-align: center;\" src=\"https://www.wtstats.info/wp-content/uploads/2020/01/bo-nhan-dien-thuong-hieu-la-gi-2.jpg\" sizes=\"(max-width: 800px) 100vw, 800px\" srcset=\"https://www.wtstats.info/wp-content/uploads/2020/01/bo-nhan-dien-thuong-hieu-la-gi-2.jpg 800w, https://www.wtstats.info/wp-content/uploads/2020/01/bo-nhan-dien-thuong-hieu-la-gi-2-300x188.jpg 300w, https://www.wtstats.info/wp-content/uploads/2020/01/bo-nhan-dien-thuong-hieu-la-gi-2-768x480.jpg 768w\" alt=\"bộ nhận diện thương hiệu l&agrave; g&igrave;\" width=\"800\" height=\"500\" /></p>\r\n<h3 style=\"padding: 0px; margin: 0px 0px 0.5em; list-style: none; border: 0px; outline: none; box-sizing: border-box; line-height: 1.3; font-size: 23px; font-family: \'Roboto\'; color: #2c2f34;\"><span style=\"padding: 0px; margin: 0px; list-style: none; border: 0px; outline: none; box-sizing: border-box;\">1. Để truyền đạt gi&aacute; trị cốt l&otilde;i của doanh nghiệp</span></h3>\r\n<p style=\"padding: 0px; margin: 0px 0px 25px; list-style: none; border: 0px; outline: none; box-sizing: border-box; line-height: 26px; color: #2c2f34; font-family: \'Lora\'; font-size: 16px;\">Để thương hiệu c&oacute; thể truyền tải được gi&aacute; trị cốt l&otilde;i cũng như chất lượng của sản phẩm/ dịch vụ đến với to&agrave;n bộ kh&aacute;ch h&agrave;ng v&agrave; thị trường b&ecirc;n ngo&agrave;i, doanh nghiệp cần x&acirc;y dựng h&igrave;nh ảnh v&agrave; nhận diện thương hiệu đầy đủ, mạnh mẽ. Đồng thời, một logo v&agrave; bộ nhận dạng chuy&ecirc;n nghiệp cũng thể hiện rằng doanh nghiệp của bạn c&oacute; tr&aacute;ch nhiệm với kh&aacute;ch h&agrave;ng cũng như với ch&iacute;nh doanh nghiệp.</p>\r\n<h3 style=\"padding: 0px; margin: 0px 0px 0.5em; list-style: none; border: 0px; outline: none; box-sizing: border-box; line-height: 1.3; font-size: 23px; font-family: \'Roboto\'; color: #2c2f34;\"><span style=\"padding: 0px; margin: 0px; list-style: none; border: 0px; outline: none; box-sizing: border-box;\">2. Nổi bật giữa đ&aacute;m đ&ocirc;ng</span></h3>\r\n<p style=\"padding: 0px; margin: 0px 0px 25px; list-style: none; border: 0px; outline: none; box-sizing: border-box; line-height: 26px; color: #2c2f34; font-family: \'Lora\'; font-size: 16px;\">Doanh nghiệp bạn cần h&igrave;nh ảnh thương hiệu đủ mạnh để t&aacute;ch biệt sản phẩm, dịch vụ với c&aacute;c đối thủ cạnh tranh. Điều đ&oacute; gi&uacute;p tăng cường khả năng được nhận biết trong mắt kh&aacute;ch h&agrave;ng hơn.&nbsp; Một số kh&aacute;ch h&agrave;ng khi c&oacute; nhu cầu sử dụng sản phẩm, dịch vụ thường t&igrave;m kiếm v&agrave; cảm nhận về chất lượng của thương hiệu trước, nếu h&igrave;nh ảnh thương hiệu đủ khả năng tạo sự kh&aacute;c biệt n&oacute; sẽ t&aacute;c động đến quyết định mua h&agrave;ng của họ.</p>\r\n<h3 style=\"padding: 0px; margin: 0px 0px 0.5em; list-style: none; border: 0px; outline: none; box-sizing: border-box; line-height: 1.3; font-size: 23px; font-family: \'Roboto\'; color: #2c2f34;\"><span style=\"padding: 0px; margin: 0px; list-style: none; border: 0px; outline: none; box-sizing: border-box;\">3. Tăng cường độ trung th&agrave;nh của kh&aacute;ch h&agrave;ng</span></h3>\r\n<p style=\"padding: 0px; margin: 0px 0px 25px; list-style: none; border: 0px; outline: none; box-sizing: border-box; line-height: 26px; color: #2c2f34; font-family: \'Lora\'; font-size: 16px;\">Một h&igrave;nh ảnh thương hiệu mạnh sẽ hỗ trợ doanh nghiệp tăng cường độ trung th&agrave;nh của kh&aacute;ch h&agrave;ng. Điều n&agrave;y được gọi l&agrave; &ldquo;thương hiệu ưu ti&ecirc;n&rdquo;. Nếu x&acirc;y dựng h&igrave;nh ảnh thương hiệu đủ mạnh để lấn &aacute;t đối thủ, sản phẩm, dịch vụ của doanh nghiệp bạn sẽ nhanh ch&oacute;ng chiếm được vị tr&iacute; ưu ti&ecirc;n n&agrave;y. Nhất l&agrave; đối với những kh&aacute;ch h&agrave;ng cũ của bạn, khả năng quay lại sử dụng sản phẩm/dịch vụ sẽ c&agrave;ng tăng cao khi họ nhận thấy độ chuy&ecirc;n nghiệp, uy t&iacute;n của doanh nghiệp bạn tăng l&ecirc;n.</p>\r\n<h3 style=\"padding: 0px; margin: 0px 0px 0.5em; list-style: none; border: 0px; outline: none; box-sizing: border-box; line-height: 1.3; font-size: 23px; font-family: \'Roboto\'; color: #2c2f34;\"><span style=\"padding: 0px; margin: 0px; list-style: none; border: 0px; outline: none; box-sizing: border-box;\">4. L&agrave;m cho c&aacute;i t&ecirc;n của doanh nghiệp trở n&ecirc;n th&acirc;n thiện, dễ hiểu với kh&aacute;ch h&agrave;ng</span></h3>\r\n<p style=\"padding: 0px; margin: 0px 0px 25px; list-style: none; border: 0px; outline: none; box-sizing: border-box; line-height: 26px; color: #2c2f34; font-family: \'Lora\'; font-size: 16px;\">Nếu doanh nghiệp bạn c&oacute; một c&aacute;i t&ecirc;n d&agrave;i hoặc kh&oacute; nhớ, kh&oacute; ph&aacute;t &acirc;m khiến kh&aacute;ch h&agrave;ng thường nghĩ đến những thương hiệu kh&aacute;c nhiều hơn khi họ c&oacute; nhu cầu sử dụng c&ugrave;ng sản phẩm/ dịch vụ. Nhưng nếu c&aacute;i t&ecirc;n đ&oacute; đi c&ugrave;ng một logo th&uacute; vị, bắt mắt c&oacute; khả năng l&agrave;m r&otilde; t&iacute;nh chất, &yacute; nghĩa của c&aacute;i t&ecirc;n kh&oacute; nhớ sẽ khiến kh&aacute;ch h&agrave;ng thay đổi suy nghĩ v&agrave; lựa chọn thương hiệu của bạn.</p>\r\n<h3 style=\"padding: 0px; margin: 0px 0px 0.5em; list-style: none; border: 0px; outline: none; box-sizing: border-box; line-height: 1.3; font-size: 23px; font-family: \'Roboto\'; color: #2c2f34;\"><span style=\"padding: 0px; margin: 0px; list-style: none; border: 0px; outline: none; box-sizing: border-box;\">5. Trở th&agrave;nh một thương hiệu đ&aacute;ng nhớ</span></h3>\r\n<p style=\"padding: 0px; margin: 0px 0px 25px; list-style: none; border: 0px; outline: none; box-sizing: border-box; line-height: 26px; color: #2c2f34; font-family: \'Lora\'; font-size: 16px;\">40% mọi người ghi nhớ những g&igrave; họ thấy tốt hơn những g&igrave; họ nghe hay đọc. Một logo chuy&ecirc;n nghiệp, ấn tượng thường xuy&ecirc;n xuất hiện trong c&aacute;c vật phẩm của bộ nhận dạng, trong cuộc sống h&agrave;ng ng&agrave;y sẽ c&oacute; khả năng đi v&agrave;o tr&iacute; nhớ kh&aacute;ch h&agrave;ng cao hơn khi họ c&oacute; nhu cầu.</p>\r\n<h3 style=\"padding: 0px; margin: 0px 0px 0.5em; list-style: none; border: 0px; outline: none; box-sizing: border-box; line-height: 1.3; font-size: 23px; font-family: \'Roboto\'; color: #2c2f34;\"><span style=\"padding: 0px; margin: 0px; list-style: none; border: 0px; outline: none; box-sizing: border-box;\">6. Thuận lợi cho việc b&aacute;n h&agrave;ng, gia tăng doanh số</span></h3>\r\n<p style=\"padding: 0px; margin: 0px 0px 25px; list-style: none; border: 0px; outline: none; box-sizing: border-box; line-height: 26px; color: #2c2f34; font-family: \'Lora\'; font-size: 16px;\">Sự chuy&ecirc;n nghiệp của bộ nhận diện sẽ gi&uacute;p gia tăng niềm tin từ kh&aacute;ch h&agrave;ng, từ đ&oacute; hỗ trợ đội ngũ nh&acirc;n vi&ecirc;n kinh doanh th&ecirc;m tự tin, v&agrave; th&uacute;c đẩy nhanh ch&oacute;ng qu&aacute; tr&igrave;nh thuyết phục kh&aacute;ch h&agrave;ng th&agrave;nh c&ocirc;ng.</p>\r\n<h3 style=\"padding: 0px; margin: 0px 0px 0.5em; list-style: none; border: 0px; outline: none; box-sizing: border-box; line-height: 1.3; font-size: 23px; font-family: \'Roboto\'; color: #2c2f34;\"><span style=\"padding: 0px; margin: 0px; list-style: none; border: 0px; outline: none; box-sizing: border-box;\">7. Gia tăng gi&aacute; trị doanh nghiệp</span></h3>\r\n<p style=\"padding: 0px; margin: 0px 0px 25px; list-style: none; border: 0px; outline: none; box-sizing: border-box; line-height: 26px; color: #2c2f34; font-family: \'Lora\'; font-size: 16px;\">Hệ thống nhận diện thương hiệu đầy đủ v&agrave; chuy&ecirc;n nghiệp từ danh thiếp, logo v&agrave; c&aacute;c vật phẩm kh&aacute;c c&oacute; thể gi&uacute;p h&igrave;nh tượng doanh nghiệp của bạn trong t&acirc;m tr&iacute; kh&aacute;ch h&agrave;ng, đối t&aacute;c, nh&agrave; đầu tư lớn hơn thực tế.&nbsp; Điều đ&oacute; sẽ hỗ trợ đắc lực cho doanh nghiệp trong qu&aacute; tr&igrave;nh gọi vốn đầu tư, hay đấu thầu những dự &aacute;n lớn.</p>'),
(3, '/storage/services/vector-04-03.png', 'Quản trị nội dung website', 'Xây dựng nội dung phù hợp với từng sản phẩm, dịch vụ của quý khách. Đáp ứng chuẩn SEO mang lại hiệu quả cao nhất', '2020-07-04 00:18:00', '2020-08-05 21:54:42', '/truyen-thong-marketing', 'services/August2020/qgmrVgfpgGWn2jaixdum.png', '/truyen-thong-marketing', '<h2 style=\"box-sizing: border-box; color: #555555; width: 900px; margin-top: 5px; margin-bottom: 5px; text-rendering: optimizespeed; font-size: 20px; line-height: 1.3; font-family: \'Open Sans\', sans-serif;\">Quản trị website l&agrave; g&igrave;?</h2>\r\n<p style=\"box-sizing: border-box; margin-bottom: 0px; margin-top: 0px; line-height: 1.6; padding: 5px 0px; font-size: 16px; text-align: justify; color: #333333; font-family: \'Open Sans\', sans-serif;\">Quản trị website l&agrave; tập hợp nhiều việc được thực hiện sau khi x&acirc;y dựng website như viết nội dung cho website, xử l&yacute; c&aacute;c nội dung, h&igrave;nh ảnh ph&ugrave; hợp cũng như việc thực hiện tối ưu trải nghiệm người d&ugrave;ng. Người quản trị website (webmaster) thường được biết đến l&agrave; người th&agrave;nh thạo m&atilde; HTML, l&agrave; người trực tiếp quản l&yacute; tất cả c&aacute;c th&agrave;nh phần của trang web. Dựa tr&ecirc;n loại trang web họ quản l&yacute;, c&aacute;c webmaster thường th&agrave;nh thạo c&aacute;c ng&ocirc;n ngữ lập tr&igrave;nh kh&aacute;c nhau như Javascript, PHP,&hellip; Họ cũng thường biết c&aacute;ch thiết lập m&aacute;y chủ web giống như quản trị vi&ecirc;n của m&aacute;y chủ.</p>\r\n<p style=\"box-sizing: border-box; margin-bottom: 0px; margin-top: 0px; line-height: 1.6; padding: 5px 0px; font-size: 16px; text-align: justify; color: #333333; font-family: \'Open Sans\', sans-serif;\"><img class=\"alignnone size-full wp-image-367 lazy-load-active\" style=\"box-sizing: border-box; border-style: none; max-width: 100%; height: auto; display: inline-block; vertical-align: middle; transition: opacity 1s ease 0s; opacity: 1; margin: 5px 0px;\" src=\"https://sonqb.com/media/2017/06/quan-tri-web-la-gi.jpg\" sizes=\"(max-width: 750px) 100vw, 750px\" srcset=\"https://sonqb.com/media/2017/06/quan-tri-web-la-gi.jpg 750w, https://sonqb.com/media/2017/06/quan-tri-web-la-gi-600x297.jpg 600w\" alt=\"\" width=\"750\" height=\"371\" data-src=\"https://sonqb.com/media/2017/06/quan-tri-web-la-gi.jpg\" data-srcset=\"https://sonqb.com/media/2017/06/quan-tri-web-la-gi.jpg 750w, https://sonqb.com/media/2017/06/quan-tri-web-la-gi-600x297.jpg 600w\" /></p>\r\n<h2 style=\"box-sizing: border-box; color: #555555; width: 900px; margin-top: 5px; margin-bottom: 5px; text-rendering: optimizespeed; font-size: 20px; line-height: 1.3; font-family: \'Open Sans\', sans-serif;\"><span id=\"tai_sao_chung_ta_can_quan_tri_website\" class=\"ez-toc-section\" style=\"box-sizing: border-box; -webkit-box-decoration-break: clone;\"></span>Tại sao ch&uacute;ng ta cần quản trị website?</h2>\r\n<p style=\"box-sizing: border-box; margin-bottom: 0px; margin-top: 0px; line-height: 1.6; padding: 5px 0px; font-size: 16px; text-align: justify; color: #333333; font-family: \'Open Sans\', sans-serif;\">&ndash; Website c&oacute; một lộ tr&igrave;nh x&acirc;y dựng cũng như ph&aacute;t triển. V&igrave; thế, website phải được chăm s&oacute;c bằng c&aacute;c c&aacute;ch kh&aacute;c nhau như cập nhật nội dung, sửa lỗi v&agrave; bảo trị web.</p>\r\n<p style=\"box-sizing: border-box; margin-bottom: 0px; margin-top: 0px; line-height: 1.6; padding: 5px 0px; font-size: 16px; text-align: justify; color: #333333; font-family: \'Open Sans\', sans-serif;\">&ndash; Website ch&iacute;nh l&agrave; bộ mặt của doanh nghiệp hay c&aacute; nh&acirc;n tr&ecirc;n thế giới internet hiện nay. V&igrave; thế, website phải lu&ocirc;n được chăm s&oacute;c để gần gũi hơn với người d&ugrave;ng, gi&uacute;p người d&ugrave;ng tiếp cận doanh nghiệp dễ d&agrave;ng hơn.</p>\r\n<p style=\"box-sizing: border-box; margin-bottom: 0px; margin-top: 0px; line-height: 1.6; padding: 5px 0px; font-size: 16px; text-align: justify; color: #333333; font-family: \'Open Sans\', sans-serif;\">&ndash; C&ocirc;ng việc quan trọng lu&ocirc;n l&agrave; cập nhật nội dung, v&agrave; đ&oacute; l&agrave; một phần của quản trị website. Trải nghiệm người d&ugrave;ng cũng như khả năng tiếp cận của doanh nghiệp với người d&ugrave;ng phụ thuộc nhiều v&agrave;o nội dung website cung cấp cho họ.</p>\r\n<p style=\"box-sizing: border-box; margin-bottom: 0px; margin-top: 0px; line-height: 1.6; padding: 5px 0px; font-size: 16px; text-align: justify; color: #333333; font-family: \'Open Sans\', sans-serif;\"><img class=\"size-full wp-image-368 aligncenter lazy-load-active\" style=\"box-sizing: border-box; border-style: none; max-width: 100%; height: auto; display: block; vertical-align: middle; transition: opacity 1s ease 0s; opacity: 1; clear: both; margin: 0px auto;\" src=\"https://sonqb.com/media/2017/06/cong-viec-quan-tri-website.jpg\" sizes=\"(max-width: 750px) 100vw, 750px\" srcset=\"https://sonqb.com/media/2017/06/cong-viec-quan-tri-website.jpg 750w, https://sonqb.com/media/2017/06/cong-viec-quan-tri-website-600x425.jpg 600w\" alt=\"\" width=\"750\" height=\"531\" data-src=\"https://sonqb.com/media/2017/06/cong-viec-quan-tri-website.jpg\" data-srcset=\"https://sonqb.com/media/2017/06/cong-viec-quan-tri-website.jpg 750w, https://sonqb.com/media/2017/06/cong-viec-quan-tri-website-600x425.jpg 600w\" /></p>\r\n<h2 style=\"box-sizing: border-box; color: #555555; width: 900px; margin-top: 5px; margin-bottom: 5px; text-rendering: optimizespeed; font-size: 20px; line-height: 1.3; font-family: \'Open Sans\', sans-serif;\"><span id=\"cong_viec_quan_tri_website_bao_gom_nhung_gi\" class=\"ez-toc-section\" style=\"box-sizing: border-box; -webkit-box-decoration-break: clone;\"></span>C&ocirc;ng việc quản trị website bao gồm những g&igrave;?</h2>\r\n<p style=\"box-sizing: border-box; margin-bottom: 0px; margin-top: 0px; line-height: 1.6; padding: 5px 0px; font-size: 16px; text-align: justify; color: #333333; font-family: \'Open Sans\', sans-serif;\">Sẽ c&oacute; rất nhiều c&ocirc;ng việc để quản trị website, ph&aacute;t triển website bền vững, n&ecirc;n một quy tr&igrave;nh quản trị n&ecirc;n bao gồm:<br style=\"box-sizing: border-box;\" /><span style=\"box-sizing: border-box; font-weight: bolder;\">&ndash; Tạo nội dung, chỉnh sửa nội dung ph&ugrave; hợp:</span>&nbsp;Website khi được x&acirc;y dựng, nội dung c&oacute; sẵn chỉ mang t&iacute;nh demo cho sản phẩm, ch&iacute;nh v&igrave; thế khiến nội dung kh&ocirc;ng gắn kết đ&uacute;ng với dữ liệu của doanh nghiệp hoặc nội dung m&agrave; c&aacute; nh&acirc;n muốn truyền tải cho người d&ugrave;ng, kh&aacute;ch h&agrave;ng cảu m&igrave;nh. Ch&iacute;nh v&igrave; thế, người quản trị website sau khi tiếp nhận phải l&agrave; người tạo nội dung hay chỉnh sửa những nội dung sẵn c&oacute; cho ph&ugrave; hợp với website.<br style=\"box-sizing: border-box;\" /><span style=\"box-sizing: border-box; font-weight: bolder;\">&ndash; Thường xuy&ecirc;n cập nhật nội dung:</span>&nbsp;Bạn muốn kh&aacute;ch h&agrave;ng tương t&aacute;c với website, hiểu hơn về doanh nghiệp hay cập nhật những th&ocirc;ng tin hữu &iacute;ch cho họ. Th&igrave; cập nhật nội dung cho website ch&iacute;nh l&agrave; &ldquo;dấu ấn&rdquo; để hấp dẫn người xem, kh&aacute;ch h&agrave;ng. C&ugrave;ng những c&ocirc;ng dụng tr&ecirc;n, cập nhật nội dung thường xuy&ecirc;n cũng gi&uacute;p cho c&aacute;c c&ocirc;ng cụ t&igrave;m kiếm đ&aacute;nh gi&aacute; cao hơn website của bạn.<br style=\"box-sizing: border-box;\" /><span style=\"box-sizing: border-box; font-weight: bolder;\">&ndash; Kiểm tra t&igrave;nh trạng v&agrave; sửa lỗi ph&aacute;t sinh:</span>&nbsp;Thế giới internet thay đổi li&ecirc;n tục, ch&iacute;nh v&igrave; thế website cũng trở n&ecirc;n thường xuy&ecirc;n d&iacute;nh lỗi, do code web, do dữ liệu hay do thay đổi của m&ocirc;i trường internet. Những lỗi phổ biến m&agrave; người d&ugrave;ng hay gặp như lỗi h&igrave;nh ảnh, đường dẫn bị thay đổi, code bị lỗ hổng&hellip; Trong đ&oacute; rất nhiều lỗi g&acirc;y ảnh hưởng đến trải nghiệm web cũng như kh&aacute;ch h&agrave;ng.<br style=\"box-sizing: border-box;\" /><span style=\"box-sizing: border-box; font-weight: bolder;\">&ndash; Tối ưu những trải nghiệm:</span>&nbsp;Tối ưu website c&oacute; thể giải th&iacute;ch đơn giản l&agrave; việc tối ưu cho c&ocirc;ng cụ t&igrave;m kiếm như Google v&agrave; tối ưu cho trải nghiệm của người d&ugrave;ng.<br style=\"box-sizing: border-box;\" /><span style=\"box-sizing: border-box; font-weight: bolder;\">&ndash; Quảng b&aacute; website:</span>&nbsp;Website kh&ocirc;ng thể ph&aacute;t triển nếu kh&ocirc;ng thực hiện quảng b&aacute;, quảng c&aacute;o hay tối ưu để tiếp cận đến nhiều kh&aacute;ch h&agrave;ng, người d&ugrave;ng hơn. V&igrave; thế, tối ưu website, thực hiện ph&aacute;t triển website qua c&aacute;c k&ecirc;nh mạnh x&atilde; hội, t&igrave;m kiếm hay c&aacute;c diễn đ&agrave;n l&agrave; c&ocirc;ng việc của quản trị vi&ecirc;n website.</p>\r\n<h2 style=\"box-sizing: border-box; color: #555555; width: 900px; margin-top: 5px; margin-bottom: 5px; text-rendering: optimizespeed; font-size: 20px; line-height: 1.3; font-family: \'Open Sans\', sans-serif;\"><span id=\"nhiem_vu_va_trach_nhiem_cua_cac_webmaster\" class=\"ez-toc-section\" style=\"box-sizing: border-box; -webkit-box-decoration-break: clone;\"></span>Nhiệm vụ v&agrave; tr&aacute;ch nhiệm của c&aacute;c Webmaster</h2>\r\n<p style=\"box-sizing: border-box; margin-bottom: 0px; margin-top: 0px; line-height: 1.6; padding: 5px 0px; font-size: 16px; text-align: justify; color: #333333; font-family: \'Open Sans\', sans-serif;\">Trong m&ocirc;i trường kinh doanh tr&ecirc;n Internet hiện đại như ng&agrave;y nay th&igrave; Webmaster đ&oacute;ng vai tr&ograve; rất quan trọng gi&uacute;p cho c&aacute;c doanh nghiệp ph&aacute;t huy được sức mạnh tiềm ẩn của mỗi một trang Web.<br style=\"box-sizing: border-box;\" />C&aacute;c Webmaster sẽ đảm nhận 4 vai tr&ograve; sau:<br style=\"box-sizing: border-box;\" />&ndash; Bảo h&agrave;nh, bảo tr&igrave; Website<br style=\"box-sizing: border-box;\" />&ndash; Quản trị nội dung Website<br style=\"box-sizing: border-box;\" />&ndash; Vận h&agrave;nh Website<br style=\"box-sizing: border-box;\" />&ndash; B&aacute;o c&aacute;o, theo d&otilde;i t&igrave;nh h&igrave;nh hoạt động của Website</p>\r\n<h2 style=\"box-sizing: border-box; color: #555555; width: 900px; margin-top: 5px; margin-bottom: 5px; text-rendering: optimizespeed; font-size: 20px; line-height: 1.3; font-family: \'Open Sans\', sans-serif; text-align: justify;\"><span id=\"ky_nang_can_co_cua_webmaster\" class=\"ez-toc-section\" style=\"box-sizing: border-box; -webkit-box-decoration-break: clone;\"></span>Kỹ năng cần c&oacute; của Webmaster</h2>\r\n<p style=\"box-sizing: border-box; margin-bottom: 0px; margin-top: 0px; line-height: 1.6; padding: 5px 0px; font-size: 16px; text-align: justify; color: #333333; font-family: \'Open Sans\', sans-serif;\">Để đảm bảo được c&ocirc;ng việc quản trị Website được tốt nhất, c&aacute;c Webmaster cần c&oacute; những kỹ năng sau:<br style=\"box-sizing: border-box;\" />&ndash; Am hiểu về cấu tr&uacute;c Website<br style=\"box-sizing: border-box;\" />&ndash; Biết th&ecirc;m về c&aacute;c ng&ocirc;n ngữ lập tr&igrave;nh (Nếu giỏi th&igrave; c&agrave;ng tốt)<br style=\"box-sizing: border-box;\" />&ndash; Sử dụng th&agrave;nh thạo c&aacute;c c&ocirc;ng cụ quản trị Website như Goolge Webmaster Tool, Google Analytics,&hellip;<br style=\"box-sizing: border-box;\" />&ndash; Khả năng viết nội dung tốt<br style=\"box-sizing: border-box;\" />&ndash; Khả năng xử l&yacute; đồ họa cơ bản<br style=\"box-sizing: border-box;\" />&ndash; Cẩn thận, chỉnh chu trong c&ocirc;ng việc.<br style=\"box-sizing: border-box;\" />&ndash; C&oacute; kiến thức cơ bản về SEO v&agrave; Online Marketing: C&aacute;c Webmaster c&oacute; nhiệm vụ quan trọng l&agrave; tăng lượng người truy cập (traffic) đến Website v&agrave; tăng thứ hạng từ kh&oacute;a của trang Web tr&ecirc;n c&aacute;c c&ocirc;ng cụ t&igrave;m kiếm (Search Engine). Để l&agrave;m được điều n&agrave;y th&igrave; người quản trị Web phải am hiểu về SEO để tối ưu Website th&acirc;n thiện hơn với c&aacute;c Search Engine, m&agrave; ở nước ta th&igrave; Google l&agrave; chủ yếu. Kết quả l&agrave; c&aacute;c nội dung chất lượng m&agrave; bạn ph&aacute;t h&agrave;nh sẽ dễ d&agrave;ng đến được với kh&aacute;ch h&agrave;ng tiềm năng hơn th&ocirc;ng qua h&igrave;nh thức t&igrave;m kiếm. B&ecirc;n cạnh đ&oacute; th&igrave; c&aacute;c Webmaster sẽ gi&uacute;p bạn thực hiện c&ocirc;ng việc Content Marketing th&ocirc;ng qua c&aacute;c mạng x&atilde; hội để từ đ&oacute; h&igrave;nh th&agrave;nh v&agrave; gắn kết cộng đồng kh&aacute;ch h&agrave;ng trung th&agrave;nh cho doanh nghiệp.</p>\r\n<p style=\"box-sizing: border-box; margin-bottom: 0px; margin-top: 0px; line-height: 1.6; padding: 5px 0px; font-size: 16px; text-align: justify; color: #333333; font-family: \'Open Sans\', sans-serif;\">Đ&acirc;y l&agrave; những định nghĩa về quản trị website cũng như những y&ecirc;u cầu c&ocirc;ng việc thực hiện đối với một website khi tiếp nhận quản trị. Tầm quan trọng của quản trị website kh&ocirc;ng k&eacute;m bất kỳ phương thức tiếp x&uacute;c kh&aacute;ch h&agrave;ng n&agrave;o hiện nay.</p>');
INSERT INTO `services` (`id`, `icon`, `title`, `description`, `created_at`, `updated_at`, `link`, `image`, `slug`, `body`) VALUES
(4, '/storage/services/vector-04-04.png', 'Xây dựng ứng dụng di động', 'Các ứng dụng di động cho phép bạn sử dụng để truy cập vào các nội dung mà bạn mong muốn trên các thiết bị như điện thoại di động.', '2020-07-26 19:41:00', '2020-08-07 19:13:51', '/xay-dung-ung-dung-di-dong', 'services/August2020/auGByLSGkdgm4U8gq8Li.png', 'chi-tiet-xay-dung-ung-dung-di-dong', '<p style=\"margin-bottom: 0.19in; direction: ltr; line-height: 25px; color: #333333; background: #fdfdfd;\" align=\"justify\">&nbsp;</p>\r\n<h2>Lợi &iacute;ch khi x&acirc;y dựng ứng dụng di động</h2>\r\n<p><span style=\"color: #333333; font-family: \'Lora\', serif; font-size: 15px; text-align: justify;\">Hiện nay, c&aacute;c ứng dụng di động đang trở n&ecirc;n ph&aacute;t triển với xu thế của thời đại c&ocirc;ng nghệ số, nhằm đ&aacute;p ứng tốt cho nhu cầu thực tế của con người. Trong đ&oacute;, việc x&acirc;y dựng c&aacute;c ứng dụng ph&ugrave; hợp với lĩnh vực của doanh nghiệp đang trở n&ecirc;n cần thiết bởi những gi&aacute; trị sẽ đạt được:</span></p>\r\n<ul style=\"padding-left: 40px;\">\r\n<li style=\"color: #333333; font-family: \'Lora\', serif; font-size: 15px; text-align: justify;\">Đối với c&aacute;c doanh nghiệp việc đưa ra ứng dụng th&iacute;ch hợp đảm bảo đem tới gi&aacute; trị lợi nhuận cao, hỗ trợ gi&uacute;p việc ti&ecirc;u thụ sản phẩm một c&aacute;ch hiệu quả v&agrave; thu h&uacute;t được lượng lớn kh&aacute;ch h&agrave;ng tiềm năng hiệu quả. Đồng thời, th&ocirc;ng qua ứng dụng di động việc quảng c&aacute;o trở n&ecirc;n đơn giản, dễ d&agrave;ng.</li>\r\n<li style=\"box-sizing: border-box; color: #333333; font-family: \'Lora\', serif; font-size: 15px; text-align: justify;\">Ứng dụng di động tạo n&ecirc;n một k&ecirc;nh truyền th&ocirc;ng, tiếp thị v&agrave; quảng c&aacute;o hiệu quả với chi ph&iacute; hợp l&yacute;. Qua đ&oacute;, gi&uacute;p việc quảng b&aacute; h&igrave;nh ảnh của doanh nghiệp ra thị trường, tới kh&aacute;ch h&agrave;ng trở n&ecirc;n nhanh ch&oacute;ng v&agrave; thuận lợi hơn bao giờ hết.</li>\r\n<li style=\"box-sizing: border-box; color: #333333; font-family: \'Lora\', serif; font-size: 15px; text-align: justify;\">Ứng dụng di động gi&uacute;p kh&aacute;ch h&agrave;ng truy cập, t&igrave;m hiểu về sản phẩm, về doanh nghiệp của m&igrave;nh. Từ đ&oacute;, doanh nghiệp c&oacute; thể tiếp cận phản hồi của kh&aacute;ch h&agrave;ng, hỗ trợ nhanh ch&oacute;ng. Gi&uacute;p n&acirc;ng cao chất lượng dịch vụ với việc phục vụ hiệu quả 24/7, tăng th&ecirc;m lượng kh&aacute;ch h&agrave;ng trung th&agrave;nh thuận lợi.</li>\r\n<li style=\"box-sizing: border-box; color: #333333; font-family: \'Lora\', serif; font-size: 15px; text-align: justify;\">Ưu điểm nổi bật của <span style=\"box-sizing: border-box; font-weight: bold;\"><a href=\"https://htc-it.team/chi-tiet-dich-vu/4\">x&acirc;y dựng ứng dụng di động</a> </span>ch&iacute;nh l&agrave; việc c&oacute; thể đảm bảo gi&uacute;p x&acirc;y dựng h&igrave;nh ảnh thương hiệu chuy&ecirc;n nghiệp v&agrave; uy t&iacute;n nhất trong nhiều lĩnh vực gi&uacute;p doanh nghiệp được đ&aacute;nh gi&aacute; cao c&ugrave;ng sự to&agrave;n diện l&yacute; tưởng nhất. Điều đ&oacute; gi&uacute;p việc c&oacute; thể n&acirc;ng cao vị tr&iacute; tr&ecirc;n thị trường.</li>\r\n</ul>\r\n<p style=\"margin-bottom: 0.19in; direction: ltr; line-height: 25px; color: #333333; background: #fdfdfd;\" align=\"justify\"><span style=\"color: #333333;\"><span style=\"font-size: 12pt;\"><span style=\"letter-spacing: 0.1pt;\"><strong>App quản l&yacute; dữ liệu</strong></span></span></span></p>\r\n<p style=\"margin-bottom: 0.19in; direction: ltr; line-height: 25px; color: #333333; background: #fdfdfd;\" align=\"justify\"><span style=\"color: #333333;\"><span style=\"font-size: 12pt;\"><span style=\"letter-spacing: 0.1pt;\">Đ&acirc;y l&agrave; loại h&igrave;nh app đơn giản nhất do đ&oacute; c&oacute; mức gi&aacute; thấp nhất chỉ 1000$. Qu&yacute; kh&aacute;ch sẽ được ứng dụng bao gồm c&aacute;c t&iacute;nh năng như: quản l&yacute;, truy xuất v&agrave; đồng bộ dữ liệu, kết nối file, support 24/7.</span></span></span></p>\r\n<p style=\"margin-bottom: 0.19in; direction: ltr; line-height: 25px; color: #333333; background: #fdfdfd;\" align=\"justify\"><span style=\"color: #333333;\"><span style=\"font-size: 12pt;\"><span style=\"letter-spacing: 0.1pt;\"><strong>App mạng x&atilde; hội</strong></span></span></span></p>\r\n<p style=\"margin-bottom: 0.19in; direction: ltr; line-height: 25px; color: #333333; background: #fdfdfd;\" align=\"justify\"><span style=\"color: #333333;\"><span style=\"font-size: 12pt;\"><span style=\"letter-spacing: 0.1pt;\">Mức chi ph&iacute; thiết kế app trong lĩnh vực n&agrave;y c&oacute;&nbsp;</span></span></span><span style=\"color: #333333;\"><span style=\"font-size: 12pt;\"><span style=\"letter-spacing: 0.1pt;\"><strong>gi&aacute; 2000$</strong></span></span></span><span style=\"color: #333333;\"><span style=\"font-size: 12pt;\"><span style=\"letter-spacing: 0.1pt;\">&nbsp;với c&aacute;c t&iacute;nh năng: kết nối cộng đồng, file, camera; t&iacute;nh năng chat, timeline, follower, comment, like; y&ecirc;u cầu t&ugrave;y chọn v&agrave; support 24/7.</span></span></span></p>\r\n<h3 class=\"western\" style=\"margin-top: 0in; margin-bottom: 0in; direction: ltr; line-height: 17.3333px; break-after: auto; font-family: \'Times New Roman\', serif; font-size: 13pt; color: #333333; background-image: initial; background-position: initial; background-size: initial; background-repeat: initial; background-attachment: initial; background-origin: initial; background-clip: initial;\"><strong><span style=\"color: #333333;\"><span style=\"font-size: 15pt;\">ỨNG DỤNG RAO VẶT</span></span></strong></h3>\r\n<p style=\"margin-bottom: 0.1in; direction: ltr; line-height: 25px; color: #333333; margin-top: 0.1in; background-image: initial; background-position: initial; background-size: initial; background-repeat: initial; background-attachment: initial; background-origin: initial; background-clip: initial;\"><img src=\"http://htc-it.team//storage/services/August2020/header.png\" width=\"100%\" height=\"inherit\" /></p>\r\n<p style=\"margin-bottom: 0.1in; direction: ltr; line-height: 25px; color: #333333; margin-top: 0.1in; background-image: initial; background-position: initial; background-size: initial; background-repeat: initial; background-attachment: initial; background-origin: initial; background-clip: initial;\"><span style=\"font-size: 12pt;\"><span style=\"color: #333333;\"><span style=\"font-size: 15px;\">C&oacute; lẽ c&aacute;c ứng dụng rao vặt kh&ocirc;ng qu&aacute; xa lạ với bạn.</span></span></span></p>\r\n<p style=\"margin-bottom: 0.1in; direction: ltr; line-height: 25px; color: #333333; margin-top: 0.1in; background-image: initial; background-position: initial; background-size: initial; background-repeat: initial; background-attachment: initial; background-origin: initial; background-clip: initial;\"><span style=\"font-size: 12pt;\"><span style=\"color: #333333;\"><span style=\"font-size: 15px;\">Bạn đ&atilde; từng sử dụng c&aacute;c ứng dụng rao vặt xe &ocirc; t&ocirc;, bất động sản, .... với những c&aacute;i t&ecirc;n quen thuộc như Chợ Tốt, 5giay.vn, vatgia.com....</span></span></span></p>\r\n<h3 class=\"western\" style=\"margin-top: 0in; margin-bottom: 0in; direction: ltr; line-height: 17.3333px; break-after: auto; font-family: \'Times New Roman\', serif; font-size: 13pt; color: #333333; background-image: initial; background-position: initial; background-size: initial; background-repeat: initial; background-attachment: initial; background-origin: initial; background-clip: initial;\"><strong><span style=\"color: #333333;\"><span style=\"font-size: 15pt;\">ỨNG DỤNG THƯƠNG MẠI ĐIỆN TỬ</span></span></strong></h3>\r\n<p style=\"margin-bottom: 0.1in; direction: ltr; line-height: 25px; color: #333333; margin-top: 0.1in; background-image: initial; background-position: initial; background-size: initial; background-repeat: initial; background-attachment: initial; background-origin: initial; background-clip: initial;\"><img src=\"http://htc-it.team//storage/services/August2020/a.png\" alt=\"\" width=\"100%\" height=\"inherit\" /></p>\r\n<p style=\"margin-bottom: 0.1in; direction: ltr; line-height: 25px; color: #333333; margin-top: 0.1in; background-image: initial; background-position: initial; background-size: initial; background-repeat: initial; background-attachment: initial; background-origin: initial; background-clip: initial;\"><span style=\"font-size: 12pt;\"><span style=\"color: #333333;\"><span style=\"font-size: 15px;\">Với xu hướng sử dụng mobile kh&ocirc;ng ngừng gia tăng ch&uacute;ng ta c&oacute; thể dễ d&agrave;ng thấy được xu hướng chuyển sang tr&igrave;nh duyệt di động từ người ti&ecirc;u d&ugrave;ng trong những năm qua.</span></span></span></p>\r\n<p style=\"margin-bottom: 0.1in; direction: ltr; line-height: 25px; color: #333333; margin-top: 0.1in; background-image: initial; background-position: initial; background-size: initial; background-repeat: initial; background-attachment: initial; background-origin: initial; background-clip: initial;\"><span style=\"font-size: 12pt;\"><span style=\"color: #333333;\"><span style=\"font-size: 15px;\">C&aacute;c ứng dụng thương mại điện tử hiện vẫn đang l&agrave;m mưa l&agrave;m gi&oacute; tr&ecirc;n thị trường. V&igrave; vậy nếu bạn muốn doanh nghiệp m&igrave;nh đi đầu v&agrave; h&ograve;a c&ugrave;ng xu thế th&igrave; đừng bỏ qua cơ hội viết app b&aacute;n h&agrave;ng d&agrave;nh cho doanh nghiệp của m&igrave;nh.</span></span></span></p>\r\n<p style=\"margin-bottom: 0.1in; direction: ltr; line-height: 25px; color: #333333; margin-top: 0.1in; background-image: initial; background-position: initial; background-size: initial; background-repeat: initial; background-attachment: initial; background-origin: initial; background-clip: initial;\"><span style=\"font-size: 12pt;\"><span style=\"color: #333333;\"><span style=\"font-size: 15px;\">Bạn đ&atilde; từng d&ugrave;ng c&aacute;c app thương mại điện tử như Tiki, Lazada, Shopee, Sendo, Adayroi... v&agrave; cảm thấy v&ocirc; c&ugrave;ng th&iacute;ch ch&uacute;ng</span></span></span></p>\r\n<h3 class=\"western\" style=\"margin-top: 0in; margin-bottom: 0in; direction: ltr; line-height: 17.3333px; break-after: auto; font-family: \'Times New Roman\', serif; font-size: 13pt; color: #333333; background-image: initial; background-position: initial; background-size: initial; background-repeat: initial; background-attachment: initial; background-origin: initial; background-clip: initial;\"><strong><span style=\"color: #333333;\"><span style=\"font-size: 15pt;\">ỨNG DỤNG ĐẶT V&Eacute; BOOKING PH&Ograve;NG</span></span></strong></h3>\r\n<p style=\"margin-bottom: 0.1in; direction: ltr; line-height: 25px; color: #333333; margin-top: 0.1in; background-image: initial; background-position: initial; background-size: initial; background-repeat: initial; background-attachment: initial; background-origin: initial; background-clip: initial;\"><span style=\"font-size: 12pt;\"><span style=\"color: #333333;\"><span style=\"font-size: 15px;\">Cuộc chơi trong lĩnh vực đặt v&eacute; book ph&ograve;ng đ&atilde; thay đổi rất nhanh v&agrave; từ rất sớm c&ugrave;ng với xu hướng chuyển dịch sang sử dụng mobile từ người d&ugrave;ng.</span></span></span></p>\r\n<p style=\"margin-bottom: 0.1in; direction: ltr; line-height: 25px; color: #333333; margin-top: 0.1in; background-image: initial; background-position: initial; background-size: initial; background-repeat: initial; background-attachment: initial; background-origin: initial; background-clip: initial;\"><span style=\"font-size: 12pt;\"><span style=\"color: #333333;\"><span style=\"font-size: 15px;\">Chẳng những thế m&agrave; nhiều t&ecirc;n tuổi đ&igrave;nh đ&aacute;m trong lĩnh vưc đặt v&eacute; booking ph&ograve;ng như Traveloka, Trivago, Booking, Hilton HHonors... l&agrave; những ứng dụng đặt v&eacute; book ph&ograve;ng top đầu.</span></span></span></p>\r\n<h3 class=\"western\" style=\"margin-top: 0in; margin-bottom: 0in; direction: ltr; line-height: 17.3333px; break-after: auto; font-family: \'Times New Roman\', serif; font-size: 13pt; color: #333333; background-image: initial; background-position: initial; background-size: initial; background-repeat: initial; background-attachment: initial; background-origin: initial; background-clip: initial;\"><strong><span style=\"color: #333333;\"><span style=\"font-size: 15pt;\">QUY TR&Igrave;NH TIẾP NHẬN V&Agrave; B&Agrave;N GIAO CHO KH&Aacute;CH H&Agrave;NG</span></span></strong></h3>\r\n<p>&nbsp;</p>\r\n<p style=\"margin-bottom: 0.19in; direction: ltr; line-height: 25px; color: #333333; background: #fdfdfd;\" align=\"justify\"><span style=\"color: #333333;\"><span style=\"font-size: 15px;\"><span style=\"letter-spacing: 0.1pt;\">Bước </span></span></span><span style=\"color: #333333;\"><span style=\"font-size: 15px;\"><span style=\"letter-spacing: 0.1pt;\">1</span></span></span><span style=\"color: #333333;\"><span style=\"font-size: 15px;\"><span style=\"letter-spacing: 0.1pt;\">: </span></span></span><span style=\"color: #333333;\"><span style=\"font-size: 15px;\"><span style=\"letter-spacing: 0.1pt;\">T</span></span></span><span style=\"color: #333333;\"><span style=\"font-size: 15px;\"><span style=\"letter-spacing: 0.1pt;\">iếp nhận y&ecirc;u cầu v&agrave; tư vấn cụ thể cho kh&aacute;ch về sản phẩm</span></span></span></p>\r\n<p style=\"margin-bottom: 0.19in; direction: ltr; line-height: 25px; color: #333333; background: #fdfdfd;\" align=\"justify\"><span style=\"color: #333333;\"><span style=\"font-size: 15px;\"><span style=\"letter-spacing: 0.1pt;\">Bước </span></span></span><span style=\"color: #333333;\"><span style=\"font-size: 15px;\"><span style=\"letter-spacing: 0.1pt;\">2</span></span></span><span style=\"color: #333333;\"><span style=\"font-size: 15px;\"><span style=\"letter-spacing: 0.1pt;\">: </span></span></span><span style=\"color: #333333;\"><span style=\"font-size: 15px;\"><span style=\"letter-spacing: 0.1pt;\">B</span></span></span><span style=\"color: #333333;\"><span style=\"font-size: 15px;\"><span style=\"letter-spacing: 0.1pt;\">&aacute;o gi&aacute; app, chi ph&iacute; v&agrave; thời gian viết app</span></span></span></p>\r\n<p style=\"margin-bottom: 0.19in; direction: ltr; line-height: 25px; color: #333333; background: #fdfdfd;\" align=\"justify\"><span style=\"color: #333333;\"><span style=\"font-size: 15px;\"><span style=\"letter-spacing: 0.1pt;\">Bước </span></span></span><span style=\"color: #333333;\"><span style=\"font-size: 15px;\"><span style=\"letter-spacing: 0.1pt;\">3</span></span></span><span style=\"color: #333333;\"><span style=\"font-size: 15px;\"><span style=\"letter-spacing: 0.1pt;\">: </span></span></span><span style=\"color: #333333;\"><span style=\"font-size: 15px;\"><span style=\"letter-spacing: 0.1pt;\">K</span></span></span><span style=\"color: #333333;\"><span style=\"font-size: 15px;\"><span style=\"letter-spacing: 0.1pt;\">&iacute; </span></span></span><span style=\"color: #333333;\"><span style=\"font-size: 15px;\"><span style=\"letter-spacing: 0.1pt;\">hợp đồng</span></span></span></p>\r\n<p style=\"margin-bottom: 0.19in; direction: ltr; line-height: 25px; color: #333333; background: #fdfdfd;\" align=\"justify\"><span style=\"color: #333333;\"><span style=\"font-size: 15px;\"><span style=\"letter-spacing: 0.1pt;\">Bước </span></span></span><span style=\"color: #333333;\"><span style=\"font-size: 15px;\"><span style=\"letter-spacing: 0.1pt;\">4</span></span></span><span style=\"color: #333333;\"><span style=\"font-size: 15px;\"><span style=\"letter-spacing: 0.1pt;\">: </span></span></span><span style=\"color: #333333;\"><span style=\"font-size: 15px;\"><span style=\"letter-spacing: 0.1pt;\">T</span></span></span><span style=\"color: #333333;\"><span style=\"font-size: 15px;\"><span style=\"letter-spacing: 0.1pt;\">hiết kế giao diện v&agrave; gửi kh&aacute;ch </span></span></span><span style=\"color: #333333;\"><span style=\"font-size: 15px;\"><span style=\"letter-spacing: 0.1pt;\">h&agrave;ng</span></span></span></p>\r\n<p style=\"margin-bottom: 0.19in; direction: ltr; line-height: 25px; color: #333333; background: #fdfdfd;\" align=\"justify\"><span style=\"color: #333333;\"><span style=\"font-size: 15px;\"><span style=\"letter-spacing: 0.1pt;\">Bước </span></span></span><span style=\"color: #333333;\"><span style=\"font-size: 15px;\"><span style=\"letter-spacing: 0.1pt;\">5</span></span></span><span style=\"color: #333333;\"><span style=\"font-size: 15px;\"><span style=\"letter-spacing: 0.1pt;\">: </span></span></span><span style=\"color: #333333;\"><span style=\"font-size: 15px;\"><span style=\"letter-spacing: 0.1pt;\">K</span></span></span><span style=\"color: #333333;\"><span style=\"font-size: 15px;\"><span style=\"letter-spacing: 0.1pt;\">iểm tra giao diện</span></span></span></p>\r\n<p style=\"margin-bottom: 0.19in; direction: ltr; line-height: 25px; color: #333333; background: #fdfdfd;\" align=\"justify\"><span style=\"color: #333333;\"><span style=\"font-size: 15px;\"><span style=\"letter-spacing: 0.1pt;\">Bước </span></span></span><span style=\"color: #333333;\"><span style=\"font-size: 15px;\"><span style=\"letter-spacing: 0.1pt;\">6</span></span></span><span style=\"color: #333333;\"><span style=\"font-size: 15px;\"><span style=\"letter-spacing: 0.1pt;\">: </span></span></span><span style=\"color: #333333;\"><span style=\"font-size: 15px;\"><span style=\"letter-spacing: 0.1pt;\">S</span></span></span><span style=\"color: #333333;\"><span style=\"font-size: 15px;\"><span style=\"letter-spacing: 0.1pt;\">au khi chốt giao diện, code t&iacute;nh năng app</span></span></span></p>\r\n<p style=\"margin-bottom: 0.19in; direction: ltr; line-height: 25px; color: #333333; background: #fdfdfd;\" align=\"justify\"><span style=\"color: #333333;\"><span style=\"font-size: 15px;\"><span style=\"letter-spacing: 0.1pt;\">Bước </span></span></span><span style=\"color: #333333;\"><span style=\"font-size: 15px;\"><span style=\"letter-spacing: 0.1pt;\">7</span></span></span><span style=\"color: #333333;\"><span style=\"font-size: 15px;\"><span style=\"letter-spacing: 0.1pt;\">: </span></span></span><span style=\"color: #333333;\"><span style=\"font-size: 15px;\"><span style=\"letter-spacing: 0.1pt;\">B</span></span></span><span style=\"color: #333333;\"><span style=\"font-size: 15px;\"><span style=\"letter-spacing: 0.1pt;\">&agrave;n giao cho kh&aacute;ch chạy kiểm thử</span></span></span></p>\r\n<p style=\"margin-bottom: 0.19in; direction: ltr; line-height: 25px; color: #333333; background: #fdfdfd;\" align=\"justify\"><span style=\"color: #333333;\"><span style=\"font-size: 15px;\"><span style=\"letter-spacing: 0.1pt;\">Bước </span></span></span><span style=\"color: #333333;\"><span style=\"font-size: 15px;\"><span style=\"letter-spacing: 0.1pt;\">8:</span></span></span> <span style=\"color: #333333;\"><span style=\"font-size: 15px;\"><span style=\"letter-spacing: 0.1pt;\">N</span></span></span><span style=\"color: #333333;\"><span style=\"font-size: 15px;\"><span style=\"letter-spacing: 0.1pt;\">ghiệm thu</span></span></span></p>');

-- --------------------------------------------------------

--
-- Cấu trúc bảng cho bảng `settings`
--

CREATE TABLE `settings` (
  `id` int(10) UNSIGNED NOT NULL,
  `key` varchar(191) COLLATE utf8mb4_unicode_ci NOT NULL,
  `display_name` varchar(191) COLLATE utf8mb4_unicode_ci NOT NULL,
  `value` text COLLATE utf8mb4_unicode_ci DEFAULT NULL,
  `details` text COLLATE utf8mb4_unicode_ci DEFAULT NULL,
  `type` varchar(191) COLLATE utf8mb4_unicode_ci NOT NULL,
  `order` int(11) NOT NULL DEFAULT 1,
  `group` varchar(191) COLLATE utf8mb4_unicode_ci DEFAULT NULL
) ENGINE=InnoDB DEFAULT CHARSET=utf8mb4 COLLATE=utf8mb4_unicode_ci;

--
-- Đang đổ dữ liệu cho bảng `settings`
--

INSERT INTO `settings` (`id`, `key`, `display_name`, `value`, `details`, `type`, `order`, `group`) VALUES
(1, 'site.title', 'Site Title', 'Site Title', '', 'text', 2, 'Site'),
(2, 'site.description', 'Site Description', 'Site Description', '', 'text', 3, 'Site'),
(3, 'site.logo', 'Site Logo', 'settings/July2020/1CH1r98Bn7LrFzL0GvdV.png', '', 'image', 1, 'Site'),
(4, 'site.google_analytics_tracking_id', 'Google Analytics Tracking ID', NULL, '', 'text', 4, 'Site'),
(5, 'admin.bg_image', 'Admin Background Image', '', '', 'image', 5, 'Admin'),
(6, 'admin.title', 'Admin Title', 'Kenna Technology Admin Panel', '', 'text', 1, 'Admin'),
(7, 'admin.description', 'Admin Description', 'Welcome to Voyager. The Missing Admin for Laravel', '', 'text', 2, 'Admin'),
(8, 'admin.loader', 'Admin Loader', '', '', 'image', 3, 'Admin'),
(9, 'admin.icon_image', 'Admin Icon Image', '', '', 'image', 4, 'Admin'),
(10, 'admin.google_analytics_client_id', 'Google Analytics Client ID (used for admin dashboard)', NULL, '', 'text', 1, 'Admin'),
(12, 'site.about', 'About Us', '<p style=\"box-sizing: border-box; margin: 0px 0px 30px; padding: 0px; line-height: 22px; font-family: Roboto, sans-serif;\"><span style=\"box-sizing: border-box; margin: 0px; padding: 0px; color: #000000; font-size: 15px; text-align: justify;\">IT Center được x&acirc;y dựng bởi những c&aacute; nh&acirc;n t&acirc;m huyết, lu&ocirc;n lu&ocirc;n nỗ lực kh&ocirc;ng ngừng để mang đến cho Kh&aacute;ch H&agrave;ng sự kh&aacute;c biệt v&agrave; đột ph&aacute;. V&igrave; thế, c&aacute;c phần mềm tại IT Center li&ecirc;n tục được cập nhật, cải tiến v&agrave; n&acirc;ng cao để ph&ugrave; hợp với sự đổi mới của thị trường.&nbsp;</span></p>\r\n<p style=\"box-sizing: border-box; margin: 0px 0px 30px; padding: 0px; line-height: 22px; font-family: Roboto, sans-serif;\"><span style=\"box-sizing: border-box; margin: 0px; padding: 0px; color: #000000; font-size: 15px; text-align: justify;\">B&ecirc;n cạnh đ&oacute;, IT Center với đội ngũ nh&acirc;n vi&ecirc;n chuyện nghiệp, hiệu quả, kh&ocirc;ng ngừng phấn đấu v&agrave; được đ&agrave;o tạo li&ecirc;n tục để ph&ugrave; hợp với sự đổi mới, cập nhật thường xuy&ecirc;n của thị trường sẽ l&agrave;m h&agrave;i l&ograve;ng kh&aacute;ch h&agrave;ng, ngay cả những kh&aacute;ch h&agrave;ng kh&oacute; t&iacute;nh nhất.</span></p>\r\n<p style=\"box-sizing: border-box; margin: 0px 0px 30px; padding: 0px; line-height: 22px; font-family: Roboto, sans-serif;\"><span style=\"box-sizing: border-box; margin: 0px; padding: 0px; color: #000000; font-size: 15px; text-align: justify;\">Trong tương lai, ch&uacute;ng t&ocirc;i hướng tới trở th&agrave;nh Đơn vị cung cấp số 1 về ph&aacute;t triển phần mềm.</span></p>', NULL, 'rich_text_box', 6, 'Site'),
(18, 'site.contact', 'lien_he', '<p><span style=\"color: #ffffff;\"><span style=\"box-sizing: border-box; margin: 0px 0px 5px; padding: 0px; display: block; font-size: 16px; font-family: Lora, sans-serif;\"> Số 65, Đ. Ho&agrave;ng Văn Thụ, P. Phan Đ&igrave;nh Ph&ugrave;ng, TP. Th&aacute;i Nguy&ecirc;n</span></span></p>\r\n<p><span style=\"color: #ffffff;\"><span style=\"box-sizing: border-box; margin: 0px 0px 5px; padding: 0px; display: block; font-size: 16px; font-family: Lora, sans-serif;\"> 0988 888 999</span><span style=\"box-sizing: border-box; margin: 0px 0px 5px; padding: 0px; display: block; font-size: 16px; font-family: Lora, sans-serif;\"> htcenter@htcenter.edu.vn</span><span style=\"box-sizing: border-box; margin: 0px 0px 5px; padding: 0px; display: block; font-size: 16px; font-family: Lora, sans-serif;\"> htc-it.team</span></span></p>', NULL, 'rich_text_box', 11, 'Site'),
(19, 'site.email', 'Email', 'kennatech@htcenter.edu.vn', NULL, 'text', 13, 'Site'),
(20, 'site.face', 'Facebook', 'https://www.facebook.com/STH.ITCenter/', NULL, 'text', 12, 'Site'),
(21, 'site.icon', 'Icon', 'settings/August2020/PnlghRRdu8YKUe30FGTy.png', NULL, 'image', 14, 'Site'),
(22, 'site.address', 'Address', 'Tầng 2, Số 65 Hoàng Văn Thụ, P. Phan Đình Phùng, TP Thái Nguyên', NULL, 'text_area', 15, 'Site'),
(23, 'site.hotline', 'Hotline', '0943.811.966', NULL, 'text_area', 16, 'Site');

-- --------------------------------------------------------

--
-- Cấu trúc bảng cho bảng `teams`
--

CREATE TABLE `teams` (
  `id` int(10) UNSIGNED NOT NULL,
  `image` varchar(255) COLLATE utf8mb4_unicode_ci DEFAULT NULL,
  `name` varchar(100) COLLATE utf8mb4_unicode_ci DEFAULT NULL,
  `job` varchar(100) COLLATE utf8mb4_unicode_ci DEFAULT NULL,
  `content` varchar(255) COLLATE utf8mb4_unicode_ci DEFAULT NULL,
  `created_at` timestamp NULL DEFAULT NULL,
  `updated_at` timestamp NULL DEFAULT NULL,
  `facebook` varchar(255) COLLATE utf8mb4_unicode_ci DEFAULT NULL,
  `zalo` varchar(255) COLLATE utf8mb4_unicode_ci DEFAULT NULL,
  `email` varchar(255) COLLATE utf8mb4_unicode_ci DEFAULT NULL,
  `phone` varchar(255) COLLATE utf8mb4_unicode_ci DEFAULT NULL
) ENGINE=InnoDB DEFAULT CHARSET=utf8mb4 COLLATE=utf8mb4_unicode_ci;

--
-- Đang đổ dữ liệu cho bảng `teams`
--

INSERT INTO `teams` (`id`, `image`, `name`, `job`, `content`, `created_at`, `updated_at`, `facebook`, `zalo`, `email`, `phone`) VALUES
(1, '/storage/teams/DXL.jpeg', 'Đinh Xuân Lâm', NULL, 'Giám đốc trung tâm', '2020-07-16 20:54:00', '2020-07-26 19:45:43', 'https://www.facebook.com/xuanlamtn', '0989406446', 'lamdx@htcenter.edu.vn', '0989406446'),
(3, '/storage/teams/tmd.jpeg', 'Trinh Minh Đức', NULL, 'Phó giám đốc trung tâm', '2020-07-16 21:18:00', '2020-07-26 19:45:57', 'https://www.facebook.com/trinhminhduc.ictu', NULL, 'duchoak15@gmail.com', '0984215060'),
(4, '/storage/teams/pvcon.jpg', 'Phí Vinh Công', NULL, 'Lập trình viên frontend', '2020-07-17 00:38:00', '2020-07-26 19:46:20', 'https://www.facebook.com/vinh.cong.95', NULL, 'phivinhcong@gmail.com', '0979397973'),
(5, '/storage/teams/hoa.jpg', 'Vũ Thị Hoa', NULL, 'Lập trình viên ERP', '2020-07-17 00:41:00', '2020-07-17 01:11:04', 'https://www.facebook.com/hoa.sky.7739', NULL, 'hoavt@htcenter.edu.vn', '0397354949'),
(6, '/storage/teams/vvh.jpeg', 'Vương Văn Huy', NULL, 'Lập trình viên backend', '2020-07-17 00:43:00', '2020-07-17 01:10:40', 'https://www.facebook.com/vanhuy174', NULL, 'vanhuy30305@gmail.com', '0335147577'),
(7, '/storage/teams/dqd.jpeg', 'Dương Quang Định', NULL, 'Lập trình viên frontend', '2020-07-17 00:52:00', '2020-07-17 02:59:19', 'https://www.facebook.com/dqdinh3464', NULL, 'dqdinh112@gmail.com', '0162444333'),
(8, '/storage/teams/f2416244f82e04705d3f.jpg', 'Đỗ Văn Hùng', NULL, 'Lập trình viên backend', '2020-07-17 20:38:51', '2020-07-17 20:38:51', 'https://www.facebook.com/profile.php?id=100022114172466&epa=SEARCH_BOX', NULL, 'dvh@gmail.com', '0396645809');

-- --------------------------------------------------------

--
-- Cấu trúc bảng cho bảng `translations`
--

CREATE TABLE `translations` (
  `id` int(10) UNSIGNED NOT NULL,
  `table_name` varchar(191) COLLATE utf8mb4_unicode_ci NOT NULL,
  `column_name` varchar(191) COLLATE utf8mb4_unicode_ci NOT NULL,
  `foreign_key` int(10) UNSIGNED NOT NULL,
  `locale` varchar(191) COLLATE utf8mb4_unicode_ci NOT NULL,
  `value` text COLLATE utf8mb4_unicode_ci NOT NULL,
  `created_at` timestamp NULL DEFAULT NULL,
  `updated_at` timestamp NULL DEFAULT NULL
) ENGINE=InnoDB DEFAULT CHARSET=utf8mb4 COLLATE=utf8mb4_unicode_ci;

--
-- Đang đổ dữ liệu cho bảng `translations`
--

INSERT INTO `translations` (`id`, `table_name`, `column_name`, `foreign_key`, `locale`, `value`, `created_at`, `updated_at`) VALUES
(1, 'data_types', 'display_name_singular', 5, 'pt', 'Post', '2020-06-28 20:00:22', '2020-06-28 20:00:22'),
(2, 'data_types', 'display_name_singular', 6, 'pt', 'Página', '2020-06-28 20:00:22', '2020-06-28 20:00:22'),
(3, 'data_types', 'display_name_singular', 1, 'pt', 'Utilizador', '2020-06-28 20:00:22', '2020-06-28 20:00:22'),
(4, 'data_types', 'display_name_singular', 4, 'pt', 'Categoria', '2020-06-28 20:00:22', '2020-06-28 20:00:22'),
(5, 'data_types', 'display_name_singular', 2, 'pt', 'Menu', '2020-06-28 20:00:22', '2020-06-28 20:00:22'),
(6, 'data_types', 'display_name_singular', 3, 'pt', 'Função', '2020-06-28 20:00:22', '2020-06-28 20:00:22'),
(7, 'data_types', 'display_name_plural', 5, 'pt', 'Posts', '2020-06-28 20:00:22', '2020-06-28 20:00:22'),
(8, 'data_types', 'display_name_plural', 6, 'pt', 'Páginas', '2020-06-28 20:00:22', '2020-06-28 20:00:22'),
(9, 'data_types', 'display_name_plural', 1, 'pt', 'Utilizadores', '2020-06-28 20:00:22', '2020-06-28 20:00:22'),
(10, 'data_types', 'display_name_plural', 4, 'pt', 'Categorias', '2020-06-28 20:00:22', '2020-06-28 20:00:22'),
(11, 'data_types', 'display_name_plural', 2, 'pt', 'Menus', '2020-06-28 20:00:22', '2020-06-28 20:00:22'),
(12, 'data_types', 'display_name_plural', 3, 'pt', 'Funções', '2020-06-28 20:00:22', '2020-06-28 20:00:22'),
(13, 'categories', 'slug', 1, 'pt', 'categoria-1', '2020-06-28 20:00:22', '2020-06-28 20:00:22'),
(14, 'categories', 'name', 1, 'pt', 'Categoria 1', '2020-06-28 20:00:22', '2020-06-28 20:00:22'),
(15, 'categories', 'slug', 2, 'pt', 'categoria-2', '2020-06-28 20:00:22', '2020-06-28 20:00:22'),
(16, 'categories', 'name', 2, 'pt', 'Categoria 2', '2020-06-28 20:00:22', '2020-06-28 20:00:22'),
(17, 'pages', 'title', 1, 'pt', 'Olá Mundo', '2020-06-28 20:00:22', '2020-06-28 20:00:22'),
(18, 'pages', 'slug', 1, 'pt', 'ola-mundo', '2020-06-28 20:00:22', '2020-06-28 20:00:22'),
(19, 'pages', 'body', 1, 'pt', '<p>Olá Mundo. Scallywag grog swab Cat o\'nine tails scuttle rigging hardtack cable nipper Yellow Jack. Handsomely spirits knave lad killick landlubber or just lubber deadlights chantey pinnace crack Jennys tea cup. Provost long clothes black spot Yellow Jack bilged on her anchor league lateen sail case shot lee tackle.</p>\r\n<p>Ballast spirits fluke topmast me quarterdeck schooner landlubber or just lubber gabion belaying pin. Pinnace stern galleon starboard warp carouser to go on account dance the hempen jig jolly boat measured fer yer chains. Man-of-war fire in the hole nipperkin handsomely doubloon barkadeer Brethren of the Coast gibbet driver squiffy.</p>', '2020-06-28 20:00:22', '2020-06-28 20:00:22'),
(20, 'menu_items', 'title', 1, 'pt', 'Painel de Controle', '2020-06-28 20:00:22', '2020-06-28 20:00:22'),
(21, 'menu_items', 'title', 2, 'pt', 'Media', '2020-06-28 20:00:22', '2020-06-28 20:00:22'),
(22, 'menu_items', 'title', 12, 'pt', 'Publicações', '2020-06-28 20:00:22', '2020-06-28 20:00:22'),
(23, 'menu_items', 'title', 3, 'pt', 'Utilizadores', '2020-06-28 20:00:22', '2020-06-28 20:00:22'),
(24, 'menu_items', 'title', 11, 'pt', 'Categorias', '2020-06-28 20:00:22', '2020-06-28 20:00:22'),
(25, 'menu_items', 'title', 13, 'pt', 'Páginas', '2020-06-28 20:00:22', '2020-06-28 20:00:22'),
(26, 'menu_items', 'title', 4, 'pt', 'Funções', '2020-06-28 20:00:23', '2020-06-28 20:00:23'),
(27, 'menu_items', 'title', 5, 'pt', 'Ferramentas', '2020-06-28 20:00:23', '2020-06-28 20:00:23'),
(28, 'menu_items', 'title', 6, 'pt', 'Menus', '2020-06-28 20:00:23', '2020-06-28 20:00:23'),
(29, 'menu_items', 'title', 7, 'pt', 'Base de dados', '2020-06-28 20:00:23', '2020-06-28 20:00:23'),
(30, 'menu_items', 'title', 10, 'pt', 'Configurações', '2020-06-28 20:00:23', '2020-06-28 20:00:23');

-- --------------------------------------------------------

--
-- Cấu trúc bảng cho bảng `users`
--

CREATE TABLE `users` (
  `id` bigint(20) UNSIGNED NOT NULL,
  `role_id` bigint(20) UNSIGNED DEFAULT NULL,
  `name` varchar(191) COLLATE utf8mb4_unicode_ci NOT NULL,
  `email` varchar(191) COLLATE utf8mb4_unicode_ci NOT NULL,
  `avatar` varchar(191) COLLATE utf8mb4_unicode_ci DEFAULT 'users/default.png',
  `email_verified_at` timestamp NULL DEFAULT NULL,
  `password` varchar(191) COLLATE utf8mb4_unicode_ci NOT NULL,
  `remember_token` varchar(100) COLLATE utf8mb4_unicode_ci DEFAULT NULL,
  `settings` text COLLATE utf8mb4_unicode_ci DEFAULT NULL,
  `created_at` timestamp NULL DEFAULT NULL,
  `updated_at` timestamp NULL DEFAULT NULL
) ENGINE=InnoDB DEFAULT CHARSET=utf8mb4 COLLATE=utf8mb4_unicode_ci;

--
-- Đang đổ dữ liệu cho bảng `users`
--

INSERT INTO `users` (`id`, `role_id`, `name`, `email`, `avatar`, `email_verified_at`, `password`, `remember_token`, `settings`, `created_at`, `updated_at`) VALUES
(1, 1, 'Admin', 'admin@admin.com', 'users/June2020/rUTQWSUpuZi2NIgSmRY6.jpg', NULL, '$2y$10$zjrJkV6pLBJt2v8wNEGfyeka5fAoHPEPZ7jAdjHcmhYNrsFnnwEZy', 'KNSnBNBRDALe90AuGTPOeMKsrOX1PCcjbdqyb8wnlCdspXI5I3seUY5QpSuk', '{\"locale\":\"en\"}', '2020-06-28 20:00:22', '2020-06-29 03:11:58');

-- --------------------------------------------------------

--
-- Cấu trúc bảng cho bảng `user_roles`
--

CREATE TABLE `user_roles` (
  `user_id` bigint(20) UNSIGNED NOT NULL,
  `role_id` bigint(20) UNSIGNED NOT NULL
) ENGINE=InnoDB DEFAULT CHARSET=utf8mb4 COLLATE=utf8mb4_unicode_ci;

-- --------------------------------------------------------

--
-- Cấu trúc bảng cho bảng `website_svs`
--

CREATE TABLE `website_svs` (
  `id` int(10) UNSIGNED NOT NULL,
  `title` varchar(255) COLLATE utf8mb4_unicode_ci DEFAULT NULL,
  `service_id` int(11) DEFAULT NULL,
  `seo_title` varchar(255) COLLATE utf8mb4_unicode_ci DEFAULT NULL,
  `image` varchar(255) COLLATE utf8mb4_unicode_ci DEFAULT NULL,
  `slug` varchar(255) COLLATE utf8mb4_unicode_ci DEFAULT NULL,
  `created_at` timestamp NULL DEFAULT NULL,
  `updated_at` timestamp NULL DEFAULT NULL,
  `meta_description` text COLLATE utf8mb4_unicode_ci DEFAULT NULL,
  `meta_keywords` text COLLATE utf8mb4_unicode_ci DEFAULT NULL,
  `body` text COLLATE utf8mb4_unicode_ci DEFAULT NULL
) ENGINE=InnoDB DEFAULT CHARSET=utf8mb4 COLLATE=utf8mb4_unicode_ci;

--
-- Đang đổ dữ liệu cho bảng `website_svs`
--

INSERT INTO `website_svs` (`id`, `title`, `service_id`, `seo_title`, `image`, `slug`, `created_at`, `updated_at`, `meta_description`, `meta_keywords`, `body`) VALUES
(1, 'Thiết kế website thương mại điện tử', 1, 'thiet-ke-website-thuong-mai-dien-tu', 'website-svs/July2020/9a1tp8odPXcFmGG24bHC.jpg', 'thiet-ke-website-thuong-mai-dien-tu', '2020-07-26 21:35:00', '2020-08-06 01:44:10', 'Chúng tôi tư vấn các gói Thiết kế website thương mại điện tử cho khách hàng với các mẫu website riêng biệt phù hợp với từng đối tượng khách hàng. Đến với dịch vụ của công ty thiết kế web chúng tôi bạn hoàn toàn có thể yên tâm với dịch vụ rẻ nhất, chuyên nghiệp nhất. Thiết kế website trọn gói từ A-Z khiến khách hàng khó tính nhất cũng phải hài lòng.', NULL, '<p>&nbsp;</p>\r\n<!--?php $pages = TCG\\Voyager\\Models\\Page::first(); ?-->\r\n<p style=\"margin: 0px 0px 10px; padding: 0px 0px 10px; box-sizing: border-box; color: #515253; font-family: \'Lora\'; text-align: justify;\">Ch&uacute;ng t&ocirc;i tư vấn c&aacute;c g&oacute;i&nbsp;<span style=\"margin: 0px; padding: 0px; box-sizing: border-box; font-weight: bold;\">Thiết kế website thương mại điện tử</span>&nbsp;cho kh&aacute;ch h&agrave;ng với c&aacute;c mẫu website ri&ecirc;ng biệt ph&ugrave; hợp với từng đối tượng kh&aacute;ch h&agrave;ng. Đến với dịch vụ của&nbsp;<a style=\"margin: 0px; padding: 0px; box-sizing: border-box; color: #337ab7; background: 0px 0px transparent; text-decoration-line: none; transition: all 200ms ease-out 0s;\" title=\"c&ocirc;ng ty thiết kế web\" href=\"https://webviet24h.com/gioi-thieu/\">c&ocirc;ng ty thiết kế web</a>&nbsp;ch&uacute;ng t&ocirc;i bạn ho&agrave;n to&agrave;n c&oacute; thể y&ecirc;n t&acirc;m với&nbsp;<span style=\"margin: 0px; padding: 0px; box-sizing: border-box; font-weight: bold;\">dịch vụ rẻ nhất</span>, chuy&ecirc;n nghiệp nhất.&nbsp;<a style=\"margin: 0px; padding: 0px; box-sizing: border-box; color: #337ab7; background: 0px 0px transparent; text-decoration-line: none; transition: all 200ms ease-out 0s;\" title=\"Thiết kế website trọn g&oacute;i\" href=\"https://webviet24h.com/thiet-ke-website-tron-goi/\"><span style=\"margin: 0px; padding: 0px; box-sizing: border-box; font-weight: bold;\">Thiết kế website trọn g&oacute;i</span></a>&nbsp;từ A-Z khiến kh&aacute;ch h&agrave;ng kh&oacute; t&iacute;nh nhất cũng phải h&agrave;i l&ograve;ng.</p>\r\n<p style=\"margin: 0px 0px 10px; padding: 0px 0px 10px; box-sizing: border-box; color: #515253; font-family: \'Lora\'; text-align: justify;\"><img src=\"http://htc-it.team//storage/website-svs/August2020/webviet-tmdt.png\" alt=\"\" width=\"100%\" height=\"inherit\" /></p>\r\n<p style=\"margin: 0px 0px 10px; padding: 0px 0px 10px; box-sizing: border-box; color: #515253; font-family: \'Lora\'; text-align: justify;\">Khi l&ecirc;n kế hoạch cho&nbsp;<a style=\"margin: 0px; padding: 0px; box-sizing: border-box; color: #337ab7; background: 0px 0px transparent; text-decoration-line: none; transition: all 200ms ease-out 0s;\" href=\"https://webviet24h.com/?p=392\">trang web thương mại điện tử</a>, bạn cần xem x&eacute;t rất nhiều yếu tố như&nbsp; th&ocirc;ng tin chi tiết của sản phẩm, h&igrave;nh ảnh sản phẩm qu&aacute; tr&igrave;nh thanh to&aacute;n đơn giản v&agrave; minh bạch, c&aacute;c bộ lọc sản phẩm th&iacute;ch hợp v&agrave; c&aacute;c t&ugrave;y chọn t&igrave;m kiếm, dịch vụ kh&aacute;ch h&agrave;ng lựa chọn c&oacute; đ&aacute;ng tin cậy, c&aacute;c phương thức thanh to&aacute;n, giao diện trang web được thiết kế hấp dẫn, th&acirc;n thiện với người sử dụng. Đ&acirc;y quả l&agrave; một nhiệm vụ kh&ocirc;ng đơn giản với bạn.</p>\r\n<p style=\"margin: 0px 0px 10px; padding: 0px 0px 10px; box-sizing: border-box; color: #515253; font-family: \'Lora\'; text-align: justify;\">Đ&acirc;y cũng ch&iacute;nh l&agrave; l&yacute; do tại sao trước khi thiết kế một dự &aacute;n web thương mại điện tử&nbsp;mới hoặc n&acirc;ng cấp một gian h&agrave;ng trực tuyến hiện tại của bạn, H&atilde;y xem một số bộ sưu tập c&aacute;c trang&nbsp;<a style=\"margin: 0px; padding: 0px; box-sizing: border-box; color: #337ab7; background: 0px 0px transparent; text-decoration-line: none; transition: all 200ms ease-out 0s;\" title=\"web thuong mai dien tu\" href=\"http://goo.gl/JaiILN\">web thương mại điện tử</a> hấp dẫn để bạn c&oacute; được một số &yacute; tưởng cho dự &aacute;n của m&igrave;nh tại htc-it.team</p>\r\n<p style=\"margin: 0px 0px 10px; padding: 0px 0px 10px; box-sizing: border-box; color: #515253; font-family: \'Lora\'; text-align: justify;\">Th&iacute;ch hợp cho c&aacute;c doanh nghiệp chuy&ecirc;n về mua b&aacute;n sản phẩm, h&agrave;ng h&oacute;a qua mạng, hoặc c&aacute;c s&agrave;n giao dịch sản phẩm, h&agrave;ng h&oacute;a. Cung cấp khả năng t&iacute;ch hợp gian h&agrave;ng trực tuyến, rao vặt, trang tin tức, diễn đ&agrave;n v&agrave; nhiều chức năng kh&aacute;c tạo th&agrave;nh một cộng đồng kinh doanh trực tuyến m&agrave; ch&uacute;ng ta gọi chung l&agrave;&nbsp;<span style=\"margin: 0px; padding: 0px; box-sizing: border-box; font-weight: bold;\">Thương Mại Điện Tử.</span></p>'),
(2, 'Thiết kế website giới thiệu công ty', 1, 'Thiết kế website giới thiệu công ty', 'website-svs/July2020/Df1pDHKoxj1c4SjEEl4c.jpg', 'thiet-ke-website-gioi-thieu-cong-ty', '2020-07-28 01:07:00', '2020-08-06 02:31:12', 'Chúng tôi đem đến cho bạn những dịch vụ – thiết kế website giới thiệu công ty chuyên nghiệp sản phấm website tốt nhất. Sản phẩm KennaTech đưa ra mang đậm phong cách mỹ thuật, ý tưởng, hệ thống code, giao diện riêng theo từng khách hàng. Một website tốt phải là một website đẹp, chuyên nghiệp, đáp ứng tốt nhất nhu cầu cung cấp thông tin, sản phẩm, tầm nhìn của công ty đến với khách hàng.', NULL, '<h1 id=\"getid\" class=\"entry-title titlesingle\" style=\"margin: 0px; padding: 0px; box-sizing: border-box; color: #00528b; font-family: \'Lora\', sans-serif, Arial, Helvetica, sans-serif; font-weight: 500; font-size: 19px; text-transform: uppercase;\"><a style=\"margin: 0px; padding: 0px; box-sizing: border-box; background: 0px 0px transparent; text-decoration-line: none; transition: all 200ms ease-out 0s;\" title=\"Thiết kế web Giới thiệu C&ocirc;ng ty\" href=\"#\">THIẾT KẾ WEBSITE GIỚI THIỆU C&Ocirc;NG TY</a></h1>\r\n<div class=\"post_content\" style=\"margin: 0px; padding: 0px 0px 20px; box-sizing: border-box; text-align: justify; overflow-wrap: break-word; line-height: 25px; color: #333333; font-size: 15px; text-transform: none;\">\r\n<p style=\"margin: 0px 0px 10px; padding: 0px 0px 10px; box-sizing: border-box; text-align: left;\">Bạn đang c&oacute; nhu cầu<a style=\"margin: 0px; padding: 0px; box-sizing: border-box; color: #515253; background: 0px 0px transparent; text-decoration-line: none; transition: all 200ms ease-out 0s;\" href=\"http://goo.gl/SAiyau\"><span style=\"margin: 0px; padding: 0px; box-sizing: border-box; font-weight: bold;\">&nbsp;Thiết kế Website Giới thiệu C&ocirc;ng ty</span></a>&nbsp;để quảng b&aacute; doanh nghiệp của m&igrave;nh tr&ecirc;n internet? Dịch vụ&nbsp;<a style=\"margin: 0px; padding: 0px; box-sizing: border-box; color: #515253; background: 0px 0px transparent; text-decoration-line: none; transition: all 200ms ease-out 0s;\" title=\" Thiết kế website\" href=\"https://webviet24h.com/\"><span style=\"margin: 0px; padding: 0px; box-sizing: border-box; font-weight: bold;\">thiết kế website&nbsp;</span></a>của Angkorich sẽ mang đến những giải ph&aacute;p hữu &iacute;ch nhất. Angkorich sẽ gi&uacute;p bạn thực hiện kế hoạch x&acirc;y dựng n&agrave;y.</p>\r\n<p style=\"margin: 0px 0px 10px; padding: 0px 0px 10px; box-sizing: border-box;\"><span style=\"margin: 0px; padding: 0px; box-sizing: border-box; font-weight: bold;\">G&oacute;i web n&agrave;y với mục đ&iacute;ch giới thiệu web cho doanh nghiệp, giới thiệu dịch vụ của Doanh nghiệp l&ecirc;n internet. G&oacute;i th&agrave;nh lập webiste n&agrave;y được thiết kế chủ yếu d&ugrave;ng hiển thị th&ocirc;ng tin về dịch vụ, giới thiệu về doanh nghiệp k&egrave;m một số th&ocirc;ng tin giới thiệu về bản th&acirc;n doanh nghiệp v&agrave; form li&ecirc;n hệ trực tuyến cho ph&eacute;p người xem li&ecirc;n hệ khi cần thiết.</span></p>\r\n<p style=\"margin: 0px 0px 10px; padding: 0px 0px 10px; box-sizing: border-box; text-align: left;\">Bạn l&agrave; chủ của một doanh nghiệp nhưng bạn chưa c&oacute; website ri&ecirc;ng cho c&ocirc;ng ty m&igrave;nh hoặc website của c&ocirc;ng ty chưa đem lại hiệu quả như mong đợi? H&atilde;y đến với KennaTech, ch&uacute;ng t&ocirc;i c&oacute; g&oacute;i thiết kế web c&ocirc;ng ty d&agrave;nh ri&ecirc;ng cho c&aacute;c c&ocirc;ng ty chưa c&oacute; website hoặc cần n&acirc;ng cấp website để đạt hiệu quả cao hơn trong kinh doanh.</p>\r\n<p style=\"margin: 0px 0px 10px; padding: 0px 0px 10px; box-sizing: border-box;\"><a style=\"margin: 0px; padding: 0px; box-sizing: border-box; color: #515253; background: 0px 0px transparent; text-decoration-line: none; transition: all 200ms ease-out 0s;\" href=\"http://honda.com.vn/\"><img class=\"aligncenter wp-image-2223\" style=\"margin: 10px auto; padding: 5px; box-sizing: border-box; border: 1px solid #e2e2e2;\" src=\"https://webviet24h.com/m/media/honda.png\" alt=\"honda\" width=\"100%\" height=\"inherit\" /></a></p>\r\n<p style=\"margin: 0px 0px 10px; padding: 0px 0px 10px; box-sizing: border-box; text-align: center;\"><a style=\"margin: 0px; padding: 0px; box-sizing: border-box; color: #515253; background: 0px 0px transparent; text-decoration-line: none; transition: all 200ms ease-out 0s;\" href=\"https://webviet24h.com/thiet-ke-website-gioi-thi\">Thiết kế website giới thiệu c&ocirc;ng ty</a>&nbsp;&ndash;&nbsp;<span style=\"margin: 0px; padding: 0px; box-sizing: border-box; font-weight: bold;\">http://honda.com.vn/</span></p>\r\n<p style=\"margin: 0px 0px 10px; padding: 0px 0px 10px; box-sizing: border-box;\">G&oacute;i thiết kế website d&agrave;nh cho doanh nghiệp đ&aacute;p ứng được y&ecirc;u cầu lớn về th&ocirc;ng tin, sản phẩm&hellip;được cập nhật v&agrave; thay đổi thường xuy&ecirc;n.</p>\r\n<p style=\"margin: 0px 0px 10px; padding: 0px 0px 10px; box-sizing: border-box;\"><span style=\"margin: 0px; padding: 0px; box-sizing: border-box; font-weight: bold;\">Thiết kế website giới thiệu c&ocirc;ng ty &ndash; doanh nghiệp dựa theo m&agrave;u sắc chủ đạo của bộ nhận diện thương hiệu, ph&ugrave; hợp ng&agrave;nh nghề kinh doanh, dịch vụ của c&ocirc;ng ty.</span></p>\r\n</div>\r\n<div class=\"post_content\" style=\"margin: 0px; padding: 0px 0px 20px; box-sizing: border-box; text-align: justify; overflow-wrap: break-word; line-height: 25px; color: #333333; font-size: 15px; text-transform: none;\">\r\n<div class=\"clr clear clearfix\" style=\"margin: 0px; padding: 0px; box-sizing: border-box; clear: both;\">&nbsp;</div>\r\n<p style=\"margin: 0px 0px 10px; padding: 0px 0px 10px; box-sizing: border-box;\">Ch&uacute;ng t&ocirc;i đem đến cho bạn những dịch vụ &ndash;&nbsp;<a style=\"margin: 0px; padding: 0px; box-sizing: border-box; color: #515253; background: 0px 0px transparent; text-decoration-line: none; transition: all 200ms ease-out 0s;\" href=\"https://webviet24h.com/thiet-ke-website-gioi-thieu-cong-ty\">thiết kế website giới thiệu c&ocirc;ng ty chuy&ecirc;n nghiệp</a>&nbsp;sản phấm website tốt nhất. Sản phẩm KennaTech&nbsp;đưa ra mang đậm phong c&aacute;ch mỹ thuật, &yacute; tưởng, hệ thống code, giao diện ri&ecirc;ng theo từng kh&aacute;ch h&agrave;ng. Một website tốt phải l&agrave; một website đẹp, chuy&ecirc;n nghiệp, đ&aacute;p ứng tốt nhất nhu cầu cung cấp th&ocirc;ng tin, sản phẩm, tầm nh&igrave;n của c&ocirc;ng ty đến với kh&aacute;ch h&agrave;ng.</p>\r\n<p style=\"margin: 0px 0px 10px; padding: 0px 0px 10px; box-sizing: border-box;\">H&atilde;y c&ugrave;ng t&igrave;m hiểu c&aacute;ch ch&uacute;ng t&ocirc;i gi&uacute;p việc kinh doanh của bạn ph&aacute;t triển mạnh tr&ecirc;n internet..</p>\r\n<p style=\"margin: 0px 0px 10px; padding: 0px 0px 10px; box-sizing: border-box;\">Một quy tr&igrave;nh l&agrave;m việc hiệu quả, khả năng nắm bắt những y&ecirc;u cầu tinh tế nhất của kh&aacute;ch h&agrave;ng v&agrave; việc x&acirc;y dựng mối quan hệ cộng t&aacute;c một c&aacute;ch chặt chẽ, uyển chuyển đ&atilde; tạo n&ecirc;n ưu thế trong việc cung cấp c&aacute;c dịch vụ của KennaTech. Ch&uacute;ng t&ocirc;i lu&ocirc;n mong muốn ho&agrave;n thiện hơn nữa để đ&aacute;p ứng tối đa y&ecirc;u cầu của qu&yacute; kh&aacute;ch, mang đến cho kh&aacute;ch h&agrave;ng một dịch vụ ho&agrave;n hảo hơn.</p>\r\n<p style=\"margin: 0px 0px 10px; padding: 0px 0px 10px; box-sizing: border-box;\">Với đội ngũ tư vấn vi&ecirc;n nhiệt t&igrave;nh, kinh nghiệm, với đội ngũ đồ họa gi&agrave;u sức s&aacute;ng tạo v&agrave; &yacute; tưởng độc đ&aacute;o, với đội ngũ kỹ thuật vi&ecirc;n gi&agrave;u kinh nghiệm, g&oacute;i&nbsp;<a style=\"margin: 0px; padding: 0px; box-sizing: border-box; color: #515253; background: 0px 0px transparent; text-decoration-line: none; transition: all 200ms ease-out 0s;\" title=\"Thiết kế website trọn g&oacute;i\" href=\"https://webviet24h.com/thiet-ke-website-tron-goi/\">thiết kế website trọn g&oacute;i</a> bạn sẽ cảm thấy h&agrave;i l&ograve;ng khi để ch&uacute;ng t&ocirc;i phục vụ, đ&aacute;p ứng nhu cầu của bạn.</p>\r\n<p style=\"margin: 0px 0px 10px; padding: 0px 0px 10px; box-sizing: border-box;\">C&ugrave;ng với những kinh nghiệm chuy&ecirc;n m&ocirc;n sẽ mang đến cho Qu&yacute; kh&aacute;ch những tư vấn, giải ph&aacute;p trong việc định h&igrave;nh cho một m&ocirc; h&igrave;nh&nbsp;<a style=\"margin: 0px; padding: 0px; box-sizing: border-box; color: #515253; background: 0px 0px transparent; text-decoration-line: none; transition: all 200ms ease-out 0s;\" title=\"Thiết kế website chuy&ecirc;n nghiệp\" href=\"https://webviet24h.com/thiet-ke-website-chuyen-nghiep/\">thiết kế website chuy&ecirc;n nghiệp</a>&nbsp;với c&aacute;c t&iacute;nh năng ph&ugrave; hợp mọi y&ecirc;u cầu của Qu&yacute; kh&aacute;ch.</p>\r\n<p style=\"margin: 0px 0px 10px; padding: 0px 0px 10px; box-sizing: border-box;\"><span style=\"margin: 0px; padding: 0px; box-sizing: border-box; font-weight: bold;\">KennaTech đ&atilde; được nhiều kh&aacute;ch h&agrave;ng trong v&agrave; ngo&agrave;i nước đ&aacute;nh gi&aacute; cao về chất lượng dịch vụ v&agrave; họ đ&atilde; chọn KennaTech l&agrave;m đối t&aacute;c hợp t&aacute;c ph&aacute;t triển l&acirc;u d&agrave;i, tin cậy.</span></p>\r\n<p style=\"margin: 0px 0px 10px; padding: 0px 0px 10px; box-sizing: border-box;\"><a style=\"margin: 0px; padding: 0px; box-sizing: border-box; color: #515253; background: 0px 0px transparent; text-decoration-line: none; transition: all 200ms ease-out 0s;\" href=\"http://www.vinamilk.com.vn/\"><img class=\"aligncenter wp-image-2224\" style=\"margin: 10px auto; padding: 5px; box-sizing: border-box; border: 1px solid #e2e2e2;\" src=\"https://webviet24h.com/m/media/vinamilk-1024x628.png\" width=\"100%\" height=\"inherit\" /></a></p>\r\n<p style=\"margin: 0px 0px 10px; padding: 0px 0px 10px; box-sizing: border-box;\">Để c&oacute; những th&agrave;nh c&ocirc;ng đ&oacute; ch&uacute;ng t&ocirc;i &ndash; đội ngũ những th&agrave;nh vi&ecirc;n của c&ocirc;ng ty KennaTech đ&atilde; l&agrave;m việc hết m&igrave;nh với niềm đam m&ecirc; c&ocirc;ng nghệ, nghệ thuật thiết kế website, tối ưu website cũng như quảng b&aacute; website nhằm mang đến cho kh&aacute;ch h&agrave;ng của m&igrave;nh một sản phẩm tốt nhất, chuẩn nhất theo đ&uacute;ng chuẩn web (W3C).</p>\r\n<p style=\"margin: 0px 0px 10px; padding: 0px 0px 10px; box-sizing: border-box;\">KennaTech đ&atilde; được nhiều kh&aacute;ch h&agrave;ng trong v&agrave; ngo&agrave;i nước đ&aacute;nh gi&aacute; cao về chất lượng dịch vụ v&agrave; họ đ&atilde; chọn <span style=\"margin: 0px; padding: 0px; box-sizing: border-box; font-weight: bold;\">KennaTech&nbsp;</span>l&agrave;m đối t&aacute;c hợp t&aacute;c ph&aacute;t triển l&acirc;u d&agrave;i, tin cậy.</p>\r\n</div>'),
(3, 'Thiết kế website nội thất nhà đẹp', 1, 'thiet-ke-website-noi-that-nha-dep', 'website-svs/July2020/wmfl6YFyjejU69lwcUBs.jpg', 'thiet-ke-website-noi-that-nha-dep', '2020-07-28 20:36:00', '2020-08-06 02:16:38', 'Bạn muốn thiết kế website nhà đẹp, nội thất, trang trí nội thất? Bạn đang đắn đo tìm hiểu xem dịch vụ thiết kế website ở đâu tốt và giá rẻ nhất. Hãy đến với dịch vụ của chúng tôi. Dịch vụ đảm bảo hài lòng cả những khách hàng khó tính nhất với thiết kế website giá rẻ nhất giúp bạn tiết kiệm chi phí.', NULL, '<p style=\"margin: 0px 0px 10px; padding: 0px 0px 10px; box-sizing: border-box; color: #515253; font-family: \'Lora\', sans-serif, Arial, Helvetica, sans-serif; font-size: 15px; text-align: justify;\">Bạn muốn&nbsp;<span style=\"margin: 0px; padding: 0px; box-sizing: border-box; font-weight: bold;\">thiết kế website nh&agrave; đẹp, nội thấ</span>t, trang tr&iacute; nội thất? Bạn đang đắn đo t&igrave;m hiểu xem dịch vụ thiết kế website ở đ&acirc;u tốt v&agrave; gi&aacute; rẻ nhất. H&atilde;y đến với dịch vụ của ch&uacute;ng t&ocirc;i. Dịch vụ đảm bảo h&agrave;i l&ograve;ng cả những kh&aacute;ch h&agrave;ng kh&oacute; t&iacute;nh nhất với&nbsp;<a style=\"margin: 0px; padding: 0px; box-sizing: border-box; color: #337ab7; background: 0px 0px transparent; text-decoration-line: none; transition: all 200ms ease-out 0s;\" title=\"Thiết kế website gi&aacute; rẻ\" href=\"https://webviet24h.com/thiet-ke-website-gia-re/\">thiết kế website gi&aacute; rẻ</a>&nbsp;nhất gi&uacute;p bạn tiết kiệm chi ph&iacute;.</p>\r\n<p style=\"margin: 0px 0px 10px; padding: 0px 0px 10px; box-sizing: border-box; color: #515253; font-family: \'Lora\', sans-serif, Arial, Helvetica, sans-serif; font-size: 15px; text-align: center;\"><a style=\"margin: 0px; padding: 0px; box-sizing: border-box; color: #337ab7; background: 0px 0px transparent; text-decoration-line: none; transition: all 200ms ease-out 0s;\" href=\"http://eldorado.com.vn/\"><img class=\"aligncenter  wp-image-2133\" style=\"margin: 10px auto; padding: 5px; box-sizing: border-box; border: 1px solid #e2e2e2;\" src=\"https://webviet24h.com/m/media/eldorado1-512x1024.jpg\" alt=\"eldorado1\" width=\"100%\" height=\"inherit\" /></a></p>\r\n<p style=\"margin: 0px 0px 10px; padding: 0px 0px 10px; box-sizing: border-box; color: #515253; font-family: \'Lora\', sans-serif, Arial, Helvetica, sans-serif; font-size: 15px; text-align: center;\">Mẫu website b&aacute;n đồ nội thất &ndash;&nbsp;<a style=\"margin: 0px; padding: 0px; box-sizing: border-box; color: #337ab7; background: 0px 0px transparent; text-decoration-line: none; transition: all 200ms ease-out 0s;\" href=\"http://eldorado.com.vn/\"><span style=\"margin: 0px; padding: 0px; box-sizing: border-box; text-decoration-line: underline;\"><span style=\"margin: 0px; padding: 0px; box-sizing: border-box; color: #333399;\"><span style=\"margin: 0px; padding: 0px; box-sizing: border-box; font-weight: bold;\">http://eldorado.com.vn/</span></span></span></a></p>\r\n<p style=\"margin: 0px 0px 10px; padding: 0px 0px 10px; box-sizing: border-box; color: #515253; font-family: \'Lora\', sans-serif, Arial, Helvetica, sans-serif; font-size: 15px; text-align: justify;\">Cam đoan g&oacute;i website d&agrave;nh cho lĩnh vực&nbsp;<span style=\"margin: 0px; padding: 0px; box-sizing: border-box; font-weight: bold;\">nội thất</span>&nbsp;với những y&ecirc;u cầu ri&ecirc;ng biệt cho ng&agrave;nh nội thất,&nbsp;<a style=\"margin: 0px; padding: 0px; box-sizing: border-box; color: #337ab7; background: 0px 0px transparent; text-decoration-line: none; transition: all 200ms ease-out 0s;\" title=\"Thiết kế website trọn g&oacute;i\" href=\"https://webviet24h.com/thiet-ke-website-tron-goi/\">thiết kế website trọn g&oacute;i</a> từ A-Z,&nbsp; được bảo mật bởi ch&iacute;nh m&atilde; nguồn do c&ocirc;ng ty x&acirc;y dựng.</p>'),
(4, 'Thiết kế nhà hàng khách sạn', 1, 'Thiết kế nhà hàng khách sạn', 'website-svs/August2020/B8ni8KVXVgqnchZlvULy.jpg', 'thiet-ke-nha-hang-khach-san', '2020-07-28 21:06:00', '2020-08-06 02:48:22', 'Dịch vụ thiết kế website nhà hàng khách sạn, quán ăn của chúng tôi sẽ đem lại sự lựa chọn tốt nhất cho các doanh nghiệp để xây dựng một mô hình thiết kế website chuyên nghiệp về nhà hàng, tiệm ăn.', NULL, '<p style=\"margin: 0px 0px 10px; padding: 0px 0px 10px; box-sizing: border-box; color: #515253; font-family: \'Lora\', sans-serif, Arial, Helvetica, sans-serif; font-size: 15px; text-align: justify;\">Đến với dịch vụ của&nbsp;<span style=\"margin: 0px; padding: 0px; box-sizing: border-box; font-weight: bold;\">c&ocirc;ng ty thiết kế web</span>&nbsp;ch&uacute;ng t&ocirc;i bạn ho&agrave;n to&agrave;n c&oacute; thể y&ecirc;n t&acirc;m với dịch vụ chuy&ecirc;n nghiệp nhất, đội ngũ&nbsp;<em style=\"margin: 0px; padding: 0px; box-sizing: border-box;\">thiết kế website</em> AKR với lượng nh&acirc;n vi&ecirc;n l&agrave;m việc hiệu quả v&agrave; chuy&ecirc;n nghiệp, tận t&igrave;nh sẽ tư vấn gi&uacute;p bạn kh&ocirc;ng chỉ về website m&agrave; c&ograve;n định hướng ph&aacute;t triển, kh&ocirc;ng chỉ l&agrave;m web xong l&agrave; xong, ch&uacute;ng t&ocirc;i tư vấn định hướng SEO v&agrave; đồng h&agrave;nh c&ugrave;ng c&aacute; nh&acirc;n doanh nghiệp tr&ecirc;n con đường ph&aacute;t triển.</p>\r\n<p style=\"margin: 0px 0px 10px; padding: 0px 0px 10px; box-sizing: border-box; color: #515253; font-family: \'Lora\', sans-serif, Arial, Helvetica, sans-serif; font-size: 15px; text-align: justify;\"><img src=\"http://htc-it.team//storage/website-svs/August2020/thiet-ke-website-nha-hang-khach-san.jpg\" alt=\"\" width=\"100%\" height=\"inherit\" /></p>\r\n<ol style=\"margin: 0px; padding: 0px 0px 0px 38px; box-sizing: border-box; position: relative; color: #515253; font-family: \'Lora\', sans-serif, Arial, Helvetica, sans-serif; font-size: 15px; text-align: justify;\">\r\n<li style=\"margin: 0px; padding: 0px; box-sizing: border-box;\">Trang chủ\r\n<ul style=\"margin: 0px; padding: 0px 0px 0px 38px; box-sizing: border-box; list-style: disc;\">\r\n<li style=\"margin: 0px; padding: 0px; box-sizing: border-box; list-style: disc;\">L&agrave; trang hiển thị đầu ti&ecirc;n, phải c&oacute; th&ocirc;ng tin tổng qu&aacute;t về c&aacute;c đề mục con, phải r&otilde; r&agrave;ng v&agrave; c&oacute; t&iacute;nh thẩm mỹ cao. Bao gồm:\r\n<ul style=\"margin: 0px; padding: 0px 0px 0px 38px; box-sizing: border-box; list-style: disc;\">\r\n<li style=\"margin: 0px; padding: 0px; box-sizing: border-box; list-style: disc;\">X&acirc;y dựng trang chủ tập trung v&agrave;o giao diện, đẹp, bắt mắt</li>\r\n<li style=\"margin: 0px; padding: 0px; box-sizing: border-box; list-style: disc;\">Banner flash, tạo hiệu ứng ở trang chủ, logo c&ocirc;ng ty nh&agrave; h&agrave;ng, kh&aacute;ch sạn, qu&aacute;n ăn.</li>\r\n<li style=\"margin: 0px; padding: 0px; box-sizing: border-box; list-style: disc;\">Menu danh mục c&aacute;c trang trong của website</li>\r\n<li style=\"margin: 0px; padding: 0px; box-sizing: border-box; list-style: disc;\">H&igrave;nh ảnh nh&agrave; h&agrave;ng, tiệm ăn, ph&ograve;ng, thức ăn &hellip;</li>\r\n<li style=\"margin: 0px; padding: 0px; box-sizing: border-box; list-style: disc;\">Li&ecirc;n kết website, Module t&igrave;m kiếm</li>\r\n</ul>\r\n</li>\r\n<li style=\"margin: 0px; padding: 0px; box-sizing: border-box; list-style: disc;\">Thống k&ecirc; : Số người truy cập, số người đang online</li>\r\n</ul>\r\n</li>\r\n<li style=\"margin: 0px; padding: 0px; box-sizing: border-box;\">Giới thiệu\r\n<ul style=\"margin: 0px; padding: 0px 0px 0px 38px; box-sizing: border-box; list-style: disc;\">\r\n<li style=\"margin: 0px; padding: 0px; box-sizing: border-box; list-style: disc;\">Giới thiệu về nh&agrave; h&agrave;ng, tiệm ăn,</li>\r\n<li style=\"margin: 0px; padding: 0px; box-sizing: border-box; list-style: disc;\">Giới thiệu thương hiệu &hellip;</li>\r\n<li style=\"margin: 0px; padding: 0px; box-sizing: border-box; list-style: disc;\">Module quản l&yacute; Giới thiệu cho ph&eacute;p quản l&yacute; nội dung, tạo th&ecirc;m mục con mới v&agrave; b&agrave;i viết mới, kh&ocirc;ng giới hạn số lượng mục &amp; b&agrave;i.</li>\r\n</ul>\r\n</li>\r\n<li style=\"margin: 0px; padding: 0px; box-sizing: border-box;\">Dịch vụ/Đặt Ph&ograve;ng/ Thực đơn: Module quản l&yacute; Dịch vụ cho ph&eacute;p quản l&yacute; nội dung, tạo th&ecirc;m mục con mới v&agrave; b&agrave;i viết mới, kh&ocirc;ng giới hạn số lượng mục &amp; b&agrave;i.</li>\r\n<li style=\"margin: 0px; padding: 0px; box-sizing: border-box;\">Tin tức- sự kiện\r\n<ul style=\"margin: 0px; padding: 0px 0px 0px 38px; box-sizing: border-box; list-style: disc;\">\r\n<li style=\"margin: 0px; padding: 0px; box-sizing: border-box; list-style: disc;\">Tin tức</li>\r\n<li style=\"margin: 0px; padding: 0px; box-sizing: border-box; list-style: disc;\">B&agrave;i viết PR</li>\r\n<li style=\"margin: 0px; padding: 0px; box-sizing: border-box; list-style: disc;\">Tin tuyển dụng</li>\r\n</ul>\r\n<p style=\"margin: 0px 0px 10px; padding: 0px 0px 10px; box-sizing: border-box;\">Module Tin tức cho ph&eacute;p quản l&yacute; nội dung, tạo th&ecirc;m mục con mới v&agrave; b&agrave;i viết mới, kh&ocirc;ng giới hạn số lượng mục &amp; b&agrave;i.</p>\r\n</li>\r\n<li style=\"margin: 0px; padding: 0px; box-sizing: border-box;\">Văn H&oacute;a ẩm thực nh&agrave; h&agrave;ng\r\n<ul style=\"margin: 0px; padding: 0px 0px 0px 38px; box-sizing: border-box; list-style: disc;\">\r\n<li style=\"margin: 0px; padding: 0px; box-sizing: border-box; list-style: disc;\">C&aacute;c b&agrave;i viết giới thiệu văn h&oacute;a ẩm thực, giới thiệu về văn h&oacute;a nh&agrave; h&agrave;ng.</li>\r\n</ul>\r\n<p style=\"margin: 0px 0px 10px; padding: 0px 0px 10px; box-sizing: border-box;\">Module cho ph&eacute;p quản l&yacute; nội dung, tạo th&ecirc;m mục con mới v&agrave; b&agrave;i viết mới, kh&ocirc;ng giới hạn số lượng mục &amp; b&agrave;i.</p>\r\n</li>\r\n<li style=\"margin: 0px; padding: 0px; box-sizing: border-box;\">Li&ecirc;n hệ: Hiển thị th&ocirc;ng tin li&ecirc;n hệ (địa chỉ, điện thoại, email&hellip;) v&agrave; cho ph&eacute;p người d&ugrave;ng gửi email phản hồi, &yacute; kiến về cho c&ocirc;ng ty.</li>\r\n<li style=\"margin: 0px; padding: 0px; box-sizing: border-box;\">Quảng c&aacute;o: Quản l&yacute; hệ thống banner/logo hiển thị tr&ecirc;n website</li>\r\n<li style=\"margin: 0px; padding: 0px; box-sizing: border-box;\">Thống kế website: Hiển thị số người đang truy cập website, tổng số lượt truy cập website</li>\r\n<li style=\"margin: 0px; padding: 0px; box-sizing: border-box;\">Hệ thống quản l&yacute; website: Quản l&yacute; to&agrave;n bộ nội dung của website với giao diện trực quan, tiện lợi v&agrave; dễ sử dụng. Chỉ cần quản trị vi&ecirc;n với tr&igrave;nh độ tin học văn ph&ograve;ng l&agrave; c&oacute; thể dễ d&agrave;ng quản l&yacute; website.</li>\r\n</ol>\r\n<p style=\"margin: 0px 0px 10px; padding: 0px 0px 10px; box-sizing: border-box; color: #515253; font-family: \'Lora\', sans-serif, Arial, Helvetica, sans-serif; font-size: 15px; text-align: justify;\"><span style=\"margin: 0px; padding: 0px; box-sizing: border-box; font-weight: bold;\">C&Ocirc;NG CỤ&nbsp;<a style=\"margin: 0px; padding: 0px; box-sizing: border-box; color: #337ab7; background: 0px 0px transparent; text-decoration-line: none; transition: all 200ms ease-out 0s;\" title=\"THIẾT KẾ WEBSITE\" href=\"https://webviet24h.com/\">THIẾT KẾ WEBSITE</a></span></p>\r\n<ul style=\"margin: 0px; padding: 0px 0px 0px 38px; box-sizing: border-box; list-style-position: initial; list-style-image: initial; color: #515253; font-family: \'Lora\', sans-serif, Arial, Helvetica, sans-serif; font-size: 15px; text-align: justify;\">\r\n<li style=\"margin: 0px; padding: 0px; box-sizing: border-box; list-style: disc;\">Ng&ocirc;n ngữ lập tr&igrave;nh ASP.net,&nbsp;&nbsp;PHP, Javascript, .v.v.</li>\r\n<li style=\"margin: 0px; padding: 0px; box-sizing: border-box; list-style: disc;\">C&ocirc;ng nghệ thiết kế bằng : Joomla, Magento, WordPress, .v.v.</li>\r\n</ul>\r\n<p style=\"margin: 0px 0px 10px; padding: 0px 0px 10px; box-sizing: border-box; color: #515253; font-family: \'Lora\', sans-serif, Arial, Helvetica, sans-serif; font-size: 15px; text-align: justify;\"><span style=\"margin: 0px; padding: 0px; box-sizing: border-box; font-weight: bold;\">THỜI GIAN THIẾT KẾ &amp; HO&Agrave;N TH&Agrave;NH</span>&nbsp;( Tổng thời gian l&agrave; 20 ng&agrave;y )</p>\r\n<ul style=\"margin: 0px; padding: 0px 0px 0px 38px; box-sizing: border-box; list-style-position: initial; list-style-image: initial; color: #515253; font-family: \'Lora\', sans-serif, Arial, Helvetica, sans-serif; font-size: 15px; text-align: justify;\">\r\n<li style=\"margin: 0px; padding: 0px; box-sizing: border-box; list-style: disc;\">Thời gian thu thập th&ocirc;ng tin v&agrave; h&igrave;nh ảnh: 01 Ng&agrave;y</li>\r\n<li style=\"margin: 0px; padding: 0px; box-sizing: border-box; list-style: disc;\">Thời gian thiết kế Demo website l&agrave;: 07 Ng&agrave;y</li>\r\n<li style=\"margin: 0px; padding: 0px; box-sizing: border-box; list-style: disc;\">Thời gian b&aacute;o kh&aacute;ch h&agrave;ng xem v&agrave; duyệt Demo website l&agrave;: 02 Ng&agrave;y</li>\r\n<li style=\"margin: 0px; padding: 0px; box-sizing: border-box; list-style: disc;\">Thời gian lập tr&igrave;nh v&agrave; c&agrave;i l&ecirc;n mạng internet l&agrave;: 09 Ng&agrave;y</li>\r\n<li style=\"margin: 0px; padding: 0px; box-sizing: border-box; list-style: disc;\">Thời gian hướng dẫn admin v&agrave; b&agrave;n giao website l&agrave;: 01 Ng&agrave;y</li>\r\n</ul>\r\n<div style=\"margin: 0px; padding: 0px; box-sizing: border-box; color: #515253; font-family: \'Lora\', sans-serif, Arial, Helvetica, sans-serif; font-size: 15px; text-align: justify;\">\r\n<div style=\"margin: 0px; padding: 0px; box-sizing: border-box;\">&nbsp;Hệ thống website của ch&uacute;ng t&ocirc;i c&oacute; t&iacute;nh năng mạnh mẽ,vượt trội,phục vụ tốt nhất cho người d&ugrave;ng, website được n&acirc;ng cấp theo nhiều phi&ecirc;n bản kh&aacute;c nhau, theo y&ecirc;u cầu kh&aacute;ch h&agrave;ng.&nbsp;<span style=\"margin: 0px; padding: 0px; box-sizing: border-box; font-weight: bold;\">Chỉ cần bạn c&oacute; &yacute; tưởng, ch&uacute;ng t&ocirc;i đều đ&aacute;p ứng được</span></div>\r\n</div>\r\n<ul style=\"margin: 0px; padding: 0px 0px 0px 38px; box-sizing: border-box; list-style-position: initial; list-style-image: initial; color: #515253; font-family: \'Lora\', sans-serif, Arial, Helvetica, sans-serif; font-size: 15px; text-align: justify;\">\r\n<li style=\"margin: 0px; padding: 0px; box-sizing: border-box; list-style: disc;\">Hệ thống do c&ocirc;ng ty tự ph&aacute;t triển tăng t&iacute;nh an to&agrave;n,bảo mật sử dụng m&atilde; nguồn ASP.net n&ecirc;n ho&agrave;n to&agrave;n bảo mật</li>\r\n<li style=\"margin: 0px; padding: 0px; box-sizing: border-box; list-style: disc;\">Website của ch&uacute;ng t&ocirc;i ph&acirc;n chia th&agrave;nh c&aacute;c module nhỏ, dễ d&agrave;ng cho việc n&acirc;ng cấp hay cập nhật về sau</li>\r\n<li style=\"margin: 0px; padding: 0px; box-sizing: border-box; list-style: disc;\">Giao diện quản trị rất trực quan v&agrave; dễ sử dụng</li>\r\n<li style=\"margin: 0px; padding: 0px; box-sizing: border-box; list-style: disc;\">Thời gian&nbsp;<span style=\"margin: 0px; padding: 0px; box-sizing: border-box; font-weight: bold;\">thiết kế website</span>&nbsp;nhanh ch&oacute;ng,thủ tục đơn giản,thuận tiện cho kh&aacute;ch h&agrave;ng</li>\r\n<li style=\"margin: 0px; padding: 0px; box-sizing: border-box; list-style: disc;\">Hệ thống của ch&uacute;ng t&ocirc;i được giảm thiểu tối đa nguy cơ ngừng hoạt động giữa chừng website.</li>\r\n<li style=\"margin: 0px; padding: 0px; box-sizing: border-box; list-style: disc;\">Chi ph&iacute;<span style=\"margin: 0px; padding: 0px; box-sizing: border-box; font-weight: bold;\">&nbsp;<em style=\"margin: 0px; padding: 0px; box-sizing: border-box;\">thiết kế web</em></span><em style=\"margin: 0px; padding: 0px; box-sizing: border-box;\">&nbsp;</em>hợp l&yacute;</li>\r\n<li style=\"margin: 0px; padding: 0px; box-sizing: border-box; list-style: disc;\">Hệ thống của ch&uacute;ng t&ocirc;i chuẩn về thiết kế,th&acirc;n thiện với bộ m&aacute;y t&igrave;m kiếm(Chuẩn SEO URL 1 cấp )</li>\r\n</ul>\r\n<p style=\"margin: 0px 0px 10px; padding: 0px 0px 10px; box-sizing: border-box; color: #515253; font-family: \'Lora\', sans-serif, Arial, Helvetica, sans-serif; font-size: 15px; text-align: justify;\">Ngo&agrave;i ra c&ograve;n v&ocirc; số c&aacute;c t&iacute;nh năng ho&agrave;n to&agrave;n th&acirc;n thiện với người d&ugrave;ng, v&agrave; chắc chắn c&aacute;c &yacute; tưởng bạn muốn l&agrave; ho&agrave;n to&agrave;n c&oacute; thể thực hiện được</p>\r\n<ul style=\"margin: 0px; padding: 0px 0px 0px 38px; box-sizing: border-box; list-style-position: initial; list-style-image: initial; color: #515253; font-family: \'Lora\', sans-serif, Arial, Helvetica, sans-serif; font-size: 15px; text-align: justify;\">\r\n<li style=\"margin: 0px; padding: 0px; box-sizing: border-box; list-style: disc;\">Bộ code c&oacute; phần quyền r&otilde; r&agrave;ng cho c&aacute;c th&agrave;nh vi&ecirc;n trong quản trị. Bộ CMS đ&atilde; được Việt h&oacute;a để ph&ugrave; hợp với c&aacute;c quản trị vi&ecirc;n người Việt Nam.</li>\r\n<li style=\"margin: 0px; padding: 0px; box-sizing: border-box; list-style: disc;\"><span style=\"margin: 0px; padding: 0px; box-sizing: border-box; font-weight: bold;\">Giao diện website thận thiện</span>, r&otilde; d&agrave;ng, dễ nh&igrave;n kh&ocirc;ng g&acirc;y cảm gi&aacute;c kh&oacute; chịu cho kh&aacute;ch h&agrave;ng đọc tin tức d&ugrave; bất kỳ lứa tuổi n&agrave;o. Ph&ugrave; hợp với phong tục người Việt Nam.</li>\r\n<li style=\"margin: 0px; padding: 0px; box-sizing: border-box; list-style: disc;\">Bộ code tối ưu t&igrave;m kiếm google, với c&aacute;c URL 1 cấp sạch ho&agrave;n to&agrave;n, kh&ocirc;ng c&ograve;n k&yacute; tự lạ ngo&agrave;i b&agrave;i viết, gi&uacute;p tin tức đển độc giả nhanh hơn.</li>\r\n<li style=\"margin: 0px; padding: 0px; box-sizing: border-box; list-style: disc;\">Dung lượng code khoảng 4mb, bộ code được tối ưu về dung lượng,&nbsp;<span style=\"margin: 0px; padding: 0px; box-sizing: border-box; font-weight: bold;\">bảo mật về hệ thống&nbsp;website</span>, chống tấn c&ocirc;ng trực tiếp tr&ecirc;n website v&agrave; server. Hệ thống được m&atilde; h&oacute;a theo key word đảm bảo chống tin tặc tấn c&ocirc;ng.</li>\r\n<li style=\"margin: 0px; padding: 0px; box-sizing: border-box; list-style: disc;\">Bộ code c&oacute; thể chỉnh sửa ảnh tự động khi kh&aacute;ch h&agrave;ng đưa b&agrave;i viết mới , ảnh mới m&agrave; kh&ocirc;ng cần chỉnh sửa b&ecirc;n ngo&agrave;i thủ c&ocirc;ng.</li>\r\n</ul>\r\n<p style=\"margin: 0px 0px 10px; padding: 0px 0px 10px; box-sizing: border-box; color: #515253; font-family: \'Lora\', sans-serif, Arial, Helvetica, sans-serif; font-size: 15px; text-align: justify;\">T&iacute;nh t&ugrave;y biến về giao diện website, với nhiều lựa chọn cho mọi qu&yacute; kh&aacute;ch h&agrave;ng c&oacute; nhu cầu&nbsp;<a style=\"margin: 0px; padding: 0px; box-sizing: border-box; color: #337ab7; background: 0px 0px transparent; text-decoration-line: none; transition: all 200ms ease-out 0s;\" title=\"thiet ke website chuyen nghiep\" href=\"https://webviet24h.com/thiet-ke-website-chuyen-nghiep\"><em style=\"margin: 0px; padding: 0px; box-sizing: border-box;\">thiết kế website chuy&ecirc;n nghiệp</em></a>, webviet24h.com sẽ tư vấn chi tiết v&agrave; định hướng lại gi&uacute;p bạn</p>\r\n<ul style=\"margin: 0px; padding: 0px 0px 0px 38px; box-sizing: border-box; list-style-position: initial; list-style-image: initial; color: #515253; font-family: \'Lora\', sans-serif, Arial, Helvetica, sans-serif; font-size: 15px; text-align: justify;\">\r\n<li style=\"margin: 0px; padding: 0px; box-sizing: border-box; list-style: disc;\">Web động ho&agrave;n to&agrave;n, kh&ocirc;ng hạn chế số trang.</li>\r\n<li style=\"margin: 0px; padding: 0px; box-sizing: border-box; list-style: disc;\">Giao diện website ph&ugrave; hợp v&agrave; hiện đại nhất với bạn</li>\r\n<li style=\"margin: 0px; padding: 0px; box-sizing: border-box; list-style: disc;\">Ng&ocirc;n ngữ lập tr&igrave;nh PHP, .NET, AJAX, JAVASCRIP&hellip;..</li>\r\n<li style=\"margin: 0px; padding: 0px; box-sizing: border-box; list-style: disc;\">C&ocirc;ng cụ Admin tự quản lý, t&ugrave;y chỉnh v&agrave; chỉnh sửa ho&agrave;n to&agrave;n</li>\r\n<li style=\"margin: 0px; padding: 0px; box-sizing: border-box; list-style: disc;\">Khả năng tương th&iacute;ch mọi tr&igrave;nh duyệt, mọi độ ph&acirc;n giải.</li>\r\n<li style=\"margin: 0px; padding: 0px; box-sizing: border-box; list-style: disc;\">Được đ&agrave;o tạo th&agrave;nh webmaster thực thụ</li>\r\n</ul>');
INSERT INTO `website_svs` (`id`, `title`, `service_id`, `seo_title`, `image`, `slug`, `created_at`, `updated_at`, `meta_description`, `meta_keywords`, `body`) VALUES
(5, 'Thiết kế website du lịch', 1, NULL, 'website-svs/August2020/CHAUt5EftVRjea5CtAMy.jpg', 'thiet-ke-website-du-lich', '2020-07-28 21:07:00', '2020-08-06 03:02:51', 'Bạn đang có nhu cầu Thiết kế website du lịch để quảng bá doanh nghiệp của mình trên internet? Bạn đang băn khoăn không bắt đầu từ đâu? Không biết đơn vị nào có thể giúp bạn trong việc này?', NULL, '<p style=\"margin: 0px 0px 10px; padding: 0px 0px 10px; box-sizing: border-box; color: #515253; font-family: \'Lora\', sans-serif, Arial, Helvetica, sans-serif; text-align: justify;\">Bạn đang c&oacute; nhu cầu&nbsp;<span style=\"margin: 0px; padding: 0px; box-sizing: border-box; font-weight: bold;\">Thiết kế website du lịch</span>&nbsp;để quảng b&aacute; doanh nghiệp của m&igrave;nh tr&ecirc;n internet? Bạn đang băn khoăn kh&ocirc;ng bắt đầu từ đ&acirc;u? Kh&ocirc;ng biết đơn vị n&agrave;o c&oacute; thể gi&uacute;p bạn trong việc n&agrave;y?&nbsp;<span style=\"margin: 0px; padding: 0px; box-sizing: border-box; font-weight: bold;\">Angkorich</span>&nbsp;sẽ gi&uacute;p bạn thực hiện kế hoạch x&acirc;y dựng n&agrave;y.</p>\r\n<p><img src=\"http://htc-it.team//storage/website-svs/August2020/thiet-ke-website-du-lich-gia-re-tphcm.jpg\" alt=\"\" width=\"100%\" height=\"inherit\" /></p>\r\n<table style=\"margin: 0px; padding: 2px; box-sizing: border-box; border-collapse: collapse; border-spacing: 0px; border: 1px solid #cccccc; color: #515253; font-family: \'Lora\', sans-serif, Arial, Helvetica, sans-serif; text-align: justify;\" border=\"1\" width=\"100%\" cellspacing=\"0\" cellpadding=\"4\">\r\n<tbody style=\"margin: 0px; padding: 0px; box-sizing: border-box;\">\r\n<tr style=\"margin: 0px; padding: 2px; box-sizing: border-box; border: 1px solid #cccccc;\">\r\n<td style=\"margin: 0px; padding: 2px; box-sizing: border-box; border: 1px solid #cccccc;\" width=\"13%\"><span style=\"margin: 0px; padding: 0px; box-sizing: border-box; font-weight: bold;\"><span style=\"margin: 0px; padding: 0px; box-sizing: border-box; color: #800000; font-family: Arial; font-size: small;\">C&aacute;c module cơ bản của website</span></span></td>\r\n<td style=\"margin: 0px; padding: 2px; box-sizing: border-box; border: 1px solid #cccccc;\" width=\"87%\"><span style=\"margin: 0px; padding: 0px; box-sizing: border-box; font-weight: bold;\"><span style=\"margin: 0px; padding: 0px; box-sizing: border-box; color: #800000; font-family: Arial; font-size: small;\">M&ocirc; tả t&iacute;nh năng website Du lịch</span></span></td>\r\n</tr>\r\n<tr style=\"margin: 0px; padding: 2px; box-sizing: border-box; border: 1px solid #cccccc;\">\r\n<td style=\"margin: 0px; padding: 2px; box-sizing: border-box; border: 1px solid #cccccc;\" width=\"13%\"><span style=\"margin: 0px; padding: 0px; box-sizing: border-box; font-weight: bold;\"><span style=\"margin: 0px; padding: 0px; box-sizing: border-box; font-family: Arial; font-size: small;\">1. Trang chủ</span></span></td>\r\n<td style=\"margin: 0px; padding: 2px; box-sizing: border-box; border: 1px solid #cccccc;\" width=\"87%\">\r\n<ul style=\"margin: 0px; padding: 0px 0px 0px 38px; box-sizing: border-box; list-style-position: initial; list-style-image: initial;\">\r\n<li style=\"margin: 0px; padding: 0px; box-sizing: border-box; list-style: disc;\"><span style=\"margin: 0px; padding: 0px; box-sizing: border-box; font-family: Arial; font-size: small;\">Thiết kế trang chủ của website, sử dụng c&aacute;c c&ocirc;ng cụ đồ họa mới nhất Photoshop CS2, Macromedia Flash 8, Illustrators</span></li>\r\n<li style=\"margin: 0px; padding: 0px; box-sizing: border-box; list-style: disc;\"><span style=\"margin: 0px; padding: 0px; box-sizing: border-box; font-family: Arial; font-size: small;\">Banner Flash động, c&aacute;c th&agrave;nh phần ảnh động, media&hellip;</span></li>\r\n<li style=\"margin: 0px; padding: 0px; box-sizing: border-box; list-style: disc;\"><span style=\"margin: 0px; padding: 0px; box-sizing: border-box; font-family: Arial; font-size: small;\">Bao gồm thiết kế mỹ thuật 01 trang giao diện d&ugrave;ng cho cả trang chủ v&agrave; c&aacute;c trang trong.</span></li>\r\n<li style=\"margin: 0px; padding: 0px; box-sizing: border-box; list-style: disc;\"><span style=\"margin: 0px; padding: 0px; box-sizing: border-box; font-family: Arial; font-size: small;\">Đồ họa đẹp, ấn tượng, phong c&aacute;ch, banner flash</span></li>\r\n</ul>\r\n<p style=\"margin: 0px 0px 10px; padding: 0px 0px 10px; box-sizing: border-box;\"><span style=\"margin: 0px; padding: 0px; box-sizing: border-box; font-family: Arial; font-size: small;\">a. Trang chủ được thiết kế chuy&ecirc;n nghiệp với đồ họa được thiết kế theo y&ecirc;u cầu ri&ecirc;ng biệt.<br style=\"margin: 0px; padding: 0px; box-sizing: border-box;\" />b. Hiển thị đầy đủ c&aacute;c th&ocirc;ng tin về:</span></p>\r\n<ul style=\"margin: 0px; padding: 0px 0px 0px 38px; box-sizing: border-box; list-style-position: initial; list-style-image: initial;\">\r\n<li style=\"margin: 0px; padding: 0px; box-sizing: border-box; list-style: disc;\"><span style=\"margin: 0px; padding: 0px; box-sizing: border-box; font-family: Arial; font-size: small;\">Ng&agrave;y th&aacute;ng</span></li>\r\n<li style=\"margin: 0px; padding: 0px; box-sizing: border-box; list-style: disc;\"><span style=\"margin: 0px; padding: 0px; box-sizing: border-box; font-family: Arial; font-size: small;\">Danh mục menu:</span></li>\r\n</ul>\r\n</td>\r\n</tr>\r\n<tr style=\"margin: 0px; padding: 2px; box-sizing: border-box; border: 1px solid #cccccc;\">\r\n<td style=\"margin: 0px; padding: 2px; box-sizing: border-box; border: 1px solid #cccccc;\" width=\"13%\"><span style=\"margin: 0px; padding: 0px; box-sizing: border-box; font-weight: bold;\"><span style=\"margin: 0px; padding: 0px; box-sizing: border-box; font-family: Arial; font-size: small;\">2. Banner động</span></span></td>\r\n<td style=\"margin: 0px; padding: 2px; box-sizing: border-box; border: 1px solid #cccccc;\" width=\"87%\"><span style=\"margin: 0px; padding: 0px; box-sizing: border-box; font-family: Arial; font-size: small;\">Thiết kế banner động ấn tượng.<br style=\"margin: 0px; padding: 0px; box-sizing: border-box;\" />Những h&igrave;nh ảnh trong banner thể hiện những dịch vụ v&agrave; sản phẩm của Q&uacute;y c&ocirc;ng ty.</span></td>\r\n</tr>\r\n<tr style=\"margin: 0px; padding: 2px; box-sizing: border-box; border: 1px solid #cccccc;\">\r\n<td style=\"margin: 0px; padding: 2px; box-sizing: border-box; border: 1px solid #cccccc;\" width=\"13%\"><span style=\"margin: 0px; padding: 0px; box-sizing: border-box; font-weight: bold;\"><span style=\"margin: 0px; padding: 0px; box-sizing: border-box; font-family: Arial; font-size: small;\">3. Phần giới thiệu</span></span></td>\r\n<td style=\"margin: 0px; padding: 2px; box-sizing: border-box; border: 1px solid #cccccc;\" width=\"87%\">\r\n<ul style=\"margin: 0px; padding: 0px 0px 0px 38px; box-sizing: border-box; list-style-position: initial; list-style-image: initial;\">\r\n<li style=\"margin: 0px; padding: 0px; box-sizing: border-box; list-style: disc;\"><span style=\"margin: 0px; padding: 0px; box-sizing: border-box; font-family: Arial; font-size: small;\">Giới thiệu chi tiết về c&ocirc;ng ty:</span></li>\r\n<li style=\"margin: 0px; padding: 0px; box-sizing: border-box; list-style: disc;\"><span style=\"margin: 0px; padding: 0px; box-sizing: border-box; font-family: Arial; font-size: small;\">Lịch sử h&igrave;nh th&agrave;nh</span></li>\r\n<li style=\"margin: 0px; padding: 0px; box-sizing: border-box; list-style: disc;\"><span style=\"margin: 0px; padding: 0px; box-sizing: border-box; font-family: Arial; font-size: small;\">T&ocirc;n chỉ, tầm nh&igrave;n</span></li>\r\n<li style=\"margin: 0px; padding: 0px; box-sizing: border-box; list-style: disc;\"><span style=\"margin: 0px; padding: 0px; box-sizing: border-box; font-family: Arial; font-size: small;\">Ng&agrave;nh nghề kinh doanh</span></li>\r\n<li style=\"margin: 0px; padding: 0px; box-sizing: border-box; list-style: disc;\"><span style=\"margin: 0px; padding: 0px; box-sizing: border-box; font-family: Arial; font-size: small;\">Sơ đồ tổ chức</span></li>\r\n<li style=\"margin: 0px; padding: 0px; box-sizing: border-box; list-style: disc;\"><span style=\"margin: 0px; padding: 0px; box-sizing: border-box; font-family: Arial; font-size: small;\">C&aacute;c c&ocirc;ng ty th&agrave;nh vi&ecirc;n</span></li>\r\n</ul>\r\n</td>\r\n</tr>\r\n<tr style=\"margin: 0px; padding: 2px; box-sizing: border-box; border: 1px solid #cccccc;\">\r\n<td style=\"margin: 0px; padding: 2px; box-sizing: border-box; border: 1px solid #cccccc;\" width=\"13%\"><span style=\"margin: 0px; padding: 0px; box-sizing: border-box; font-weight: bold;\"><span style=\"margin: 0px; padding: 0px; box-sizing: border-box; font-family: Arial; font-size: small;\">4.&nbsp;</span>Quản chương tr&igrave;nh tour</span></td>\r\n<td style=\"margin: 0px; padding: 2px; box-sizing: border-box; border: 1px solid #cccccc;\" width=\"87%\">\r\n<ul style=\"margin: 0px; padding: 0px 0px 0px 38px; box-sizing: border-box; list-style-position: initial; list-style-image: initial;\">\r\n<li style=\"margin: 0px; padding: 0px; box-sizing: border-box; list-style: disc;\"><span style=\"margin: 0px; padding: 0px; box-sizing: border-box; font-family: Arial; font-size: small;\">Ph&acirc;n nh&oacute;m, ph&acirc;n cấp kh&ocirc;ng hạn chế c&aacute;c chương tr&igrave;nh tour du lịch:</span></li>\r\n<li style=\"margin: 0px; padding: 0px; box-sizing: border-box; list-style: disc;\"><span style=\"margin: 0px; padding: 0px; box-sizing: border-box; font-family: Arial; font-size: small;\">C&aacute;c module hỗ trợ như: Nh&oacute;m tour, danh s&aacute;ch tour, chi tiết tour, tour trong nước tour nước ngo&agrave;i, tour theo địa danh tỉnh th&agrave;nh,</span></li>\r\n<li style=\"margin: 0px; padding: 0px; box-sizing: border-box; list-style: disc;\"><span style=\"margin: 0px; padding: 0px; box-sizing: border-box; font-family: Arial; font-size: small;\">Form đặt tour du lich</span></li>\r\n</ul>\r\n</td>\r\n</tr>\r\n<tr style=\"margin: 0px; padding: 2px; box-sizing: border-box; border: 1px solid #cccccc;\">\r\n<td style=\"margin: 0px; padding: 2px; box-sizing: border-box; border: 1px solid #cccccc;\" width=\"13%\"><span style=\"margin: 0px; padding: 0px; box-sizing: border-box; font-weight: bold;\"><span style=\"margin: 0px; padding: 0px; box-sizing: border-box; font-family: Arial; font-size: small;\">5. Quản l&yacute; kh&aacute;ch sạn</span></span></td>\r\n<td style=\"margin: 0px; padding: 2px; box-sizing: border-box; border: 1px solid #cccccc;\" width=\"87%\">\r\n<ul style=\"margin: 0px; padding: 0px 0px 0px 38px; box-sizing: border-box; list-style-position: initial; list-style-image: initial;\">\r\n<li style=\"margin: 0px; padding: 0px; box-sizing: border-box; list-style: disc;\"><span style=\"margin: 0px; padding: 0px; box-sizing: border-box; font-family: Arial; font-size: small;\">Ph&acirc;n nh&oacute;m, ph&acirc;n cấp kh&ocirc;ng hạn chế kh&aacute;ch sạn theo tỉnh th&agrave;nh, sao, t&ecirc;n, gi&aacute;&hellip;</span></li>\r\n<li style=\"margin: 0px; padding: 0px; box-sizing: border-box; list-style: disc;\"><span style=\"margin: 0px; padding: 0px; box-sizing: border-box; font-family: Arial; font-size: small;\">C&aacute;c module hỗ trợ như: Danh s&aacute;ch kh&aacute;ch sạn theo tỉnh th&agrave;nh, kh&aacute;ch sạn đang khuyến mại, chi tiết kh&aacute;ch sạn</span></li>\r\n<li style=\"margin: 0px; padding: 0px; box-sizing: border-box; list-style: disc;\"><span style=\"margin: 0px; padding: 0px; box-sizing: border-box; font-family: Arial; font-size: small;\">T&igrave;m kiếm kh&aacute;ch sạn (T&igrave;m kiếm bởi t&ecirc;n, bởi loại sao, t&igrave;m theeo tỉnh thanh&hellip;.),</span></li>\r\n<li style=\"margin: 0px; padding: 0px; box-sizing: border-box; list-style: disc;\"><span style=\"margin: 0px; padding: 0px; box-sizing: border-box; font-family: Arial; font-size: small;\">Đặt ph&ograve;ng kh&aacute;ch sạn</span></li>\r\n</ul>\r\n</td>\r\n</tr>\r\n<tr style=\"margin: 0px; padding: 2px; box-sizing: border-box; border: 1px solid #cccccc;\">\r\n<td style=\"margin: 0px; padding: 2px; box-sizing: border-box; border: 1px solid #cccccc;\" width=\"13%\"><span style=\"margin: 0px; padding: 0px; box-sizing: border-box; font-weight: bold;\"><span style=\"margin: 0px; padding: 0px; box-sizing: border-box; font-family: Arial; font-size: small;\">6. Dịch vụ</span></span></td>\r\n<td style=\"margin: 0px; padding: 2px; box-sizing: border-box; border: 1px solid #cccccc;\" width=\"87%\">\r\n<ul style=\"margin: 0px; padding: 0px 0px 0px 38px; box-sizing: border-box; list-style-position: initial; list-style-image: initial;\">\r\n<li style=\"margin: 0px; padding: 0px; box-sizing: border-box; list-style: disc;\"><span style=\"margin: 0px; padding: 0px; box-sizing: border-box; font-family: Arial; font-size: small;\">C&aacute;c module hỗ trợ: Giới thiệu c&aacute;c dịch vụ du lịch như, v&eacute; t&agrave;u, v&eacute; m&aacute;y bay, cho thue &ocirc; t&ocirc;, visa&hellip;..</span></li>\r\n</ul>\r\n</td>\r\n</tr>\r\n<tr style=\"margin: 0px; padding: 2px; box-sizing: border-box; border: 1px solid #cccccc;\">\r\n<td style=\"margin: 0px; padding: 2px; box-sizing: border-box; border: 1px solid #cccccc;\" width=\"13%\"><span style=\"margin: 0px; padding: 0px; box-sizing: border-box; font-weight: bold;\"><span style=\"margin: 0px; padding: 0px; box-sizing: border-box; font-family: Arial; font-size: small;\">7. Quản l&yacute; th&ocirc;ng tin khuyến m&atilde;i</span></span></td>\r\n<td style=\"margin: 0px; padding: 2px; box-sizing: border-box; border: 1px solid #cccccc;\" width=\"87%\">\r\n<ul style=\"margin: 0px; padding: 0px 0px 0px 38px; box-sizing: border-box; list-style-position: initial; list-style-image: initial;\">\r\n<li style=\"margin: 0px; padding: 0px; box-sizing: border-box; list-style: disc;\"><span style=\"margin: 0px; padding: 0px; box-sizing: border-box; font-family: Arial; font-size: small;\">Cho ph&eacute;p hiển thị hoặc kh&ocirc;ng hiển thị sản phẩm khuyến mại chỉ bằng một click chuột.</span></li>\r\n<li style=\"margin: 0px; padding: 0px; box-sizing: border-box; list-style: disc;\"><span style=\"margin: 0px; padding: 0px; box-sizing: border-box; font-family: Arial; font-size: small;\">X&aacute;c định được vị tr&iacute; hiển thị để đưa sản phẩm khuyến m&atilde;i v&agrave;o trang danh s&aacute;ch khuyến m&atilde;i của c&ocirc;ng ty du lịch.</span></li>\r\n</ul>\r\n</td>\r\n</tr>\r\n<tr style=\"margin: 0px; padding: 2px; box-sizing: border-box; border: 1px solid #cccccc;\">\r\n<td style=\"margin: 0px; padding: 2px; box-sizing: border-box; border: 1px solid #cccccc;\" width=\"13%\"><span style=\"margin: 0px; padding: 0px; box-sizing: border-box; font-weight: bold;\"><span style=\"margin: 0px; padding: 0px; box-sizing: border-box; font-family: Arial; font-size: small;\">8. Booking Online</span></span></td>\r\n<td style=\"margin: 0px; padding: 2px; box-sizing: border-box; border: 1px solid #cccccc;\" width=\"87%\">\r\n<ul style=\"margin: 0px; padding: 0px 0px 0px 38px; box-sizing: border-box; list-style-position: initial; list-style-image: initial;\">\r\n<li style=\"margin: 0px; padding: 0px; box-sizing: border-box; list-style: disc;\"><span style=\"margin: 0px; padding: 0px; box-sizing: border-box; font-family: Arial; font-size: small;\">Module n&agrave;y cho ph&eacute;p đặt tour kh&aacute;ch sạn, dịch vụ du lịch&hellip; th&ocirc;ng tin đặt h&agrave;ng sẽ được chuyển v&agrave;o hệ thống v&agrave; th&ocirc;ng b&aacute;o cho qu&yacute; kh&aacute;ch qua hệ quản trị website.</span></li>\r\n<li style=\"margin: 0px; padding: 0px; box-sizing: border-box; list-style: disc;\"><span style=\"margin: 0px; padding: 0px; box-sizing: border-box; font-family: Arial; font-size: small;\">C&ocirc;ng cụ quản trị đặt tours, ph&ograve;ng :</span></li>\r\n<li style=\"margin: 0px; padding: 0px; box-sizing: border-box; list-style: disc;\"><span style=\"margin: 0px; padding: 0px; box-sizing: border-box; font-family: Arial; font-size: small;\">Hỗ trợ quản l&yacute; v&agrave; thống k&ecirc; c&aacute;c th&ocirc;ng tin đặt tour như: t&ecirc;n tour/ph&ograve;ng cần đặt, t&ecirc;n kh&aacute;ch h&agrave;ng, ng&agrave;y đặt, xem chi tiết ( số lượng người, th&ocirc;ng tin c&aacute; nh&acirc;n của kh&aacute;ch h&agrave;ng&hellip;), chỉnh sửa hoặc x&oacute;a đơn đơn đặt tours &hellip;</span></li>\r\n<li style=\"margin: 0px; padding: 0px; box-sizing: border-box; list-style: disc;\"><span style=\"margin: 0px; padding: 0px; box-sizing: border-box; font-family: Arial; font-size: small;\">Liệt k&ecirc; danh s&aacute;ch c&aacute;c đơn đặt tour, đặt kh&aacute;ch sạn cho người quẩn trị dễ d&agrave;ng quản l&yacute; c&aacute;c booking</span></li>\r\n</ul>\r\n</td>\r\n</tr>\r\n<tr style=\"margin: 0px; padding: 2px; box-sizing: border-box; border: 1px solid #cccccc;\">\r\n<td style=\"margin: 0px; padding: 2px; box-sizing: border-box; border: 1px solid #cccccc;\" width=\"13%\"><span style=\"margin: 0px; padding: 0px; box-sizing: border-box; font-weight: bold;\"><span style=\"margin: 0px; padding: 0px; box-sizing: border-box; font-family: Arial; font-size: small;\">9. Trang li&ecirc;n hệ</span></span></td>\r\n<td style=\"margin: 0px; padding: 2px; box-sizing: border-box; border: 1px solid #cccccc;\" width=\"87%\">\r\n<ul style=\"margin: 0px; padding: 0px 0px 0px 38px; box-sizing: border-box; list-style-position: initial; list-style-image: initial;\">\r\n<li style=\"margin: 0px; padding: 0px; box-sizing: border-box; list-style: disc;\"><span style=\"margin: 0px; padding: 0px; box-sizing: border-box; font-family: Arial; font-size: small;\">Trang hỗ trợ lấy th&ocirc;ng tin, phản hồi, y&ecirc;u cầu từ ph&iacute;a kh&aacute;ch h&agrave;ng.</span></li>\r\n<li style=\"margin: 0px; padding: 0px; box-sizing: border-box; list-style: disc;\"><span style=\"margin: 0px; padding: 0px; box-sizing: border-box; font-family: Arial; font-size: small;\">Hỗ trợ gửi email tự động đến quản trị trang web khi c&oacute; kh&aacute;ch h&agrave;ng li&ecirc;n hệ.</span></li>\r\n<li style=\"margin: 0px; padding: 0px; box-sizing: border-box; list-style: disc;\"><span style=\"margin: 0px; padding: 0px; box-sizing: border-box; font-family: Arial; font-size: small;\">Hỗ trợ quản trị vi&ecirc;n quản l&yacute; danh s&aacute;ch c&aacute;c y&ecirc;u cầu, li&ecirc;n hệ của kh&aacute;ch h&agrave;ng.</span></li>\r\n</ul>\r\n</td>\r\n</tr>\r\n<tr style=\"margin: 0px; padding: 2px; box-sizing: border-box; border: 1px solid #cccccc;\">\r\n<td style=\"margin: 0px; padding: 2px; box-sizing: border-box; border: 1px solid #cccccc;\" width=\"13%\"><span style=\"margin: 0px; padding: 0px; box-sizing: border-box; font-weight: bold;\"><span style=\"margin: 0px; padding: 0px; box-sizing: border-box; font-family: Arial; font-size: small;\">12. Module quản l&yacute; Tour, hotel</span></span></td>\r\n<td style=\"margin: 0px; padding: 2px; box-sizing: border-box; border: 1px solid #cccccc;\" width=\"87%\">\r\n<ul style=\"margin: 0px; padding: 0px 0px 0px 38px; box-sizing: border-box; list-style-position: initial; list-style-image: initial;\">\r\n<li style=\"margin: 0px; padding: 0px; box-sizing: border-box; list-style: disc;\"><span style=\"margin: 0px; padding: 0px; box-sizing: border-box; font-family: Arial; font-size: small;\">Module n&agrave;y t&iacute;ch hợp trong c&aacute;c website du lịch lữ h&agrave;nh, cho ph&eacute;p quản l&yacute; th&ocirc;ng tin Tours, Hotels, ph&acirc;n loại tours, hotels theo nhiều ti&ecirc;u ch&iacute; để quản l&yacute;.</span></li>\r\n<li style=\"margin: 0px; padding: 0px; box-sizing: border-box; list-style: disc;\"><span style=\"margin: 0px; padding: 0px; box-sizing: border-box; font-family: Arial; font-size: small;\">Quản l&yacute; th&ocirc;ng tin tour : m&atilde;, t&ecirc;n, m&ocirc; tả, số ng&agrave;y, địa điểm, h&igrave;nh ảnh minh họa, hạn tour, c&aacute;c dịch vụ k&egrave;m theo gi&aacute;&hellip;.quản l&yacute; th&ocirc;ng tin hotel: t&ecirc;n, m&ocirc; tả, hạng sao, địa chỉ, số ph&ograve;ng, gi&aacute; ph&ograve;ng, loại ph&ograve;ng, c&aacute;c dịch vụ đi k&egrave;m&hellip;.</span></li>\r\n</ul>\r\n</td>\r\n</tr>\r\n<tr style=\"margin: 0px; padding: 2px; box-sizing: border-box; border: 1px solid #cccccc;\">\r\n<td style=\"margin: 0px; padding: 2px; box-sizing: border-box; border: 1px solid #cccccc;\" width=\"13%\"><span style=\"margin: 0px; padding: 0px; box-sizing: border-box; font-weight: bold;\"><span style=\"margin: 0px; padding: 0px; box-sizing: border-box; font-family: Arial; font-size: small;\">13. Phần tin tức v&agrave; sự kiện</span></span></td>\r\n<td style=\"margin: 0px; padding: 2px; box-sizing: border-box; border: 1px solid #cccccc;\" width=\"87%\">\r\n<ul style=\"margin: 0px; padding: 0px 0px 0px 38px; box-sizing: border-box; list-style-position: initial; list-style-image: initial;\">\r\n<li style=\"margin: 0px; padding: 0px; box-sizing: border-box; list-style: disc;\"><span style=\"margin: 0px; padding: 0px; box-sizing: border-box; font-family: Arial; font-size: small;\">Được ph&acirc;n l&agrave;m nhiều cấp : Cấp chuy&ecirc;n mục tin v&agrave; cấp tin b&agrave;i.</span></li>\r\n<li style=\"margin: 0px; padding: 0px; box-sizing: border-box; list-style: disc;\"><span style=\"margin: 0px; padding: 0px; box-sizing: border-box; font-family: Arial; font-size: small;\">Quản trị c&oacute; thể chủ động th&ecirc;m, sửa, x&oacute;a kh&ocirc;ng hạn chế số chuy&ecirc;n mục v&agrave; tin b&agrave;i.</span></li>\r\n</ul>\r\n</td>\r\n</tr>\r\n<tr style=\"margin: 0px; padding: 2px; box-sizing: border-box; border: 1px solid #cccccc;\">\r\n<td style=\"margin: 0px; padding: 2px; box-sizing: border-box; border: 1px solid #cccccc;\" width=\"13%\"><span style=\"margin: 0px; padding: 0px; box-sizing: border-box; font-weight: bold;\"><span style=\"margin: 0px; padding: 0px; box-sizing: border-box; font-family: Arial; font-size: small;\">14. T&igrave;m kiếm th&ocirc;ng tin</span></span></td>\r\n<td style=\"margin: 0px; padding: 2px; box-sizing: border-box; border: 1px solid #cccccc;\" width=\"87%\"><span style=\"margin: 0px; padding: 0px; box-sizing: border-box; font-family: Arial; font-size: small;\">Cho ph&eacute;p t&igrave;m kiếm theo từ kh&oacute;a trong c&aacute;c loại sản phẩm, bao gồm tour, hotel-resort&hellip;</span>\r\n<p style=\"margin: 0px 0px 10px; padding: 0px 0px 10px; box-sizing: border-box;\">&nbsp;</p>\r\n<ul style=\"margin: 0px; padding: 0px 0px 0px 38px; box-sizing: border-box; list-style-position: initial; list-style-image: initial;\">\r\n<li style=\"margin: 0px; padding: 0px; box-sizing: border-box; list-style: disc;\"><span style=\"margin: 0px; padding: 0px; box-sizing: border-box; font-family: Arial; font-size: small;\">T&igrave;m kiếm trong c&aacute;c trường t&ecirc;n, t&oacute;m tắt, xếp hạng, địa điểm, khoảng gi&aacute; đối với hotel-resort, du thuyền.</span></li>\r\n<li style=\"margin: 0px; padding: 0px; box-sizing: border-box; list-style: disc;\"><span style=\"margin: 0px; padding: 0px; box-sizing: border-box; font-family: Arial; font-size: small;\">T&igrave;m kiếm trong c&aacute;c trường t&ecirc;n, t&oacute;m tắt, loại chương tr&igrave;nh, điểm đi-đến, thời gian k&eacute;o d&agrave;i, khoảng gi&aacute; đối với chương tr&igrave;nh tour.</span></li>\r\n<li style=\"margin: 0px; padding: 0px; box-sizing: border-box; list-style: disc;\"><span style=\"margin: 0px; padding: 0px; box-sizing: border-box; font-family: Arial; font-size: small;\">T&igrave;m kiếm trong c&aacute;c trường t&ecirc;n, t&oacute;m tắt, h&atilde;ng cung cấp, điểm đi-đến, khoảng gi&aacute; đối với v&eacute;.</span></li>\r\n<li style=\"margin: 0px; padding: 0px; box-sizing: border-box; list-style: disc;\"><span style=\"margin: 0px; padding: 0px; box-sizing: border-box; font-family: Arial; font-size: small;\">T&igrave;m theo bản đồ cố định: cho ph&eacute;p hiện danh s&aacute;ch c&aacute;c tỉnh th&agrave;nh l&ecirc;n 1 bản đồ, khi người d&ugrave;ng bấm v&agrave;o link tương ứng sẽ ra kết quả c&aacute;c sản phẩm (tour, hotel &ndash; resort, cruise, xe ứng với địa điểm đ&oacute;)</span></li>\r\n</ul>\r\n</td>\r\n</tr>\r\n<tr style=\"margin: 0px; padding: 2px; box-sizing: border-box; border: 1px solid #cccccc;\">\r\n<td style=\"margin: 0px; padding: 2px; box-sizing: border-box; border: 1px solid #cccccc;\" width=\"13%\"><span style=\"margin: 0px; padding: 0px; box-sizing: border-box; font-weight: bold;\"><span style=\"margin: 0px; padding: 0px; box-sizing: border-box; font-family: Arial; font-size: small;\">15.Tiện &iacute;ch cho website</span></span></td>\r\n<td style=\"margin: 0px; padding: 2px; box-sizing: border-box; border: 1px solid #cccccc;\" width=\"87%\"><span style=\"margin: 0px; padding: 0px; box-sizing: border-box; font-family: Arial; font-size: small;\">Th&ocirc;ng tin cần thiết:</span>\r\n<p style=\"margin: 0px 0px 10px; padding: 0px 0px 10px; box-sizing: border-box;\">&nbsp;</p>\r\n<ul style=\"margin: 0px; padding: 0px 0px 0px 38px; box-sizing: border-box; list-style-position: initial; list-style-image: initial;\">\r\n<li style=\"margin: 0px; padding: 0px; box-sizing: border-box; list-style: disc;\"><span style=\"margin: 0px; padding: 0px; box-sizing: border-box; font-family: Arial; font-size: small;\">Cập nhật li&ecirc;n tục h&agrave;ng ng&agrave;y c&aacute;c th&ocirc;ng tin về:</span></li>\r\n</ul>\r\n<blockquote style=\"margin: 0px; padding: 0px; box-sizing: border-box;\">\r\n<p style=\"margin: 0px 0px 10px; padding: 0px 0px 10px; box-sizing: border-box;\"><span style=\"margin: 0px; padding: 0px; box-sizing: border-box; font-family: Arial; font-size: small;\">Thời tiết<br style=\"margin: 0px; padding: 0px; box-sizing: border-box;\" />Gi&aacute; v&agrave;ng<br style=\"margin: 0px; padding: 0px; box-sizing: border-box;\" />Tỷ gi&aacute; ngoại tệ</span></p>\r\n</blockquote>\r\n<ul style=\"margin: 0px; padding: 0px 0px 0px 38px; box-sizing: border-box; list-style-position: initial; list-style-image: initial;\">\r\n<li style=\"margin: 0px; padding: 0px; box-sizing: border-box; list-style: disc;\"><span style=\"margin: 0px; padding: 0px; box-sizing: border-box; font-family: Arial; font-size: small;\">Thống k&ecirc; số lần truy cập</span></li>\r\n<li style=\"margin: 0px; padding: 0px; box-sizing: border-box; list-style: disc;\"><span style=\"margin: 0px; padding: 0px; box-sizing: border-box; font-family: Arial; font-size: small;\">Đếm số người Online</span></li>\r\n<li style=\"margin: 0px; padding: 0px; box-sizing: border-box; list-style: disc;\"><span style=\"margin: 0px; padding: 0px; box-sizing: border-box; font-family: Arial; font-size: small;\">Thống k&ecirc; tổng số lần truy cập</span></li>\r\n<li style=\"margin: 0px; padding: 0px; box-sizing: border-box; list-style: disc;\"><span style=\"margin: 0px; padding: 0px; box-sizing: border-box; font-family: Arial; font-size: small;\">Hỗ trợ trực tuyến qua yahoo, skype</span></li>\r\n</ul>\r\n</td>\r\n</tr>\r\n<tr style=\"margin: 0px; padding: 2px; box-sizing: border-box; border: 1px solid #cccccc;\">\r\n<td style=\"margin: 0px; padding: 2px; box-sizing: border-box; border: 1px solid #cccccc;\" width=\"13%\"><span style=\"margin: 0px; padding: 0px; box-sizing: border-box; font-weight: bold;\"><span style=\"margin: 0px; padding: 0px; box-sizing: border-box; font-family: Arial; font-size: small;\">16. Thư viện ảnh</span></span></td>\r\n<td style=\"margin: 0px; padding: 2px; box-sizing: border-box; border: 1px solid #cccccc;\" width=\"87%\">\r\n<ul style=\"margin: 0px; padding: 0px 0px 0px 38px; box-sizing: border-box; list-style-position: initial; list-style-image: initial;\">\r\n<li style=\"margin: 0px; padding: 0px; box-sizing: border-box; list-style: disc;\"><span style=\"margin: 0px; padding: 0px; box-sizing: border-box; font-family: Arial; font-size: small;\">Cho ph&eacute;p tạo c&aacute;c album ảnh sinh động tr&ecirc;n website của bạn. Bạn c&oacute; thể tạo c&aacute;c danh mục v&agrave; trong mỗi danh mục tạo ra nhiều album ảnh c&oacute; c&ugrave;ng chủ đề. C&oacute; nhiều hiệu ứng tr&igrave;nh b&agrave;y ảnh để bạn lựa chọn.</span></li>\r\n</ul>\r\n</td>\r\n</tr>\r\n<tr style=\"margin: 0px; padding: 2px; box-sizing: border-box; border: 1px solid #cccccc;\">\r\n<td style=\"margin: 0px; padding: 2px; box-sizing: border-box; border: 1px solid #cccccc;\" width=\"13%\"><span style=\"margin: 0px; padding: 0px; box-sizing: border-box; font-weight: bold;\"><span style=\"margin: 0px; padding: 0px; box-sizing: border-box; font-family: Arial; font-size: small;\">17. Quảng C&aacute;o</span></span></td>\r\n<td style=\"margin: 0px; padding: 2px; box-sizing: border-box; border: 1px solid #cccccc;\" width=\"87%\">\r\n<ul style=\"margin: 0px; padding: 0px 0px 0px 38px; box-sizing: border-box; list-style-position: initial; list-style-image: initial;\">\r\n<li style=\"margin: 0px; padding: 0px; box-sizing: border-box; list-style: disc;\"><span style=\"margin: 0px; padding: 0px; box-sizing: border-box; font-family: Arial; font-size: small;\">Chức năng hiển thị danh s&aacute;ch Banner quảng c&aacute;o</span></li>\r\n<li style=\"margin: 0px; padding: 0px; box-sizing: border-box; list-style: disc;\"><span style=\"margin: 0px; padding: 0px; box-sizing: border-box; font-family: Arial; font-size: small;\">Chức năng hiển thị vị tr&iacute; giữa c&aacute;c banner tr&ecirc;n website</span></li>\r\n<li style=\"margin: 0px; padding: 0px; box-sizing: border-box; list-style: disc;\"><span style=\"margin: 0px; padding: 0px; box-sizing: border-box; font-family: Arial; font-size: small;\">Chức năng th&ecirc;m, x&oacute;a, sửa, kh&oacute;a Banner quảng c&aacute;o</span></li>\r\n</ul>\r\n<p style=\"margin: 0px 0px 10px; padding: 0px 0px 10px; box-sizing: border-box;\"><span style=\"margin: 0px; padding: 0px; box-sizing: border-box; font-family: Arial; font-size: small;\">a. Tổng hợp c&aacute;c h&igrave;nh ảnh về sản phẩm, c&ocirc;ng ty hay logo quảng c&aacute;o của đối t&aacute;c/ kh&aacute;ch h&agrave;ng<br style=\"margin: 0px; padding: 0px; box-sizing: border-box;\" />b. Danh s&aacute;ch c&aacute;c quảng c&aacute;o:<br style=\"margin: 0px; padding: 0px; box-sizing: border-box;\" />&middot; H&igrave;nh ảnh<br style=\"margin: 0px; padding: 0px; box-sizing: border-box;\" />&middot; Ghi ch&uacute;<br style=\"margin: 0px; padding: 0px; box-sizing: border-box;\" />Link tới website</span></p>\r\n</td>\r\n</tr>\r\n<tr style=\"margin: 0px; padding: 2px; box-sizing: border-box; border: 1px solid #cccccc;\">\r\n<td style=\"margin: 0px; padding: 2px; box-sizing: border-box; border: 1px solid #cccccc;\" width=\"13%\"><span style=\"margin: 0px; padding: 0px; box-sizing: border-box; font-weight: bold;\"><span style=\"margin: 0px; padding: 0px; box-sizing: border-box; color: #ff0000; font-family: Arial; font-size: small;\">Y&ecirc;u cầu th&ecirc;m</span></span></td>\r\n<td style=\"margin: 0px; padding: 2px; box-sizing: border-box; border: 1px solid #cccccc;\" width=\"87%\"><span style=\"margin: 0px; padding: 0px; box-sizing: border-box; color: #ff0000; font-family: Arial; font-size: small;\">Qu&yacute; kh&aacute;ch c&oacute; thể y&ecirc;u cầu th&ecirc;m c&aacute;c chức kh&aacute;c để ph&ugrave; hợp với đặc th&ugrave; doanh nghiệp m&igrave;nh<br /><br /></span></td>\r\n</tr>\r\n</tbody>\r\n</table>'),
(7, 'Bộ nhận diện thương hiệu văn phòng', 2, 'Bộ nhận diện thương hiệu văn phòng', 'website-svs/July2020/Tjcr2368wKpNZS8cCs0a.jpg', 'bo-nhan-dien-thuong-hieu-van-phong', '2020-07-31 00:10:00', '2020-08-06 03:05:57', 'Thiết kế bộ nhận diện thương hiệu sáng tạo, chuyên nghiệp nhằm mục đích quảng bá thương hiệu một cách rộng rãi nhất, là cách nhanh nhất, hiệu quả nhất đối với chiến lược phát triển truyền thông của một doanh nghiệp.', NULL, '<p style=\"box-sizing: border-box; margin: 0px 0px 8.5px; color: #515253; font-family: \'Lora\'; ; text-align: justify;\"><span style=\"box-sizing: border-box;\"><span style=\"box-sizing: border-box; font-family: \'Lora\';\"><strong style=\"box-sizing: border-box;\">C&ocirc;ng ty bạn c&oacute; thật sự chuy&ecirc;n nghiệp? C&oacute; sự s&aacute;ng tạo hay kh&ocirc;ng? H&igrave;nh ảnh c&ocirc;ng ty được ghi nhận dựa tr&ecirc;n nhiều yếu tố: t&aacute;c ph&ograve;ng l&agrave;m việc, chiến lược kinh doanh, hay đơn giản chỉ l&agrave; những h&igrave;nh ảnh ngay ch&iacute;nh nơi l&agrave;m việc của,&nbsp;<a style=\"box-sizing: border-box; color: #ff6600; text-decoration-line: none;\" href=\"http://solution.com.vn/vi/tin-moi-nhat/nhung-luu-y-khi-in-an-bo-nhan-dien-thuong-hieu-t420.html\">bộ nhận diện văn ph&ograve;ng ch&iacute;nh</a>&nbsp;l&agrave; một trong những yếu tố đ&oacute;.</strong></span></span></p>\r\n<p style=\"box-sizing: border-box; margin: 0px 0px 8.5px; color: #515253; font-family: \'Lora\'; ;   ; text-align: justify;\"><span style=\"box-sizing: border-box;\"><span style=\"box-sizing: border-box; font-family: \'Lora\';\"><strong style=\"box-sizing: border-box;\">Bộ nhận diện văn ph&ograve;ng l&agrave; g&igrave;?</strong></span></span></p>\r\n<p style=\"box-sizing: border-box; margin: 0px 0px 8.5px; color: #515253; font-family: \'Lora\'; ;   ; text-align: justify;\"><span style=\"box-sizing: border-box;\"><span style=\"box-sizing: border-box; font-family: \'Lora\';\">Chắc chắn một điều, kh&aacute;ch h&agrave;ng của bạn sẽ trở n&ecirc;n c&oacute; thiện cảm hơn rất nhiều nếu lần đầu ti&ecirc;n họ tiếp x&uacute;c với một c&ocirc;ng ty c&oacute; h&igrave;nh ảnh chỉnh chu, với bộ ấn phẩm văn ph&ograve;ng chuy&ecirc;n nghiệp, từ đ&oacute; cũng tạo ra những gi&aacute; trị lớn về độ tin cậy trong hợp t&aacute;c kinh doanh.</span></span></p>\r\n<p style=\"box-sizing: border-box; margin: 0px 0px 8.5px; color: #515253; font-family: \'Lora\'; ;   ; text-align: justify;\"><span style=\"box-sizing: border-box;\"><span style=\"box-sizing: border-box; font-family: \'Lora\';\">Bộ nhận diện văn ph&ograve;ng l&agrave; bao gồm tất cả những&nbsp;<a style=\"box-sizing: border-box; color: #ff6600; text-decoration-line: none;\" href=\"http://solution.com.vn/vi/tin-moi-nhat/bo-nhan-dien-thuong-hieu-bao-gom-nhung-gi-ban-co-biet-t406.html\">ấn phẩm văn ph&ograve;ng</a>&nbsp;hay c&ograve;n gọi l&agrave; Stationery (danh thiếp, ph&ograve;ng b&igrave;, ti&ecirc;u đề thư). Đ&acirc;y ch&iacute;nh l&agrave; bộ nhận diện văn ph&ograve;ng cơ bản được sử dụng</span></span></p>\r\n<p style=\"box-sizing: border-box; margin: 0px 0px 8.5px; color: #515253; font-family: \'Lora\'; ;   ; text-align: center;\"><img style=\"box-sizing: border-box; border: 0px; vertical-align: middle; max-width: 100%;\" title=\"bo-nhan-dien-thuong-hieu-van-phong\" src=\"http://solution.com.vn/upload_images/images/2017-tin-tuc/nhan%20dien%20thuong%20hieu%201/bo%20nhan%20dien%20thuong%20hieu%20van%20phong/bo-nhan-dien-thuong-hieu-van-phong-1.jpg\" alt=\"bo-nhan-dien-thuong-hieu-van-phong\" /></p>\r\n<p style=\"box-sizing: border-box; margin: 0px 0px 8.5px; color: #515253; font-family: \'Lora\'; ;   ; text-align: center;\"><em style=\"box-sizing: border-box; font-weight: inherit;\">Bộ nhận diện thương hiệu văn ph&ograve;ng</em></p>\r\n<p style=\"box-sizing: border-box; margin: 0px 0px 8.5px; color: #515253; font-family: \'Lora\'; ;   ; text-align: justify;\"><span style=\"box-sizing: border-box;\"><span style=\"box-sizing: border-box; font-family: \'Lora\';\"><strong style=\"box-sizing: border-box;\">Bộ nhận diện văn ph&ograve;ng gồm những g&igrave;?</strong></span></span></p>\r\n<p style=\"box-sizing: border-box; margin: 0px 0px 8.5px; color: #515253; font-family: \'Lora\'; ;   ; text-align: justify;\"><span style=\"box-sizing: border-box;\"><span style=\"box-sizing: border-box; font-family: \'Lora\';\">Bộ nhận diện văn ph&ograve;ng được thiết kế bao gồm bộ cơ bản v&agrave; bộ n&acirc;ng cao</span></span></p>\r\n<p style=\"box-sizing: border-box; margin: 0px 0px 8.5px; color: #515253; font-family: \'Lora\'; ;   ; text-align: justify;\"><span style=\"box-sizing: border-box;\"><span style=\"box-sizing: border-box; font-family: \'Lora\';\">Stationery hay bộ nhận diện văn ph&ograve;ng cơ bản bao gồm 3 yếu tố:&nbsp;<a style=\"box-sizing: border-box; color: #ff6600; text-decoration-line: none;\" href=\"http://solution.com.vn/vi/tin-moi-nhat/bo-nhan-dien-thuong-hieu-bao-gom-nhung-gi-ban-co-biet-t406.html\">Danh thiếp</a>, ph&ograve;ng b&igrave;, ti&ecirc;u đề thư. Đ&acirc;y l&agrave; 3 yếu tố cơ bản v&agrave; cần thiết cho</span></span></p>\r\n<p style=\"box-sizing: border-box; margin: 0px 0px 8.5px; color: #515253; font-family: \'Lora\'; ;   ; text-align: justify;\"><span style=\"box-sizing: border-box;\"><span style=\"box-sizing: border-box; font-family: \'Lora\';\">Bộ nhận diện thương hiệu văn ph&ograve;ng n&acirc;ng cao bao gồm:</span></span></p>\r\n<p style=\"box-sizing: border-box; margin: 0px 0px 8.5px; color: #515253; font-family: \'Lora\'; ;   ; text-align: justify;\"><span style=\"box-sizing: border-box;\"><span style=\"box-sizing: border-box; font-family: \'Lora\';\">1. Thiết kế h&oacute;a đơn</span></span></p>\r\n<p style=\"box-sizing: border-box; margin: 0px 0px 8.5px; color: #515253; font-family: \'Lora\'; ;   ; text-align: justify;\"><span style=\"box-sizing: border-box;\"><span style=\"box-sizing: border-box; font-family: \'Lora\';\">2.&nbsp;</span></span><span style=\"box-sizing: border-box; font-family: \'Lora\';\">Thẻ nh&acirc;n vi&ecirc;n</span></p>\r\n<p style=\"box-sizing: border-box; margin: 0px 0px 8.5px; color: #515253; font-family: \'Lora\'; ;   ; text-align: justify;\"><span style=\"box-sizing: border-box;\"><span style=\"box-sizing: border-box; font-family: \'Lora\';\">3. Thiết kế sổ tay</span></span></p>\r\n<p style=\"box-sizing: border-box; margin: 0px 0px 8.5px; color: #515253; font-family: \'Lora\'; ;   ; text-align: justify;\"><span style=\"box-sizing: border-box;\"><span style=\"box-sizing: border-box; font-family: \'Lora\';\">4. Đồng phục văn ph&ograve;ng</span></span></p>\r\n<p style=\"box-sizing: border-box; margin: 0px 0px 8.5px; color: #515253; font-family: \'Lora\'; ;   ; text-align: justify;\"><span style=\"box-sizing: border-box;\"><span style=\"box-sizing: border-box; font-family: \'Lora\';\">5. Bảng tin</span></span></p>\r\n<p style=\"box-sizing: border-box; margin: 0px 0px 8.5px; color: #515253; font-family: \'Lora\'; ;   ; text-align: justify;\"><span style=\"box-sizing: border-box;\"><span style=\"box-sizing: border-box; font-family: \'Lora\';\">6. Biển ph&ograve;ng ban</span></span></p>\r\n<p style=\"box-sizing: border-box; margin: 0px 0px 8.5px; color: #515253; font-family: \'Lora\'; ;   ; text-align: justify;\"><span style=\"box-sizing: border-box;\"><span style=\"box-sizing: border-box; font-family: \'Lora\';\">7. Biển chức danh</span></span></p>\r\n<p style=\"box-sizing: border-box; margin: 0px 0px 8.5px; color: #515253; font-family: \'Lora\'; ;   ; text-align: justify;\"><span style=\"box-sizing: border-box;\"><span style=\"box-sizing: border-box; font-family: \'Lora\';\">8. Giấy mời</span></span></p>\r\n<p style=\"box-sizing: border-box; margin: 0px 0px 8.5px; color: #515253; font-family: \'Lora\'; ;   ; text-align: justify;\"><span style=\"box-sizing: border-box;\"><span style=\"box-sizing: border-box; font-family: \'Lora\';\">9. B&igrave;a tr&igrave;nh k&iacute;</span></span></p>\r\n<p style=\"box-sizing: border-box; margin: 0px 0px 8.5px; color: #515253; font-family: \'Lora\'; ;   ; text-align: justify;\"><span style=\"box-sizing: border-box;\"><span style=\"box-sizing: border-box; font-family: \'Lora\';\">10. Foder (kẹp file t&agrave;i liệu)</span></span></p>\r\n<p style=\"box-sizing: border-box; margin: 0px 0px 8.5px; color: #515253; font-family: \'Lora\'; ;   ; text-align: justify;\"><span style=\"box-sizing: border-box;\"><span style=\"box-sizing: border-box; font-family: \'Lora\';\">11. T&agrave;i liệu văn ph&ograve;ng (mẫu hợp đồng, c&ocirc;ng văn, nghiệm thu, thanh l&yacute;&hellip;)</span></span></p>\r\n<p style=\"box-sizing: border-box; margin: 0px 0px 8.5px; color: #515253; font-family: \'Lora\'; ;   ; text-align: center;\"><img style=\"box-sizing: border-box; border: 0px; vertical-align: middle; max-width: 100%;\" title=\"bo-nhan-dien-thuong-hieu-van-phong\" src=\"http://solution.com.vn/upload_images/images/2017-tin-tuc/nhan%20dien%20thuong%20hieu%201/bo%20nhan%20dien%20thuong%20hieu%20van%20phong/bo-nhan-dien-thuong-hieu-van-phong-2.jpg\" alt=\"bo-nhan-dien-thuong-hieu-van-phong\" /></p>\r\n<p style=\"box-sizing: border-box; margin: 0px 0px 8.5px; color: #515253; font-family: \'Lora\'; ;   ; text-align: center;\"><em style=\"box-sizing: border-box; font-weight: inherit;\">(Danh thiếp (name card) do sulotion thiết kế)</em></p>\r\n<p style=\"box-sizing: border-box; margin: 0px 0px 8.5px; color: #515253; font-family: \'Lora\'; ;   ; text-align: justify;\"><span style=\"box-sizing: border-box;\"><span style=\"box-sizing: border-box; font-family: \'Lora\';\">Ngo&agrave;i ra c&ograve;n một số chi tiết c&oacute; thể bổ sung v&agrave; ho&agrave;n thiện trong qu&aacute; tr&igrave;nh x&acirc;y dựng.</span></span></p>\r\n<p style=\"box-sizing: border-box; margin: 0px 0px 8.5px; color: #515253; font-family: \'Lora\'; ;   ; text-align: justify;\"><span style=\"box-sizing: border-box;\"><span style=\"box-sizing: border-box; font-family: \'Lora\';\">Với bộ nhận diện thương hiệu văn ph&ograve;ng Solution lu&ocirc;n đưa ra những mẫu thiết kế hiện đại đ&aacute;p ứng mọi nhu cầu của c&aacute;c doanh nghiệp lu&ocirc;n muốn hướng tới sự chuy&ecirc;n nghiệp.&nbsp;<a style=\"box-sizing: border-box; color: #ff6600; text-decoration-line: none;\" href=\"http://solution.com.vn/\">Solution</a>&nbsp;nhận tư vấn v&agrave; thiết kế bộ nhận diện văn ph&ograve;ng với phong c&aacute;ch chuy&ecirc;n nghiệp, hiện đại ph&ugrave; hợp với nhu cầu sử dụng của kh&aacute;ch h&agrave;ng.</span></span></p>'),
(8, 'Quản trị bài viết', 3, 'Quản trị bài viết', 'website-svs/July2020/U8Zt1JOYvyWjXwScoOLs.jpeg', 'quan-tri-bai-viet', '2020-07-31 00:14:00', '2020-08-06 21:55:59', 'Mỗi một website đều có phần quản trị nội dung. Nội dung là các văn bản, hình ảnh, ảnh động, video, và âm thanh trên một trang web được người quản trị website hoặc người được phân quyền quản trị website đăng lên. Nói cách khác, việc quản trị nội dung nó cần thiết như bạn “chăm con” vậy. Để tạo ra một website bạn sử dụng dịch vụ thiết kế web. Và khi việc thiết kế web hoàn thiện thì nó giống như một “đứa con” của bạn. Hằng ngày bạn phải làm gì với đứa con của mình, Có phải là chăm sóc, cho ăn uống, tắm giặt… Website cũng vậy các bạn ạ. Để website được hiệu quả, được có mặt trên các công cụ tìm kiếm đơn cử nhất là có mặt trên Google hằng ngày bạn cần phải theo dõi, viết bài, up hình, chia sẻ website bạn ra nhiều nơi để tăng sức loang tỏa. Có như thế mới mong rằng 1 ngày đẹp trời nào đó bạn Gõ những từ khóa của lĩnh vực bạn lên Google và thấy rằng website mình đang đứng Top Google.', NULL, '<p style=\"box-sizing: inherit; margin-top: 0px; margin-bottom: 1rem; color: #5b5e5e; font-family: \'Lora\', Roboto, \'Helvetica Neue\', Arial, sans-serif; font-size: 16px;\"><span style=\"box-sizing: inherit; font-weight: bolder;\">&nbsp;Quản trị nội dung l&agrave; g&igrave;?</span></p>\r\n<p style=\"box-sizing: inherit; margin-top: 0px; margin-bottom: 1rem; color: #5b5e5e; font-family: \'Lora\', Roboto, \'Helvetica Neue\', Arial, sans-serif; font-size: 16px;\">Mỗi một website đều c&oacute; phần quản trị nội dung. Nội dung l&agrave; c&aacute;c văn bản, h&igrave;nh ảnh, ảnh động, video, v&agrave; &acirc;m thanh tr&ecirc;n một trang web&nbsp;được người quản trị website hoặc người được ph&acirc;n quyền quản trị website đăng l&ecirc;n. N&oacute;i c&aacute;ch kh&aacute;c, việc quản trị nội dung n&oacute; cần thiết như bạn &ldquo;chăm con&rdquo; vậy. Để tạo ra một website bạn sử dụng dịch vụ thiết kế web. V&agrave; khi việc thiết kế web ho&agrave;n thiện th&igrave; n&oacute; giống như một &ldquo;đứa con&rdquo; của bạn. Hằng ng&agrave;y bạn phải l&agrave;m g&igrave; với đứa con của m&igrave;nh, C&oacute; phải l&agrave; chăm s&oacute;c, cho ăn uống, tắm giặt&hellip; Website cũng vậy c&aacute;c bạn ạ. Để website được hiệu quả, được c&oacute; mặt tr&ecirc;n c&aacute;c c&ocirc;ng cụ t&igrave;m kiếm đơn cử nhất l&agrave; c&oacute; mặt tr&ecirc;n Google hằng ng&agrave;y bạn cần phải theo d&otilde;i, viết b&agrave;i, up h&igrave;nh, chia sẻ website bạn ra nhiều nơi để tăng sức loang tỏa. C&oacute; như thế mới mong rằng 1 ng&agrave;y đẹp trời n&agrave;o đ&oacute; bạn G&otilde; những từ kh&oacute;a của lĩnh vực bạn l&ecirc;n Google v&agrave; thấy rằng website m&igrave;nh đang đứng Top Google.</p>\r\n<p style=\"box-sizing: inherit; margin-top: 0px; margin-bottom: 1rem; color: #5b5e5e; font-family: \'Lora\', Roboto, \'Helvetica Neue\', Arial, sans-serif; font-size: 16px;\"><img class=\"alignnone size-full wp-image-510\" style=\"box-sizing: inherit; border-style: none; vertical-align: middle; max-width: 100%; height: auto;\" src=\"http://aab.vn/wp-content/uploads/2017/10/make-money-online.jpg\" sizes=\"(max-width: 1280px) 100vw, 1280px\" srcset=\"http://aab.vn/wp-content/uploads/2017/10/make-money-online.jpg 1280w, http://aab.vn/wp-content/uploads/2017/10/make-money-online-300x169.jpg 300w, http://aab.vn/wp-content/uploads/2017/10/make-money-online-768x432.jpg 768w, http://aab.vn/wp-content/uploads/2017/10/make-money-online-1024x576.jpg 1024w\" alt=\"H&igrave;nh ảnh c&oacute; li&ecirc;n quan\" width=\"1280\" height=\"720\" /></p>\r\n<p style=\"box-sizing: inherit; margin-top: 0px; margin-bottom: 1rem; color: #5b5e5e; font-family: \'Lora\', Roboto, \'Helvetica Neue\', Arial, sans-serif; font-size: 16px;\">Kh&ocirc;ng phải đơn giản m&agrave; website đối thủ c&ugrave;ng ng&agrave;nh của bạn website họ đang đứng Top. Kh&ocirc;ng đơn giản bạn thiết kế 1 website v&agrave; hiển nhi&ecirc;n n&oacute; sẽ hiệu quả cho bạn. Nếu như thế th&igrave; c&aacute;c doanh nghiệp kh&ocirc;ng phải bỏ ra h&agrave;ng chục, h&agrave;ng trăm triệu cho marketing, Seo web, V&agrave; c&aacute;c dịch vụ Seo web l&ecirc;n top ng&agrave;y một nhiều.</p>\r\n<p style=\"box-sizing: inherit; margin-top: 0px; margin-bottom: 1rem; color: #5b5e5e; font-family: \'Lora\', Roboto, \'Helvetica Neue\', Arial, sans-serif; font-size: 16px;\"><span style=\"box-sizing: inherit; font-weight: bolder;\">Tại sao cần quản trị nội dung website?</span></p>\r\n<p style=\"box-sizing: inherit; margin-top: 0px; margin-bottom: 1rem; color: #5b5e5e; font-family: \'Lora\', Roboto, \'Helvetica Neue\', Arial, sans-serif; font-size: 16px;\">Website l&agrave; bộ mặt, l&agrave; h&igrave;nh ảnh của doanh nghiệp tr&ecirc;n to&agrave;n cầu. H&agrave;ng ng&agrave;y c&oacute; h&agrave;ng trăm đối t&aacute;c, nh&agrave; đầu tư, kh&aacute;ch h&agrave;ng đến thăm website của bạn, v&agrave; họ đọc th&ocirc;ng tin về doanh nghiệp, về sản phẩm, dịch vụ do c&ocirc;ng ty bạn cung cấp. Mặc d&ugrave; sản phẩm &nbsp;v&agrave; dịch vụ của bạn rất tốt v&agrave; thương hiệu của bạn được đ&aacute;nh gi&aacute; cao từ kh&aacute;ch h&agrave;ng nhưng chắc chắn rằng nếu bạn kh&ocirc;ng cung cấp c&aacute;c nội dung hữu &iacute;ch v&agrave; cập nhật thường xuy&ecirc;n th&igrave; thương hiệu của bạn tr&ecirc;n thị trường online sẽ bị suy giảm, nếu như bạn kh&ocirc;ng hiểu được kh&aacute;ch h&agrave;ng của bạn muốn g&igrave;, tệ hơn nữa l&agrave; c&aacute;c y&ecirc;u cầu th&ocirc;ng tin, dịch vụ của kh&aacute;ch h&agrave;ng lu&ocirc;n bị chậm trễ trong kh&acirc;u phản hồi.</p>\r\n<p style=\"box-sizing: inherit; margin-top: 0px; margin-bottom: 1rem; color: #5b5e5e; font-family: \'Lora\', Roboto, \'Helvetica Neue\', Arial, sans-serif; font-size: 16px;\">Doanh nghiệp của bạn c&oacute; website để quảng b&aacute; sản phẩm/dịch vụ. Tuy nhi&ecirc;n, việc quản l&iacute; website của doanh nghiệp đang vướng phải một số kh&oacute; khăn v&agrave; v&igrave; sao bạn cần ch&uacute;ng t&ocirc;i:</p>\r\n<ol style=\"box-sizing: inherit; margin-top: 0px; margin-bottom: 1rem; color: #5b5e5e; font-family: \'Lora\', Roboto, \'Helvetica Neue\', Arial, sans-serif; font-size: 16px; padding-left: 40px;\">\r\n<li style=\"box-sizing: inherit;\">Kh&ocirc;ng c&oacute; đủ nguồn th&ocirc;ng tin cần thiết để định hướng v&agrave; cập nhật cho website của m&igrave;nh.</li>\r\n<li style=\"box-sizing: inherit;\">Qu&aacute; &iacute;t thời gian để c&oacute; thể t&igrave;m kiếm v&agrave; bi&ecirc;n tập tin b&agrave;i cho website của m&igrave;nh.</li>\r\n<li style=\"box-sizing: inherit;\">Cảm thấy phức tạp khi sử dụng những c&ocirc;ng cụ bi&ecirc;n tập trang bị tr&ecirc;n hệ thống quản trị website.</li>\r\n<li style=\"box-sizing: inherit;\">Cảm thấy rối mắt khi phải kiểm tra từng lỗi ch&iacute;nh tả của th&ocirc;ng tin trước khi đưa l&ecirc;n website.</li>\r\n<li style=\"box-sizing: inherit;\">Cảm thấy ngần ngại khi bỏ ra chi ph&iacute; đ&aacute;ng kể để tuyển một nh&acirc;n vi&ecirc;n chuy&ecirc;n cập nhật website cho m&igrave;nh.</li>\r\n</ol>\r\n<p style=\"box-sizing: inherit; margin-top: 0px; margin-bottom: 1rem; color: #5b5e5e; font-family: \'Lora\', Roboto, \'Helvetica Neue\', Arial, sans-serif; font-size: 16px;\">Hiểu được những kh&oacute; khăn của doanh nghiệp trong khi vận h&agrave;nh một website sao cho vừa đảm bảo được t&iacute;nh chuy&ecirc;n nghiệp, thu h&uacute;t được kh&aacute;ch h&agrave;ng lại cũng cần tiết kiệm chi ph&iacute; v&agrave; tr&aacute;nh những phức tạp kỹ thuật.</p>');
INSERT INTO `website_svs` (`id`, `title`, `service_id`, `seo_title`, `image`, `slug`, `created_at`, `updated_at`, `meta_description`, `meta_keywords`, `body`) VALUES
(9, 'Bộ nhận diện thương hiệu online', 2, 'Bộ nhận diện thương hiệu online', 'website-svs/August2020/gXvd0Ren7mX4qZuLm7b3.jpg', 'bo-nhan-dien-thuong-hieu-online', '2020-07-31 21:01:00', '2020-08-06 03:12:01', 'Trong thời đại số như hiện nay, xây dựng nhận diện online không thể thiếu của mỗi doanh nghiệp vì nó tạo cơ hội cho doanh nghiệp tiếp cận hàng triệu người dùng.\r\n\r\nDo vậy, Đội ngũ chuyên gia tại Adina sẽ giúp quý công ty thiết kế nhận diện online một cách khoa học và hiệu quả.', NULL, '<h3 class=\"banner-heading font-alt mb-30 mb-xxs-10\" style=\"box-sizing: border-box; font-family: \'Lora\'; font-weight: normal; line-height: 1.4; color: #777777; margin-top: 0px; margin-bottom: 1.3em; text-transform: uppercase; letter-spacing: 0.2em;\">THIẾT KẾ NHẬN DIỆN THƯƠNG HIỆU ONLINE</h3>\r\n<div class=\"section-text text-block \" style=\"box-sizing: border-box; -webkit-tap-highlight-color: transparent; color: #515253; line-height: 1.7; font-family: \'Lora\';\">\r\n<p style=\"box-sizing: border-box; margin: 0px 0px 2em;\">Trong thời đại số như hiện nay, x&acirc;y dựng nhận diện online kh&ocirc;ng thể thiếu của mỗi doanh nghiệp v&igrave; n&oacute; tạo cơ hội cho doanh nghiệp tiếp cận h&agrave;ng triệu người d&ugrave;ng.</p>\r\n<p style=\"box-sizing: border-box; margin: 0px 0px 2em;\">Do vậy, Đội ngũ chuy&ecirc;n gia tại Adina sẽ gi&uacute;p qu&yacute; c&ocirc;ng ty&nbsp;<strong style=\"box-sizing: border-box;\">thiết kế nhận diện online</strong>&nbsp;một c&aacute;ch khoa học v&agrave; hiệu quả.</p>\r\n<h4 style=\"box-sizing: border-box; font-family: inherit; font-weight: 400; line-height: 1.4; color: #515253; margin-top: 10px; margin-bottom: 1.3em;\">Nhận diện thương hiệu online bao gồm những g&igrave;?</h4>\r\n<ul style=\"padding-left: 40px;\">\r\n<li style=\"list-style-type: none;\">\r\n<ul style=\"box-sizing: border-box; margin: 0px 0px 1.5em; -webkit-tap-highlight-color: transparent;\">\r\n<li style=\"box-sizing: border-box; -webkit-tap-highlight-color: transparent;\">Website</li>\r\n<li style=\"box-sizing: border-box; -webkit-tap-highlight-color: transparent;\">Landing page</li>\r\n<li style=\"box-sizing: border-box; -webkit-tap-highlight-color: transparent;\">Mạng x&atilde; hội: nhận diện tr&ecirc;n facebook fanpage, google+, twitter, linkedin</li>\r\n<li style=\"box-sizing: border-box; -webkit-tap-highlight-color: transparent;\">Email mẫu</li>\r\n<li style=\"box-sizing: border-box; -webkit-tap-highlight-color: transparent;\">Banner biển bảng quảng c&aacute;o online</li>\r\n<li style=\"box-sizing: border-box; -webkit-tap-highlight-color: transparent;\">E-catalog</li>\r\n<li style=\"box-sizing: border-box; -webkit-tap-highlight-color: transparent;\">E-profile</li>\r\n<li style=\"box-sizing: border-box; -webkit-tap-highlight-color: transparent;\">Phim/ video giới thiệu doanh nghiệp</li>\r\n<li style=\"box-sizing: border-box; -webkit-tap-highlight-color: transparent;\">Phim/ video quảng c&aacute;o sản phẩm</li>\r\n<li style=\"box-sizing: border-box; -webkit-tap-highlight-color: transparent;\">TVC</li>\r\n<li style=\"box-sizing: border-box; -webkit-tap-highlight-color: transparent;\">B&agrave;i viết PR, quảng c&aacute;o online</li>\r\n<li style=\"box-sizing: border-box; -webkit-tap-highlight-color: transparent;\">B&agrave;i viết blog</li>\r\n</ul>\r\n</li>\r\n</ul>\r\n</div>'),
(11, 'Tối ưu hóa nội dung Website chuẩn SEO', 3, 'Tối ưu hóa nội dung Website chuẩn SEO', 'website-svs/August2020/HOSL9eyKtame8oJjYS2J.jpg', 'toi-uu-hoa-noi-dung-website-chuan-seo', '2020-08-06 02:57:00', '2020-08-06 21:51:12', 'Tối ưu hóa nội dung trang web chuẩn SEO là quá trình tối đa hóa kết quả nội dung tìm kiếm trên các công cụ, bao gồm cải thiện thứ hạng, lưu lượng truy cập không phải trả tiền và chuyển đổi. Một Website có nội dung đã được tối ưu hóa SEO, thì đó là cơ hội để bạn nhanh chóng tăng thứ hạng của lưu lượng truy cập hơn.', 'Tối ưu hóa nội dung Website chuẩn SEO', '<h2><strong>Tối ưu h&oacute;a nội dung Website chuẩn SEO</strong></h2>\r\n<p style=\"margin: 0px 0px 1.5rem; padding: 0px; outline: 0px; vertical-align: baseline; color: #5b5e5e; font-family: \'Lora\'; border: 0px solid #e6e6e6;\">Tối ưu h&oacute;a nội dung trang web chuẩn SEO l&agrave; qu&aacute; tr&igrave;nh tối đa h&oacute;a kết quả nội dung t&igrave;m kiếm tr&ecirc;n c&aacute;c c&ocirc;ng cụ, bao gồm cải thiện thứ hạng, lưu lượng truy cập kh&ocirc;ng phải trả tiền v&agrave; chuyển đổi. Một Website c&oacute; nội dung đ&atilde; được tối ưu h&oacute;a SEO, th&igrave; đ&oacute; l&agrave; cơ hội để bạn nhanh ch&oacute;ng tăng thứ hạng của lưu lượng truy cập hơn.</p>\r\n<p style=\"margin: 0px 0px 1.5rem; padding: 0px; outline: 0px; vertical-align: baseline; color: #5b5e5e; font-family: \'Lora\'; border: 0px solid #e6e6e6;\">Sau đ&acirc;y, bao gồm l&agrave;m thế n&agrave;o để l&agrave;m tối ưu h&oacute;a trang web chuẩn SEO, với trọng t&acirc;m l&agrave; tối ưu ho&aacute; nội dung hiện c&oacute;. Hiện nay, tối ưu h&oacute;a nội dung trang web sẽ theo hai xu hướng:</p>\r\n<ul style=\"margin: 0px 0px 1.5rem 2em; padding: 0px; outline: 0px; vertical-align: baseline; list-style: circle; color: #5b5e5e; font-family: \'Lora\'; border: 0px solid #e6e6e6;\">\r\n<li style=\"margin: 0px; padding: 0px; outline: 0px; vertical-align: baseline; background: 0px 0px; border: 0px solid #e6e6e6;\">Nghi&ecirc;n cứu từ kh&oacute;a trước khi tạo nội dung.</li>\r\n<li style=\"margin: 0px; padding: 0px; outline: 0px; vertical-align: baseline; background: 0px 0px; border: 0px solid #e6e6e6;\">Hoặc, kh&ocirc;ng nghi&ecirc;n cứu từ kh&oacute;a.</li>\r\n</ul>\r\n<ol style=\"margin: 0px 0px 1.5rem 2em; padding: 0px; outline: 0px; vertical-align: baseline; list-style-position: initial; list-style-image: initial; color: #5b5e5e; font-family: \'Lora\'; border: 0px solid #e6e6e6;\">\r\n<li style=\"margin: 0px; padding: 0px; outline: 0px; vertical-align: baseline; background: 0px 0px; border: 0px solid #e6e6e6;\"><span style=\"margin: 0px; padding: 0px; border-width: 0px; border-style: solid; outline: 0px; vertical-align: baseline; background: 0px 0px; font-weight: bold;\">Nghi&ecirc;n cứu từ kh&oacute;a trước v&agrave; viết nội dung quanh từ kh&oacute;a đ&oacute;:</span></li>\r\n</ol>\r\n<p style=\"margin: 0px 0px 1.5rem; padding: 0px; outline: 0px; vertical-align: baseline; color: #5b5e5e; font-family: \'Lora\'; border: 0px solid #e6e6e6;\">Thật kh&oacute; để t&igrave;m một từ kh&oacute;a sẽ th&uacute;c đẩy được lưu lượng truy cập nhiều nhất.&nbsp;Kết quả phụ thuộc v&agrave;o nhiều yếu tố, như:</p>\r\n<ul style=\"margin: 0px 0px 1.5rem 2em; padding: 0px; outline: 0px; vertical-align: baseline; list-style: circle; color: #5b5e5e; font-family: \'Lora\'; border: 0px solid #e6e6e6;\">\r\n<li style=\"margin: 0px; padding: 0px; outline: 0px; vertical-align: baseline; background: 0px 0px; border: 0px solid #e6e6e6;\">Từ kho&aacute; phổ biến.</li>\r\n<li style=\"margin: 0px; padding: 0px; outline: 0px; vertical-align: baseline; background: 0px 0px; border: 0px solid #e6e6e6;\">Cạnh tranh từ kho&aacute;.</li>\r\n<li style=\"margin: 0px; padding: 0px; outline: 0px; vertical-align: baseline; background: 0px 0px; border: 0px solid #e6e6e6;\">Mức độ li&ecirc;n quan của nội dung với mục đ&iacute;ch t&igrave;m kiếm.</li>\r\n<li style=\"margin: 0px; padding: 0px; outline: 0px; vertical-align: baseline; background: 0px 0px; border: 0px solid #e6e6e6;\">L&agrave;m thế n&agrave;o để c&oacute; mối tương quan giữa to&agrave;n bộ trang web với chủ đề.</li>\r\n<li style=\"margin: 0px; padding: 0px; outline: 0px; vertical-align: baseline; background: 0px 0px; border: 0px solid #e6e6e6;\">V&agrave; hơn thế nữa&hellip;</li>\r\n</ul>\r\n<p style=\"margin: 0px 0px 1.5rem; padding: 0px; outline: 0px; vertical-align: baseline; color: #5b5e5e; font-family: \'Lora\'; border: 0px solid #e6e6e6;\">Đ&ocirc;i khi, trang web sẽ nhận được nhiều lưu lượng truy cập kh&ocirc;ng phải trả tiền ở một mẩu nội dung. Nếu, &nbsp;bạn tinh chỉnh từ kh&oacute;a nhắm đ&uacute;ng mục ti&ecirc;u. Bạn truy cập google search console, ở đ&acirc;y sẽ mang đến cho bạn một nguồn lớn về c&aacute;c từ kh&oacute;a đang hoạt động tốt nhất.</p>\r\n<p style=\"margin: 0px 0px 1.5rem; padding: 0px; outline: 0px; vertical-align: baseline; color: #5b5e5e; font-family: \'Lora\'; border: 0px solid #e6e6e6;\"><img class=\"wp-image-14139 aligncenter\" style=\"margin: 0px auto; padding: 0px; border-width: 0px; border-style: solid; outline: 0px; vertical-align: baseline; background: 0px 0px; max-width: 100%; height: auto; display: block;\" src=\"https://cache.digistar.vn/wp-content/uploads/2017/08/toi-uu-hoa-noi-dung-website-chuan-seo.jpg\" sizes=\"(max-width: 425px) 100vw, 425px\" srcset=\"https://cache.digistar.vn/wp-content/uploads/2017/08/toi-uu-hoa-noi-dung-website-chuan-seo.jpg?x70785 800w, https://cache.digistar.vn/wp-content/uploads/2017/08/toi-uu-hoa-noi-dung-website-chuan-seo-300x210.jpg?x70785 300w, https://cache.digistar.vn/wp-content/uploads/2017/08/toi-uu-hoa-noi-dung-website-chuan-seo-768x537.jpg?x70785 768w, https://cache.digistar.vn/wp-content/uploads/2017/08/toi-uu-hoa-noi-dung-website-chuan-seo-636x444.jpg?x70785 636w, https://cache.digistar.vn/wp-content/uploads/2017/08/toi-uu-hoa-noi-dung-website-chuan-seo-320x224.jpg?x70785 320w, https://cache.digistar.vn/wp-content/uploads/2017/08/toi-uu-hoa-noi-dung-website-chuan-seo-239x167.jpg?x70785 239w\" alt=\"website\" width=\"425\" height=\"297\" /></p>\r\n<p style=\"margin: 0px 0px 1.5rem; padding: 0px; outline: 0px; vertical-align: baseline; color: #5b5e5e; font-family: \'Lora\'; text-align: center; border: 0px solid #e6e6e6;\"><em style=\"margin: 0px; padding: 0px; border-width: 0px; border-style: solid; outline: 0px; vertical-align: baseline; background: 0px 0px;\">Tối ưu h&oacute;a nội dung trang web chuẩn SEO l&agrave; qu&aacute; tr&igrave;nh tối đa h&oacute;a kết quả</em></p>\r\n<ol style=\"margin: 0px 0px 1.5rem 2em; padding: 0px; outline: 0px; vertical-align: baseline; list-style-position: initial; list-style-image: initial; color: #5b5e5e; font-family: \'Lora\'; border: 0px solid #e6e6e6;\" start=\"2\">\r\n<li style=\"margin: 0px; padding: 0px; outline: 0px; vertical-align: baseline; background: 0px 0px; border: 0px solid #e6e6e6;\"><span style=\"margin: 0px; padding: 0px; border-width: 0px; border-style: solid; outline: 0px; vertical-align: baseline; background: 0px 0px; font-weight: bold;\">Kh&ocirc;ng nghi&ecirc;n cứu từ kh&oacute;a:</span>\r\n<ul style=\"margin: 1.5em 0px 1.5rem 2em; padding: 0px; outline: 0px; vertical-align: baseline; background: 0px 0px; list-style-position: initial; list-style-image: initial; border: 0px solid #e6e6e6;\">\r\n<li style=\"margin: 0px; padding: 0px; outline: 0px; vertical-align: baseline; background: 0px 0px; border: 0px solid #e6e6e6;\">Đ&acirc;y l&agrave; một t&igrave;nh huống rất phổ biến. Bạn bắt tay v&agrave;o viết nội dung trang web m&agrave; kh&ocirc;ng hề c&oacute; từ kh&oacute;a n&agrave;o. Nội dung trang web của bạn sẽ rất lang man v&agrave; sau khi kết th&uacute;c nội dung viết, bạn vẫn tốn th&ecirc;m một bước nữa l&agrave; t&igrave;m từ kh&oacute;a v&agrave; ch&egrave;n ph&ugrave; hợp v&agrave;o nội dung trang web.</li>\r\n<li style=\"margin: 0px; padding: 0px; outline: 0px; vertical-align: baseline; background: 0px 0px; border: 0px solid #e6e6e6;\">Khi n&agrave;y, bạn cũng t&igrave;m đến google search console để t&igrave;m manh mối về từ kh&oacute;a tốt.</li>\r\n</ul>\r\n</li>\r\n</ol>\r\n<p style=\"margin: 0px 0px 1.5rem; padding: 0px; outline: 0px; vertical-align: baseline; color: #5b5e5e; font-family: \'Lora\'; border: 0px solid #e6e6e6;\">Sau đ&acirc;y, l&agrave; những điều cần t&igrave;m:</p>\r\n<ul style=\"margin: 0px 0px 1.5rem 2em; padding: 0px; outline: 0px; vertical-align: baseline; list-style: circle; color: #5b5e5e; font-family: \'Lora\'; border: 0px solid #e6e6e6;\">\r\n<li style=\"margin: 0px; padding: 0px; outline: 0px; vertical-align: baseline; background: 0px 0px; border: 0px solid #e6e6e6;\">Từ kh&oacute;a đ&oacute; c&oacute; ấn tượng hay kh&ocirc;ng?</li>\r\n<li style=\"margin: 0px; padding: 0px; outline: 0px; vertical-align: baseline; background: 0px 0px; border: 0px solid #e6e6e6;\">Từ kh&oacute;a đ&oacute; c&oacute; đưa người d&ugrave;ng nhấp chuột hay kh&ocirc;ng?</li>\r\n<li style=\"margin: 0px; padding: 0px; outline: 0px; vertical-align: baseline; background: 0px 0px; border: 0px solid #e6e6e6;\">Từ kh&oacute;a đ&oacute; c&oacute; li&ecirc;n quan đến website hay kh&ocirc;ng?</li>\r\n</ul>\r\n<p style=\"margin: 0px 0px 1.5rem; padding: 0px; outline: 0px; vertical-align: baseline; color: #5b5e5e; font-family: \'Lora\'; border: 0px solid #e6e6e6;\">T&igrave;m từ kh&oacute;a ph&ugrave; hợp với c&aacute;c c&acirc;u trả lời đ&oacute;. Đồng thời, nhấn s&acirc;u th&ecirc;m nữa về độ phổ biến từ kh&oacute;a sẽ chọn v&agrave; mức độ cạnh tranh của ch&uacute;ng để xem liệu việc chỉnh sửa nội dung c&oacute; ph&ugrave; hợp với từ kh&oacute;a sắp ch&egrave;n hay kh&ocirc;ng.</p>\r\n<p style=\"margin: 0px 0px 1.5rem; padding: 0px; outline: 0px; vertical-align: baseline; color: #5b5e5e; font-family: \'Lora\'; border: 0px solid #e6e6e6;\">H&atilde;y nhớ rằng, mục ti&ecirc;u ở đ&acirc;y l&agrave; t&igrave;m từ kh&oacute;a ph&ugrave; hợp với nội dung trang web.&nbsp;Nhắm mục ti&ecirc;u từ kh&oacute;a v&agrave; mang về kết quả từ tr&igrave;nh thu thập th&ocirc;ng tin c&ocirc;ng cụ t&igrave;m kiếm:</p>\r\n<ul style=\"margin: 0px 0px 1.5rem 2em; padding: 0px; outline: 0px; vertical-align: baseline; list-style: circle; color: #5b5e5e; font-family: \'Lora\'; border: 0px solid #e6e6e6;\">\r\n<li style=\"margin: 0px; padding: 0px; outline: 0px; vertical-align: baseline; background: 0px 0px; border: 0px solid #e6e6e6;\">Hiểu nội dung của bạn.</li>\r\n<li style=\"margin: 0px; padding: 0px; outline: 0px; vertical-align: baseline; background: 0px 0px; border: 0px solid #e6e6e6;\">Biết mức độ li&ecirc;n quan đến chủ đề đ&oacute;.</li>\r\n<li style=\"margin: 0px; padding: 0px; outline: 0px; vertical-align: baseline; background: 0px 0px; border: 0px solid #e6e6e6;\">C&oacute; thể ph&aacute;n đo&aacute;n c&aacute;ch v&agrave; vị tr&iacute; xếp hạng nội dung của bạn.</li>\r\n</ul>\r\n<h2 style=\"margin: 0px 0px 1.5rem; padding: 0px; border-width: 0px; border-style: solid; outline: 0px; font-size: 27px; vertical-align: baseline; line-height: 1.16667; font-weight: 300; font-family: \'Lora\'; color: #000000;\">V&igrave; vậy:</h2>\r\n<p style=\"margin: 0px 0px 1.5rem; padding: 0px; outline: 0px; vertical-align: baseline; color: #5b5e5e; font-family: \'Lora\'; border: 0px solid #e6e6e6;\">C&oacute; một số mẹo tối ưu h&oacute;a nội dung SEO:</p>\r\n<ul style=\"margin: 0px 0px 1.5rem 2em; padding: 0px; outline: 0px; vertical-align: baseline; list-style: circle; color: #5b5e5e; font-family: \'Lora\'; border: 0px solid #e6e6e6;\">\r\n<li style=\"margin: 0px; padding: 0px; outline: 0px; vertical-align: baseline; background: 0px 0px; border: 0px solid #e6e6e6;\">Dựa tr&ecirc;n từ kh&oacute;a tiềm năng nhất: tập trung v&agrave; tăng lưu lượng truy cập, cải thiện ti&ecirc;u đề li&ecirc;n quan đến từ kh&oacute;a tiềm năng v&agrave; thẻ meta nhằm cải thiện vị tr&iacute; xếp hạng của trang đ&oacute;.</li>\r\n<li style=\"margin: 0px; padding: 0px; outline: 0px; vertical-align: baseline; background: 0px 0px; border: 0px solid #e6e6e6;\">Kh&ocirc;ng thay đổi từ kh&oacute;a mục ti&ecirc;u th&agrave;nh từ kh&oacute;a rộng: từ kh&oacute;a rộng kh&ocirc;ng đủ cụ thể, để hướng người truy cập về trang web nhằm tăng khả năng chuyển đổi.</li>\r\n<li style=\"margin: 0px; padding: 0px; outline: 0px; vertical-align: baseline; background: 0px 0px; border: 0px solid #e6e6e6;\">Kh&ocirc;ng thay đổi từ kh&oacute;a mục ti&ecirc;u th&agrave;nh từ kh&oacute;a đặc biệt,&yacute; nghĩa: v&igrave; google sẽ kh&ocirc;ng hiểu nội dung li&ecirc;n quan g&igrave; đến từ kh&oacute;a. Kh&oacute; đ&aacute;nh gi&aacute; được chất lượn cũng như gi&aacute; trị b&agrave;i viết mang lại. C&ograve;n nếu thay đổi th&agrave;nh từ kh&oacute;a đặc biệt c&oacute; &yacute; nghĩa th&igrave; bạn n&ecirc;n viết lại nội dung.</li>\r\n<li style=\"margin: 0px; padding: 0px; outline: 0px; vertical-align: baseline; background: 0px 0px; border: 0px solid #e6e6e6;\">Cập nhật li&ecirc;n kết nội bộ: thay đổi từ kh&oacute;a sẽ cần thay đổi URL. V&igrave; li&ecirc;n kết nội bộ trang web trỏ đến URL v&agrave; văn bản neo của c&aacute;c li&ecirc;n kết nội bộ n&agrave;y l&agrave; quan trọng để google biết nội dung của m&igrave;nh l&agrave; g&igrave;.</li>\r\n<li style=\"margin: 0px; padding: 0px; outline: 0px; vertical-align: baseline; background: 0px 0px; border: 0px solid #e6e6e6;\">Cập nhật ti&ecirc;u đề trang, m&ocirc; tả meta, h&igrave;nh ảnh, &hellip;: phần n&agrave;y bạn cũng cần c&oacute; từ kh&oacute;a v&agrave; đặt v&agrave;o đ&uacute;ng nơi.</li>\r\n</ul>'),
(12, 'Xây dựng chiến lược tổng thể nội dung Website hiệu quả', 3, 'Xây dựng chiến lược tổng thể nội dung Website hiệu quả', 'website-svs/August2020/q7cArTZ5jQ0XnSuTilyT.jpg', 'xay-dung-chien-luoc-tong-the-noi-dung-website-hieu-qua', '2020-08-06 03:12:00', '2020-08-06 21:45:57', 'Một điều rất quan trọng đối với một website muốn hoạt động tốt chính là cần tổ chức nội dung một cách hợp lý vừa tốt cho SEO vừa giúp cho những khách hàng khi truy cập vào website của bạn để tìm kiếm thông tin trở nên dễ dàng hơn rất nhiều. Khi đó, người dùng ở lại trang web lâu hơn là cơ sở để Google đánh giá tốt hơn.', 'Xây dựng chiến lược tổng thể nội dung Website hiệu quả', '<h1 style=\"box-sizing: border-box; margin: 0px 0px 15px; max-width: 100%; text-align: justify; height: initial !important;\"><strong><span style=\"color: #515253; font-family: Noto Serif;\"><span style=\"font-size: 24px;\">X&acirc;y dựng chiến lược tổng thể nội dung Website hiệu quả</span></span></strong></h1>\r\n<p style=\"box-sizing: border-box; margin: 0px 0px 15px; max-width: 100%; color: #515253; font-family: \'Lora\'; font-size: 16px; text-align: justify; height: initial !important;\">Sở hữu một website chuẩn SEO để ph&aacute;t huy được tối đa t&iacute;nh năng của m&igrave;nh th&igrave; việc x&acirc;y dựng chiến lược nội dung website rất quan trọng. C&ocirc;ng việc đ&oacute; đưa nội dung l&ecirc;n trang web để thu h&uacute;t được người truy cập bằng c&aacute;c c&ocirc;ng cụ t&igrave;m kiếm.</p>\r\n<p style=\"box-sizing: border-box; margin: 0px 0px 15px; max-width: 100%; color: #515253; font-family: \'Lora\'; font-size: 16px; text-align: justify; height: initial !important;\">Một điều rất quan trọng đối với một website muốn hoạt động tốt ch&iacute;nh l&agrave; cần tổ chức nội dung một c&aacute;ch hợp l&yacute; vừa tốt cho SEO vừa gi&uacute;p cho những kh&aacute;ch h&agrave;ng khi truy cập v&agrave;o website của bạn để t&igrave;m kiếm th&ocirc;ng tin trở n&ecirc;n dễ d&agrave;ng hơn rất nhiều. Khi đ&oacute;, người d&ugrave;ng ở lại trang web l&acirc;u hơn l&agrave; cơ sở để Google đ&aacute;nh gi&aacute; tốt hơn.&nbsp;</p>\r\n<h2 id=\"xay-dung-tong-the-noi-dung-cho-website\" style=\"box-sizing: border-box; font-family: \'Lora\'; font-weight: 500; line-height: 1.1; color: #515253; margin-top: 20px; margin-bottom: 10px; font-size: 30px; max-width: 100%; text-align: justify; height: initial !important;\"><span style=\"box-sizing: border-box; max-width: 100%; height: initial !important; color: #000000;\">X&acirc;y dựng tổng thể nội dung cho website</span></h2>\r\n<h3 id=\"xac-dinh-duoc-muc-tieu\" style=\"box-sizing: border-box; font-family: \'Lora\'; font-weight: 500; line-height: 1.1; color: #515253; margin-top: 20px; margin-bottom: 10px; font-size: 24px; max-width: 100%; text-align: justify; height: initial !important;\"><span style=\"box-sizing: border-box; max-width: 100%; height: initial !important; color: #000000;\">X&aacute;c định được mục ti&ecirc;u</span></h3>\r\n<p style=\"box-sizing: border-box; margin: 0px 0px 15px; max-width: 100%; color: #515253; font-family: \'Lora\'; font-size: 16px; text-align: justify; height: initial !important;\">Trước khi bắt tay v&agrave;o x&acirc;y dựng chiến lược nội dung cho website bạn cần phải x&aacute;c định được mục ti&ecirc;u của m&igrave;nh l&agrave; g&igrave;.Th&ocirc;ng thường c&aacute;c website hướng đến c&aacute;c mục ti&ecirc;u nhận diện được thương hiệu, cải thiện thứ hạng tr&ecirc;n Google, thu h&uacute;t số lượng kh&aacute;ch h&agrave;ng đ&ocirc;ng đảo v&agrave; tỉ lệ chuyển người d&ugrave;ng cao,...</p>\r\n<p style=\"box-sizing: border-box; margin: 0px 0px 15px; max-width: 100%; color: #515253; font-family: \'Lora\'; font-size: 16px; text-align: center; height: initial !important;\"><img class=\"\" style=\"box-sizing: border-box; border: 0px; vertical-align: middle; max-width: 100%;\" role=\"\" src=\"https://blog.dweb.vn/uploads/media/23/2019/08/xac-dinh-doi-tuong-khach-hang.jpg\" alt=\"\" /></p>\r\n<p style=\"box-sizing: border-box; margin: 0px 0px 15px; max-width: 100%; color: #515253; font-family: \'Lora\'; font-size: 16px; text-align: justify; height: initial !important;\">Khi mục ti&ecirc;u của bạn l&agrave; tăng doanh thu th&igrave; cần tập trung v&agrave;o những từ kh&oacute;a b&aacute;n h&agrave;ng, c&aacute;c từ kh&oacute;a mang đến hiệu quả tăng doanh cao. Đồng thời ph&aacute;t triển nội dung tr&ecirc;n blog li&ecirc;n quan đến dịch vụ, sản phẩm như l&agrave; c&aacute;ch sử dụng, c&aacute;ch bảo quả, c&aacute;c sai lầm mỗi khi sử dụng,...</p>\r\n<p style=\"box-sizing: border-box; margin: 0px 0px 15px; max-width: 100%; color: #515253; font-family: \'Lora\'; font-size: 16px; text-align: justify; height: initial !important;\">Mục ti&ecirc;u tăng trưởng lượng truy cập mới của kh&aacute;ch h&agrave;ng th&igrave; phải đầu tư thật nhiều c&aacute;c nội dung phong ph&uacute; v&agrave; đa dạng tr&ecirc;n blog.</p>\r\n<p style=\"box-sizing: border-box; margin: 0px 0px 15px; max-width: 100%; color: #515253; font-family: \'Lora\'; font-size: 16px; text-align: justify; height: initial !important;\">Từng giai đoạn ph&aacute;t triển t&ecirc;n website sẽ c&oacute; c&aacute;c mục ti&ecirc;u&nbsp;<a style=\"box-sizing: border-box; background-color: transparent; color: #337ab7; text-decoration-line: none; max-width: 100%; height: initial !important;\" href=\"https://blog.dweb.vn/seo-nc167.html?page=2\">SEO</a>&nbsp;kh&aacute;c nhau n&ecirc;n c&aacute;c SEOer cần phải x&aacute;c định được mục ti&ecirc;u một c&aacute;ch r&otilde; r&agrave;ng để l&ecirc;n kế hoạch nội dung ph&ugrave; hợp.</p>\r\n<p style=\"box-sizing: border-box; margin: 0px 0px 15px; max-width: 100%; color: #515253; font-family: \'Lora\'; font-size: 16px; text-align: justify; height: initial !important;\">Khi x&aacute;c định được mục ti&ecirc;u một c&aacute;ch r&otilde; r&agrave;ng nhất bạn sẽ c&oacute; hướng đi đ&uacute;ng đắn v&agrave; x&acirc;y dựng được một nội dung chất lượng, tương xứng để đạt được kết quả cao nhất.</p>\r\n<h3 id=\"nghien-cuu-khach-hang\" style=\"box-sizing: border-box; font-family: \'Lora\'; font-weight: 500; line-height: 1.1; color: #515253; margin-top: 20px; margin-bottom: 10px; font-size: 24px; max-width: 100%; text-align: justify; height: initial !important;\"><span style=\"box-sizing: border-box; max-width: 100%; height: initial !important; color: #000000;\">Nghi&ecirc;n cứu kh&aacute;ch h&agrave;ng</span></h3>\r\n<p style=\"box-sizing: border-box; margin: 0px 0px 15px; max-width: 100%; color: #515253; font-family: \'Lora\'; font-size: 16px; text-align: justify; height: initial !important;\">Bạn cũng cần phải x&aacute;c định được đối tượng kh&aacute;ch h&agrave;ng m&igrave;nh muốn thu h&uacute;t l&agrave; g&igrave; để đ&aacute;p ứng th&ocirc;ng tin của họ th&ocirc;ng qua nhu cầu v&agrave; h&agrave;nh vi t&igrave;m kiếm.</p>\r\n<p style=\"box-sizing: border-box; margin: 0px 0px 15px; max-width: 100%; color: #515253; font-family: \'Lora\'; font-size: 16px; text-align: justify; height: initial !important;\">Đối tượng mục ti&ecirc;u ch&iacute;nh l&agrave; hướng để tập trung x&acirc;y dựng nội dung li&ecirc;n quan giải đ&aacute;p mọi thắc mắc v&agrave; mong muốn của kh&aacute;ch h&agrave;ng. Bởi v&igrave;, khi nghi&ecirc;n cứu kh&aacute;ch h&agrave;ng bạn sẽ biết được chủ đề họ đang quan t&acirc;m v&agrave; họ đang ưa chuộng xem những dạng nội dung như thế n&agrave;o, ng&ocirc;n ngữ họ y&ecirc;u th&iacute;ch,...</p>\r\n<h3 id=\"len-ke-hoach-noi-dung-tu-khoa\" style=\"box-sizing: border-box; font-family: \'Lora\'; font-weight: 500; line-height: 1.1; color: #515253; margin-top: 20px; margin-bottom: 10px; font-size: 24px; max-width: 100%; text-align: justify; height: initial !important;\"><span style=\"box-sizing: border-box; max-width: 100%; height: initial !important; color: #000000;\">L&ecirc;n kế hoạch nội dung - từ kh&oacute;a</span></h3>\r\n<p style=\"box-sizing: border-box; margin: 0px 0px 15px; max-width: 100%; color: #515253; font-family: \'Lora\'; font-size: 16px; text-align: justify; height: initial !important;\">Những b&agrave;i viết tr&ecirc;n trang web lu&ocirc;n lu&ocirc;n hướng đến một chủ đề ch&iacute;nh v&agrave; khi một website c&oacute; chủ đề nhất định sẽ l&agrave; ti&ecirc;u ch&iacute; để hướng đến một mục đ&iacute;ch đ&oacute; ch&iacute;nh l&agrave; thỏa m&atilde;n được người đọc. Hơn nữa, gi&uacute;p cho c&aacute;c c&ocirc;ng cụ t&igrave;m kiếm hiểu được c&aacute;c nội dung website cung cấp th&ocirc;ng qua c&aacute;c b&agrave;i viết. Từ đ&oacute; khi người d&ugrave;ng t&igrave;m kiếm c&aacute;c từ kh&oacute;a li&ecirc;n quan đến chủ đề của trang web kết quả trả lại sẽ c&oacute; website của bạn.</p>\r\n<p style=\"box-sizing: border-box; margin: 0px 0px 15px; max-width: 100%; color: #515253; font-family: \'Lora\'; font-size: 16px; text-align: justify; height: initial !important;\">C&ocirc;ng việc l&ecirc;n c&aacute;c kế hoạch cho nội dung, x&acirc;y dựng từ kh&oacute;a vừa gi&uacute;p c&aacute;c nội dung đảm bảo chất lượng tốt nhất, xuất bản theo đ&uacute;ng như lịch tr&igrave;nh vừa tối ưu đẩy từ kh&oacute;a l&ecirc;n top một c&aacute;ch nhanh ch&oacute;ng.</p>\r\n<h4 style=\"box-sizing: border-box; font-family: \'Lora\'; font-weight: 500; line-height: 1.1; color: #515253; margin-top: 10px; margin-bottom: 10px; font-size: 18px; max-width: 100%; text-align: justify; height: initial !important;\"><span style=\"box-sizing: border-box; max-width: 100%; height: initial !important; color: #000000;\"><strong style=\"box-sizing: border-box; max-width: 100%; height: initial !important;\">Nghi&ecirc;n cứu từ kh&oacute;a v&agrave; tập trung từ kh&oacute;a ng&aacute;ch</strong></span></h4>\r\n<p style=\"box-sizing: border-box; margin: 0px 0px 15px; max-width: 100%; color: #515253; font-family: \'Lora\'; font-size: 16px; text-align: justify; height: initial !important;\">Nghi&ecirc;n cứu từ kh&oacute;a l&agrave; một c&ocirc;ng việc kh&ocirc;ng thể bỏ qua, đ&acirc;y l&agrave; kh&acirc;u x&acirc;y dựng nội dung website, nắm bắt được nhu cầu của kh&aacute;ch h&agrave;ng, số lượng kh&aacute;ch h&agrave;ng. Để tăng lưu lương truy cập v&agrave;o website của m&igrave;nh từ Google. C&ocirc;ng việc nghi&ecirc;n cứu n&agrave;y rất l&agrave; quan trọng, t&igrave;m ra những từ kh&oacute;a hỗ trợ tối đa qu&aacute; tr&igrave;nh l&ecirc;n nội dụng cho to&agrave;n thể website.</p>\r\n<p style=\"box-sizing: border-box; margin: 0px 0px 15px; max-width: 100%; color: #515253; font-family: \'Lora\'; font-size: 16px; text-align: center; height: initial !important;\"><img class=\"\" style=\"box-sizing: border-box; border: 0px; vertical-align: middle; max-width: 100%; height: initial !important; width: 602px;\" title=\"nghi&ecirc;n cứu từ kh&oacute;a\" role=\"\" src=\"https://blog.dweb.vn/uploads/media/23/2019/08/nghien-cuu-tu-khoa.png\" alt=\"\" /></p>\r\n<p style=\"box-sizing: border-box; margin: 0px 0px 15px; max-width: 100%; color: #515253; font-family: \'Lora\'; font-size: 16px; text-align: justify; height: initial !important;\">Nội dung được tạo ở tr&ecirc;n trang kh&ocirc;ng cung cấp được th&ocirc;ng tin hữu &iacute;ch đến với người đọc sẽ kh&ocirc;ng thể hiển thị tr&ecirc;n Internet. V&igrave; thế, tr&aacute;nh nội dung của bạn bị Internet bị l&atilde;ng qu&ecirc;n th&igrave; bạn cần phải lựa chọn v&agrave; x&acirc;y dựng c&aacute;c nội dung c&oacute; t&iacute;nh ri&ecirc;ng biệt bằng từ kh&oacute;a ng&aacute;ch.</p>\r\n<p style=\"box-sizing: border-box; margin: 0px 0px 15px; max-width: 100%; color: #515253; font-family: \'Lora\'; font-size: 16px; text-align: justify; height: initial !important;\">Từ kh&oacute;a ng&aacute;ch l&agrave; những từ kh&oacute;a c&oacute; tỉ lệ t&igrave;m kiếm cao nhưng sự cạnh tranh thấp, khả tăng tạo ra những nội dung chuy&ecirc;n biệt cao v&agrave; cung cấp gi&aacute; trị đến với người đọc. Tỉ lệ chuyển đổi cao hơn v&agrave; khả năng l&ecirc;n Top của website trở n&ecirc;n nhanh hơn so với việc chỉ tập trung qu&aacute; v&agrave;o từ kh&oacute;a ch&iacute;nh.&nbsp;</p>\r\n<p style=\"box-sizing: border-box; margin: 0px 0px 15px; max-width: 100%; color: #515253; font-family: \'Lora\'; font-size: 16px; text-align: justify; height: initial !important;\">Khi bạn c&agrave;ng tập trung v&agrave;o thị trường ng&aacute;ch th&igrave; khả năng ghi dấu ấn với kh&aacute;c h&agrave;ng c&agrave;ng tăng cao. Bất cứ khi n&agrave;o họ cần th&ocirc;ng tin muốn giải đ&aacute;p th&igrave; chắc chắn họ sẽ nghĩ đến với bạn đầu ti&ecirc;n.</p>\r\n<p style=\"box-sizing: border-box; margin: 0px 0px 15px; max-width: 100%; color: #515253; font-family: \'Lora\'; font-size: 16px; text-align: justify; height: initial !important;\">Sau khi đ&atilde; c&oacute; từ kh&oacute;a cần tối ưu từ kh&oacute;a sẽ gi&uacute;p cho bạn biết c&aacute;ch đặt từ kh&oacute;a ở đ&acirc;u để tạo được sự th&acirc;n thiện với c&ocirc;ng cụ t&igrave;m kiếm một c&aacute;ch tốt nhất cũng như y&ecirc;u cầu của n&oacute;.</p>\r\n<h4 style=\"box-sizing: border-box; font-family: \'Lora\'; font-weight: 500; line-height: 1.1; color: #515253; margin-top: 10px; margin-bottom: 10px; font-size: 18px; max-width: 100%; text-align: justify; height: initial !important;\"><strong style=\"box-sizing: border-box; max-width: 100%; height: initial !important;\"><span style=\"box-sizing: border-box; max-width: 100%; height: initial !important; color: #000000;\">X&acirc;y dựng một kế hoạch content</span></strong></h4>\r\n<p style=\"box-sizing: border-box; margin: 0px 0px 15px; max-width: 100%; color: #515253; font-family: \'Lora\'; font-size: 16px; text-align: justify; height: initial !important;\">Để x&acirc;y dựng kế hoạch tốt cần c&oacute; yếu tố về số lượng nội dung content xuất bản, &yacute; tưởng nội dung, từ kh&oacute;a sử dụng v&agrave; h&igrave;nh thức tr&igrave;nh b&agrave;y một c&aacute;ch cụ thể nhất đối với mỗi b&agrave;i đăng l&agrave; rất cần thiết.</p>\r\n<p style=\"box-sizing: border-box; margin: 0px 0px 15px; max-width: 100%; color: #515253; font-family: \'Lora\'; font-size: 16px; text-align: center; height: initial !important;\"><img class=\"\" style=\"box-sizing: border-box; border: 0px; vertical-align: middle; max-width: 100%;\" role=\"\" src=\"https://blog.dweb.vn/uploads/media/23/2019/08/ke-hoach-content1566981547.jpg\" alt=\"\" /></p>\r\n<p style=\"box-sizing: border-box; margin: 0px 0px 15px; max-width: 100%; color: #515253; font-family: \'Lora\'; font-size: 16px; text-align: justify; height: initial !important;\">Thời gian đăng tải b&agrave;i viết l&ecirc;n trang website theo lịch tr&igrave;nh cụ thể nhằm đảm bảo được nội dung lu&ocirc;n được cập nhật một c&aacute;ch li&ecirc;n tục.</p>\r\n<p style=\"box-sizing: border-box; margin: 0px 0px 15px; max-width: 100%; color: #515253; font-family: \'Lora\'; font-size: 16px; text-align: justify; height: initial !important;\">L&ecirc;n những &yacute; tưởng nội dung mới chưa từng c&oacute; hoặc l&agrave; &iacute;t cạnh tranh tr&ecirc;n c&ocirc;ng cụ t&igrave;m kiếm. Hoặc bạn c&oacute; thể lựa chọn chủ đề cũ nhưng c&oacute; c&aacute;i nh&igrave;n theo c&aacute;c g&oacute;c độ mới mẻ v&agrave; s&aacute;ng tạo hơn.</p>\r\n<p style=\"box-sizing: border-box; margin: 0px 0px 15px; max-width: 100%; color: #515253; font-family: \'Lora\'; font-size: 16px; text-align: justify; height: initial !important;\">Từ một chủ đề ch&iacute;nh của website bạn c&oacute; thể ph&aacute;t triển th&agrave;nh nhiều chủ đề kh&aacute;c nhau tăng t&iacute;nh đa dạng cho website, người đọc kh&ocirc;ng cảm thấy nh&agrave;m ch&aacute;n mỗi khi truy cập v&agrave;o trang web.</p>\r\n<p style=\"box-sizing: border-box; margin: 0px 0px 15px; max-width: 100%; color: #515253; font-family: \'Lora\'; font-size: 16px; text-align: justify; height: initial !important;\">Bạn kh&ocirc;ng n&ecirc;n x&acirc;y dựng kế hoạch nội dung trong một khoảng thời gian qu&aacute; d&agrave;i v&igrave; chiến lược trong qu&aacute; tr&igrave;nh thực hiện sẽ c&oacute; sự thay đổi v&agrave; biến đổi kh&ocirc;ng ngừng v&agrave; bạn kh&ocirc;ng thể đi theo một c&aacute;ch nhất qu&aacute;n được. Những yếu tố ảnh hưởng đến kế hoạch như chiến lược kinh doanh bị thay đổi, ng&acirc;n s&aacute;ch thiếu, thiếu nh&acirc;n lực,...Ch&iacute;nh v&igrave; thế bạn chỉ n&ecirc;n x&acirc;y dựng kế hoạch trong khoảng thời gian giao động từ 1 - 3 th&aacute;ng.</p>\r\n<p style=\"box-sizing: border-box; margin: 0px 0px 15px; max-width: 100%; color: #515253; font-family: \'Lora\'; font-size: 16px; text-align: justify; height: initial !important;\">C&oacute; một điều bạn n&ecirc;n lưu &yacute; đ&oacute; ch&iacute;nh l&agrave; nội dung x&acirc;y dựng tr&ecirc;n website cần phải đảm bảo 2 yếu tố. Một l&agrave; đ&aacute;p ứng, giải quyết được nhu cầu của kh&aacute;ch h&agrave;ng bằng những th&ocirc;ng tin chất lượng v&agrave; bổ &iacute;ch. Hai l&agrave; thỏa m&atilde;n c&aacute;c y&ecirc;u cầu v&agrave; ti&ecirc;u ch&iacute; của c&aacute;c c&ocirc;ng cụ t&igrave;m kiếm Google.</p>'),
(13, 'Ứng dụng quản lý dữ liệu', 4, 'Ứng dụng quản lý dữ liệu', 'website-svs/August2020/roUtGnPsyvlRgcyPgdGu.png', 'ung-dung-quan-ly-du-lieu', '2020-08-06 17:15:00', '2020-08-06 17:22:03', NULL, NULL, NULL),
(14, 'Ứng dụng mạng xã hội', 4, 'Ứng dụng mạng xã hội', 'website-svs/August2020/fgXdKaPdl1bt8Afptdoz.jpg', 'ung-dung-mang-xa-hoi', '2020-08-06 17:16:00', '2020-08-06 17:30:39', NULL, NULL, NULL);
INSERT INTO `website_svs` (`id`, `title`, `service_id`, `seo_title`, `image`, `slug`, `created_at`, `updated_at`, `meta_description`, `meta_keywords`, `body`) VALUES
(15, 'Ứng dụng rao vặt', 4, 'Ứng dụng rao vặt', 'website-svs/August2020/3y4BtjXKsYP9rc6gGh2G.jpg', 'ung-dung-rao-vat', '2020-08-06 17:17:00', '2020-08-06 21:24:38', 'Việc mua bán hàng online đã trở nên quen thuộc với rất nhiều người. Lợi ích của một app rao vặt là vô cùng lớn. Chính vì vậy, việc mỗi doanh nghiệp nên sở hữu một app rao vặt riêng là điều cần thiết. Bên cạnh việc kinh doanh trực tiếp thì app giao vặt là phương thức tiếp cận khách hàng và mang lại hiệu quả nhanh chóng nhất. Tham khảo dịch vụ thiết kế app rao vặt tại KennaTech. Chúng tôi mang đến những sản phẩm app chuyên nghiệp, chắc chắn hài lòng quý khách hàng.', NULL, '<p dir=\"ltr\" style=\"line-height: 1.68; text-align: justify; margin-top: 0pt; margin-bottom: 3pt;\"><span style=\"color: #5b5e5e;\"><span style=\"font-family: \'Lora\',times,serif;\"><span style=\"font-size: 16px;\"><span id=\"docs-internal-guid-cbab831a-7fff-09d0-8ea7-abab7c08d6bc\"><span style=\"background-color: #ffffff; font-variant-numeric: normal; font-variant-east-asian: normal; vertical-align: baseline; white-space: pre-wrap;\">Hiện nay với nhu cầu ti&ecirc;u dùng của khách hàng. Việc mua b&aacute;n h&agrave;ng online đ&atilde; trở n&ecirc;n quen thuộc với rất nhiều người. Lợi &iacute;ch của một app rao vặt l&agrave; v&ocirc; c&ugrave;ng lớn. Ch&iacute;nh v&igrave; vậy, việc mỗi doanh nghiệp n&ecirc;n sở hữu một app rao vặt ri&ecirc;ng l&agrave; điều cần thiết. B&ecirc;n cạnh việc kinh doanh trực tiếp th&igrave; app giao vặt l&agrave; phương thức tiếp cận kh&aacute;ch h&agrave;ng v&agrave; mang lại hiệu quả nhanh ch&oacute;ng nhất. Tham khảo dịch vụ <a href=\"https://KennaTechvn.com/tin-tuc/thiet-ke-app-rao-vat.html\"><strong>thiết kế app rao vặt </strong></a>tại KennaTech. Ch&uacute;ng t&ocirc;i mang đến những sản phẩm app chuy&ecirc;n nghiệp, chắc chắn h&agrave;i l&ograve;ng qu&yacute; kh&aacute;ch h&agrave;ng.</span></span></span></span></span></p>\r\n<h2 dir=\"ltr\" style=\"line-height: 1.68; text-align: justify; margin-top: 0pt; margin-bottom: 3pt;\"><span style=\"color: #0000cd;\"><span style=\"font-size: 24px;\"><em><strong><span style=\"font-family: \'Lora\',times,serif;\"><span id=\"docs-internal-guid-cbab831a-7fff-09d0-8ea7-abab7c08d6bc\"><span style=\"background-color: #ffffff; font-variant-numeric: normal; font-variant-east-asian: normal; vertical-align: baseline; white-space: pre-wrap;\">Tại sao bạn n&ecirc;n sở hữu một thiết kế app rao vặt?</span></span></span></strong></em></span></span></h2>\r\n<ul dir=\"ltr\">\r\n<li style=\"line-height: 1.68; text-align: justify; margin-top: 0pt; margin-bottom: 3pt;\"><span style=\"color: #5b5e5e;\"><span style=\"font-family: \'Lora\',times,serif;\"><span style=\"font-size: 16px;\"><span id=\"docs-internal-guid-cbab831a-7fff-09d0-8ea7-abab7c08d6bc\"><span style=\"background-color: #ffffff; font-variant-numeric: normal; font-variant-east-asian: normal; vertical-align: baseline; white-space: pre-wrap;\"><strong>Xu hướng sử dụng smartphone ng&agrave;y c&agrave;ng nhiều: </strong>khi bạn truy cập website bằng điện thoại di động, bạn phải thực hiện nhiều thao t&aacute;c kh&aacute; mất nhiều thời gian. C&ograve;n khi tải app về điện thoại, chỉ cần chạm nhẹ l&agrave; bạn c&oacute; trải nghiệm đơn giản, thoải m&aacute;i. Trước đ&oacute;, bạn chỉ cần tải app một lần duy nhất m&agrave; thời gian tải cũng rất nhanh, thao t&aacute;c đơn giản.</span></span></span></span></span></li>\r\n<li style=\"line-height: 1.68; text-align: justify; margin-top: 0pt; margin-bottom: 3pt;\"><span style=\"color: #5b5e5e;\"><span style=\"font-family: \'Lora\',times,serif;\"><span style=\"font-size: 16px;\"><span id=\"docs-internal-guid-cbab831a-7fff-09d0-8ea7-abab7c08d6bc\"><span style=\"background-color: #ffffff; font-variant-numeric: normal; font-variant-east-asian: normal; vertical-align: baseline; white-space: pre-wrap;\"><strong>Tiếp cận th&ecirc;m lượng kh&aacute;ch h&agrave;ng tiềm năng: </strong>rao vặt tiếp cận kh&aacute;ch bất kỳ nơi đ&acirc;u. Chỉ cần một thiết bị c&oacute; thể kết nối internet l&agrave; bạn c&oacute; thể &ldquo;tha hồ&rdquo; mua, b&aacute;n h&agrave;ng h&oacute;a tr&ecirc;n trang mạng.</span></span></span></span></span></li>\r\n<li style=\"line-height: 1.68; text-align: justify; margin-top: 0pt; margin-bottom: 3pt;\"><span style=\"color: #5b5e5e;\"><span style=\"font-family: \'Lora\',times,serif;\"><span style=\"font-size: 16px;\"><span id=\"docs-internal-guid-cbab831a-7fff-09d0-8ea7-abab7c08d6bc\"><span style=\"background-color: #ffffff; font-variant-numeric: normal; font-variant-east-asian: normal; vertical-align: baseline; white-space: pre-wrap;\"><strong>Thiết kế app rao vặt kh&ocirc;ng bị giới hạn về thời gian: </strong>App sẽ gi&uacute;p bạn show c&aacute;c sản phẩm tới kh&aacute;ch h&agrave;ng m&agrave; n&oacute; kh&ocirc;ng hạn chế về thời gian mở cửa 24/24.</span></span></span></span></span></li>\r\n<li style=\"line-height: 1.68; text-align: justify; margin-top: 0pt; margin-bottom: 3pt;\"><span style=\"color: #5b5e5e;\"><span style=\"font-family: \'Lora\',times,serif;\"><span style=\"font-size: 16px;\"><span id=\"docs-internal-guid-cbab831a-7fff-09d0-8ea7-abab7c08d6bc\"><span style=\"background-color: #ffffff; font-variant-numeric: normal; font-variant-east-asian: normal; vertical-align: baseline; white-space: pre-wrap;\"><strong>Thiết kế app rao vặt gi&uacute;p đo lường hiệu quả kinh doanh:</strong> Gi&uacute;p bạn thống k&ecirc; được số lượt truy cập v&agrave;o web bạn. Trong đ&oacute; c&oacute; bao nhi&ecirc;u lượt đặt h&agrave;ng v&agrave; c&aacute;c sản phẩm h&agrave;ng h&oacute;a n&agrave;o được kh&aacute;ch h&agrave;ng quan t&acirc;m nhiều hơn.</span></span></span></span></span></li>\r\n<li style=\"line-height: 1.68; text-align: justify; margin-top: 0pt; margin-bottom: 3pt;\"><span style=\"color: #5b5e5e;\"><span style=\"font-family: \'Lora\',times,serif;\"><span style=\"font-size: 16px;\"><span id=\"docs-internal-guid-cbab831a-7fff-09d0-8ea7-abab7c08d6bc\"><span style=\"background-color: #ffffff; font-variant-numeric: normal; font-variant-east-asian: normal; vertical-align: baseline; white-space: pre-wrap;\"><strong>Quảng b&aacute; thương hiệu đến nhiều nơi: </strong>c&aacute;c app mobile hiện l&agrave; k&ecirc;nh tuyệt vời để x&acirc;y dựng v&agrave; quảng b&aacute; thương hiệu d&agrave;nh cho cả c&aacute; nh&acirc;n v&agrave; doanh nghiệp nhỏ, lớn kh&aacute;c nhau, từ đ&oacute; dễ d&agrave;ng g&acirc;y ấn tượng v&agrave; tiếp cận dễ hơn đến c&aacute;c kh&aacute;ch h&agrave;ng tiềm năng</span></span></span></span></span></li>\r\n</ul>\r\n<p style=\"line-height: 1.68; margin-top: 0pt; margin-bottom: 3pt; text-align: center;\"><img src=\"http://htc-it.team//storage/website-svs/August2020/thiet-ke-app-rao-vat.png\" alt=\"\" width=\"100%\" height=\"inherit\" /></p>\r\n<h2 dir=\"ltr\" style=\"line-height: 1.68; text-align: justify; margin-top: 0pt; margin-bottom: 3pt;\"><span style=\"color: #0000cd;\"><span style=\"font-size: 24px;\"><em><strong><span style=\"font-family: \'Lora\',times,serif;\"><span id=\"docs-internal-guid-cbab831a-7fff-09d0-8ea7-abab7c08d6bc\"><span style=\"background-color: #ffffff; font-variant-numeric: normal; font-variant-east-asian: normal; vertical-align: baseline; white-space: pre-wrap;\">Ch&uacute; &yacute; khi thiết kế app rao vặt</span></span></span></strong></em></span></span></h2>\r\n<h3 dir=\"ltr\" style=\"line-height: 1.68; text-align: justify; margin-top: 0pt; margin-bottom: 3pt;\"><strong><span style=\"color: #5b5e5e;\"><span style=\"font-family: \'Lora\',times,serif;\"><span style=\"font-size: 16px;\"><span id=\"docs-internal-guid-cbab831a-7fff-09d0-8ea7-abab7c08d6bc\"><span style=\"background-color: #ffffff; font-variant-numeric: normal; font-variant-east-asian: normal; vertical-align: baseline; white-space: pre-wrap;\">Giao diện của app sẽ hiện đại, đẹp mắt</span></span></span></span></span></strong></h3>\r\n<p dir=\"ltr\" style=\"line-height: 1.68; text-align: justify; margin-top: 0pt; margin-bottom: 3pt;\"><span style=\"color: #5b5e5e;\"><span style=\"font-family: \'Lora\',times,serif;\"><span style=\"font-size: 16px;\"><span id=\"docs-internal-guid-cbab831a-7fff-09d0-8ea7-abab7c08d6bc\"><span style=\"background-color: #ffffff; font-variant-numeric: normal; font-variant-east-asian: normal; vertical-align: baseline; white-space: pre-wrap;\">Thiết kế theo phong c&aacute;ch phẳng nhưng sẽ rất th&acirc;n thiện v&agrave; dễ sử dụng đối với người d&ugrave;ng. Điều n&agrave;y sẽ đặc biệt quan trọng, v&igrave; những ứng dụng miễn ph&iacute; mang t&iacute;nh cộng đồng như thế n&agrave;y để mang về lượt tải cao phải đặt sự tiện lợi cho người d&ugrave;ng l&ecirc;n h&agrave;ng đầu. </span></span></span></span></span></p>\r\n<p dir=\"ltr\" style=\"line-height: 1.68; text-align: justify; margin-top: 0pt; margin-bottom: 3pt;\"><span style=\"color: #5b5e5e;\"><span style=\"font-family: \'Lora\',times,serif;\"><span style=\"font-size: 16px;\"><span style=\"background-color: #ffffff; font-variant-numeric: normal; font-variant-east-asian: normal; vertical-align: baseline; white-space: pre-wrap;\">V&iacute; dụ: <strong><em>n&uacute;t t&igrave;m kiếm</em></strong> phải được thiết kế nổi bật v&agrave; được đặt ở vị tr&iacute; dễ nh&igrave;n thấy nhất gi&uacute;p người sử dụng ngo&agrave;i c&aacute;ch duyệt t&igrave;m tin theo danh mục c&ograve;n c&oacute; thể t&igrave;m kiếm dễ d&agrave;ng th&ocirc;ng tin rao vặt bằng từ kh&oacute;a cũng như keyword.</span></span></span></span></p>\r\n<p dir=\"ltr\" style=\"line-height: 1.68; text-align: justify; margin-top: 0pt; margin-bottom: 3pt;\"><span style=\"color: #5b5e5e;\"><span style=\"font-family: \'Lora\',times,serif;\"><span style=\"font-size: 16px;\"><span id=\"docs-internal-guid-cbab831a-7fff-09d0-8ea7-abab7c08d6bc\"><span style=\"background-color: #ffffff; font-variant-numeric: normal; font-variant-east-asian: normal; vertical-align: baseline; white-space: pre-wrap;\">Ngo&agrave;i ra bạn c&oacute; thể l&agrave;m một ứng dụng rao vặt tr&ecirc;n điện thoại đ&aacute;p ứng nhiều nhu cầu <strong>trong nhiều lĩnh vực</strong>, khi đ&oacute; việc chia danh mục sẽ phức tạp hơn v&agrave; đ&ograve;i hỏi phải t&iacute;nh to&aacute;n kỹ việc ph&acirc;n cấp ngay từ đầu.</span></span></span></span></span></p>\r\n<p dir=\"ltr\" style=\"line-height: 1.68; margin-top: 0pt; margin-bottom: 3pt; text-align: center;\"><img src=\"http://htc-it.team//storage/website-svs/August2020/thiet-ke-app-rao-vat1.png\" alt=\"\" width=\"100%\" height=\"inherit\" /></p>\r\n<h3 dir=\"ltr\" style=\"line-height: 1.68; text-align: justify; margin-top: 0pt; margin-bottom: 3pt;\"><span style=\"color: #5b5e5e;\"><strong><span style=\"font-family: \'Lora\',times,serif;\"><span style=\"font-size: 16px;\"><span id=\"docs-internal-guid-cbab831a-7fff-09d0-8ea7-abab7c08d6bc\"><span style=\"background-color: #ffffff; font-variant-numeric: normal; font-variant-east-asian: normal; vertical-align: baseline; white-space: pre-wrap;\">Ph&acirc;n quyền quản trị admin</span></span></span></span></strong></span></h3>\r\n<p dir=\"ltr\" style=\"line-height: 1.68; text-align: justify; margin-top: 0pt; margin-bottom: 3pt;\"><span style=\"color: #5b5e5e;\"><span style=\"font-family: \'Lora\',times,serif;\"><span style=\"font-size: 16px;\"><span id=\"docs-internal-guid-cbab831a-7fff-09d0-8ea7-abab7c08d6bc\"><span style=\"background-color: #ffffff; font-variant-numeric: normal; font-variant-east-asian: normal; vertical-align: baseline; white-space: pre-wrap;\">Nếu bạn muốn ứng dụng rao vặt của bạn trở n&ecirc;n chuy&ecirc;n nghiệp th&igrave; ngo&agrave;i quyền admin quản trị to&agrave;n bộ hệ thống, bạn c&oacute; thể <strong>tạo th&ecirc;m c&aacute;c quyền quản trị v&agrave; x&eacute;t duyệt nội dung</strong> để cấp cho c&aacute;c nh&acirc;n sự phụ tr&aacute;ch kiểm tra c&aacute;c tin đăng c&oacute; đ&uacute;ng quy định hay kh&ocirc;ng.</span></span></span></span></span></p>\r\n<h3 dir=\"ltr\" style=\"line-height: 1.68; text-align: justify; margin-top: 0pt; margin-bottom: 3pt;\"><strong><span style=\"color: #5b5e5e;\"><span style=\"font-family: \'Lora\',times,serif;\"><span style=\"font-size: 16px;\"><span id=\"docs-internal-guid-cbab831a-7fff-09d0-8ea7-abab7c08d6bc\"><span style=\"background-color: #ffffff; font-variant-numeric: normal; font-variant-east-asian: normal; vertical-align: baseline; white-space: pre-wrap;\">Ph&acirc;n quyền user đăng tin rao vặt</span></span></span></span></span></strong></h3>\r\n<p dir=\"ltr\" style=\"line-height: 1.68; text-align: justify; margin-top: 0pt; margin-bottom: 3pt;\"><span style=\"color: #5b5e5e;\"><span style=\"font-family: \'Lora\',times,serif;\"><span style=\"font-size: 16px;\"><span id=\"docs-internal-guid-cbab831a-7fff-09d0-8ea7-abab7c08d6bc\"><span style=\"background-color: #ffffff; font-variant-numeric: normal; font-variant-east-asian: normal; vertical-align: baseline; white-space: pre-wrap;\"><strong>User đăng tin rao vặt c&oacute; thể đăng tin m&agrave; kh&ocirc;ng cần tạo t&agrave;i khoản</strong>, điều n&agrave;y sẽ gi&uacute;p thu h&uacute;t nhiều lượt tải hơn nhờ t&iacute;nh chất dễ d&agrave;ng sử dụng v&agrave; kh&ocirc;ng r&agrave;ng buộc. Nhưng nếu kh&ocirc;ng đăng k&yacute; t&agrave;i khoản, user sẽ kh&ocirc;ng thể quản l&yacute; được lịch sử đăng tin v&agrave; kh&ocirc;ng theo d&otilde;i được c&oacute; bao nhi&ecirc;u lượt xem tin đăng của m&igrave;nh. Mặt kh&aacute;c, user kh&ocirc;ng đăng k&yacute; t&agrave;i khoản cũng sẽ bị giới hạn một số chức năng so với user c&oacute; đăng k&yacute; t&agrave;i khoản tr&ecirc;n ứng dụng rao vặt.</span></span></span></span></span></p>\r\n<h3 dir=\"ltr\" style=\"line-height: 1.68; text-align: justify; margin-top: 0pt; margin-bottom: 3pt;\"><strong><span style=\"color: #5b5e5e;\"><span style=\"font-family: \'Lora\',times,serif;\"><span style=\"font-size: 16px;\"><span id=\"docs-internal-guid-cbab831a-7fff-09d0-8ea7-abab7c08d6bc\"><span style=\"background-color: #ffffff; font-variant-numeric: normal; font-variant-east-asian: normal; vertical-align: baseline; white-space: pre-wrap;\">C&aacute;ch thức đăng tin rao vặt</span></span></span></span></span></strong></h3>\r\n<p dir=\"ltr\" style=\"line-height: 1.68; text-align: justify; margin-top: 0pt; margin-bottom: 3pt;\"><span style=\"color: #5b5e5e;\"><span style=\"font-family: \'Lora\',times,serif;\"><span style=\"font-size: 16px;\"><span id=\"docs-internal-guid-cbab831a-7fff-09d0-8ea7-abab7c08d6bc\"><span style=\"background-color: #ffffff; font-variant-numeric: normal; font-variant-east-asian: normal; vertical-align: baseline; white-space: pre-wrap;\"><strong>Tin rao vặt tr&ecirc;n app sẽ gồm ti&ecirc;u đề, nội dung v&agrave; h&igrave;nh ảnh k&egrave;m th&ocirc;ng tin li&ecirc;n hệ của người đăng. </strong>Với h&igrave;nh thức hoạt động ban đầu khi mới hoạt động app, bạn c&oacute; thể cho ph&eacute;p người mua dễ d&agrave;ng nh&igrave;n thấy th&ocirc;ng tin li&ecirc;n hệ của người rao, nhưng về l&acirc;u d&agrave;i bạn c&oacute; thể kh&oacute;a th&ocirc;ng tin li&ecirc;n hệ của người rao v&agrave; người xem tin muốn thấy th&ocirc;ng tin li&ecirc;n hệ phải đăng k&iacute; user hoặc nạp điểm để xem.&nbsp;</span></span></span></span></span></p>\r\n<p dir=\"ltr\" style=\"line-height: 1.68; text-align: justify; margin-top: 0pt; margin-bottom: 3pt;\"><span style=\"color: #5b5e5e;\"><span style=\"font-family: \'Lora\',times,serif;\"><span style=\"font-size: 16px;\"><span id=\"docs-internal-guid-cbab831a-7fff-09d0-8ea7-abab7c08d6bc\"><span style=\"background-color: #ffffff; font-variant-numeric: normal; font-variant-east-asian: normal; vertical-align: baseline; white-space: pre-wrap;\">Ngo&agrave;i ra c&oacute; thể &aacute;p dụng h&igrave;nh thức t&iacute;nh ph&iacute; tin đăng nếu hệ thống của bạn hoạt trở n&ecirc;n lớn mạnh. Khi đ&oacute;, ch&uacute;ng ta sẽ <strong>t&iacute;ch hợp c&aacute;c v&iacute; điện tử v&agrave; cổng thanh to&aacute;n</strong> để người sử dụng dễ d&agrave;ng trả ph&iacute; th&ocirc;ng qua smartphone của m&igrave;nh.</span></span></span></span></span></p>\r\n<p dir=\"ltr\" style=\"line-height: 1.68; margin-top: 0pt; margin-bottom: 3pt; text-align: center;\"><img src=\"http://htc-it.team//storage/website-svs/August2020/thiet-ke-app-rao-vat2.png\" alt=\"\" width=\"100%\" height=\"inherit\" /></p>\r\n<h2 dir=\"ltr\" style=\"line-height: 1.68; text-align: justify; margin-top: 0pt; margin-bottom: 3pt;\"><span style=\"color: #0000cd;\"><span style=\"font-size: 24px;\"><strong><em><span style=\"font-family: \'Lora\',times,serif;\"><span id=\"docs-internal-guid-cbab831a-7fff-09d0-8ea7-abab7c08d6bc\"><span style=\"background-color: #ffffff; font-variant-numeric: normal; font-variant-east-asian: normal; vertical-align: baseline; white-space: pre-wrap;\">Quy tr&igrave;nh thiết kế app rao vặt tại KennaTech</span></span></span></em></strong></span></span></h2>\r\n<p dir=\"ltr\" style=\"line-height: 1.68; text-align: justify; margin-top: 0pt; margin-bottom: 3pt;\"><span style=\"color: #5b5e5e;\"><span style=\"font-family: \'Lora\',times,serif;\"><span style=\"font-size: 16px;\"><span id=\"docs-internal-guid-cbab831a-7fff-09d0-8ea7-abab7c08d6bc\"><span style=\"background-color: #ffffff; font-variant-numeric: normal; font-variant-east-asian: normal; vertical-align: baseline; white-space: pre-wrap;\"><em><strong>Bước 1: </strong></em>KennaTech tiếp nhận y&ecirc;u cầu từ kh&aacute;ch h&agrave;ng, tư vấn chọn giao diện, g&oacute;i dịch vụ v&agrave; gửi bảng b&aacute;o gi&aacute; chi tiết.</span></span></span></span></span></p>\r\n<p dir=\"ltr\" style=\"line-height: 1.68; text-align: justify; margin-top: 0pt; margin-bottom: 3pt;\"><span style=\"color: #5b5e5e;\"><span style=\"font-family: \'Lora\',times,serif;\"><span style=\"font-size: 16px;\"><span id=\"docs-internal-guid-cbab831a-7fff-09d0-8ea7-abab7c08d6bc\"><span style=\"background-color: #ffffff; font-variant-numeric: normal; font-variant-east-asian: normal; vertical-align: baseline; white-space: pre-wrap;\"><em><strong>Bước 2:</strong></em> KennaTech gửi hợp đồng mẫu, kh&aacute;ch h&agrave;ng kiểm tra. Tiến h&agrave;nh k&yacute; kết hợp đồng v&agrave; thanh to&aacute;n trước theo thoả thuận.</span></span></span></span></span></p>\r\n<p dir=\"ltr\" style=\"line-height: 1.68; text-align: justify; margin-top: 0pt; margin-bottom: 3pt;\"><span style=\"color: #5b5e5e;\"><span style=\"font-family: \'Lora\',times,serif;\"><span style=\"font-size: 16px;\"><span id=\"docs-internal-guid-cbab831a-7fff-09d0-8ea7-abab7c08d6bc\"><span style=\"background-color: #ffffff; font-variant-numeric: normal; font-variant-east-asian: normal; vertical-align: baseline; white-space: pre-wrap;\"><em><strong>Bước 3: </strong></em>Kh&aacute;ch h&agrave;ng cung cấp th&ocirc;ng tin, h&igrave;nh ảnh, nội dung theo y&ecirc;u cầu thiết kế của KennaTech</span></span></span></span></span></p>\r\n<p dir=\"ltr\" style=\"line-height: 1.68; text-align: justify; margin-top: 0pt; margin-bottom: 3pt;\"><span style=\"color: #5b5e5e;\"><span style=\"font-family: \'Lora\',times,serif;\"><span style=\"font-size: 16px;\"><span id=\"docs-internal-guid-cbab831a-7fff-09d0-8ea7-abab7c08d6bc\"><span style=\"background-color: #ffffff; font-variant-numeric: normal; font-variant-east-asian: normal; vertical-align: baseline; white-space: pre-wrap;\"><em><strong>Bước 4:</strong></em> Khởi tạo thiết kế giao diện, gửi kh&aacute;ch h&agrave;ng duyệt v&agrave; điều chỉnh</span></span></span></span></span></p>\r\n<p dir=\"ltr\" style=\"line-height: 1.68; text-align: justify; margin-top: 0pt; margin-bottom: 3pt;\"><span style=\"color: #5b5e5e;\"><span style=\"font-family: \'Lora\',times,serif;\"><span style=\"font-size: 16px;\"><span id=\"docs-internal-guid-cbab831a-7fff-09d0-8ea7-abab7c08d6bc\"><span style=\"background-color: #ffffff; font-variant-numeric: normal; font-variant-east-asian: normal; vertical-align: baseline; white-space: pre-wrap;\"><em><strong>Bước 5:</strong></em> Tiến h&agrave;nh lập tr&igrave;nh v&agrave; ho&agrave;n thiện chức năng app, kh&aacute;ch h&agrave;ng điều chỉnh, g&oacute;p &yacute;.</span></span></span></span></span></p>\r\n<p dir=\"ltr\" style=\"line-height: 1.68; text-align: justify; margin-top: 0pt; margin-bottom: 3pt;\"><span style=\"color: #5b5e5e;\"><span style=\"font-family: \'Lora\',times,serif;\"><span style=\"font-size: 16px;\"><span id=\"docs-internal-guid-cbab831a-7fff-09d0-8ea7-abab7c08d6bc\"><span style=\"background-color: #ffffff; font-variant-numeric: normal; font-variant-east-asian: normal; vertical-align: baseline; white-space: pre-wrap;\"><em><strong>Bước 6: </strong></em>Ho&agrave;n thiện app v&agrave; b&agrave;n giao sản phẩm cho kh&aacute;ch h&agrave;ng.</span></span></span></span></span></p>\r\n<p dir=\"ltr\" style=\"line-height: 1.68; text-align: justify; margin-top: 0pt; margin-bottom: 3pt;\"><span style=\"color: #0000cd;\"><strong><em><span style=\"font-size: 24px;\"><span style=\"font-family: \'Lora\',times,serif;\">Ưu điểm dịch vụ thiết kế app rao vặt tại KennaTech</span></span></em></strong></span></p>\r\n<p dir=\"ltr\" style=\"line-height: 1.68; text-align: justify; margin-top: 0pt; margin-bottom: 3pt; margin-left: 40px;\"><span style=\"color: #ff0000;\"><span style=\"font-size: 16px;\"><span style=\"font-family: \'times new roman\', times, serif;\">►</span></span></span><span style=\"color: #5b5e5e;\"><span style=\"font-size: 16px;\"><span style=\"font-family: \'times new roman\', times, serif;\">App chạy tốt tr&ecirc;n mọi thiết bị di động&nbsp;<em><strong>(android, iOS)</strong></em>.</span></span></span></p>\r\n<p style=\"text-align: justify; margin-left: 40px;\"><span style=\"color: #ff0000;\"><span style=\"font-size: 16px;\"><span style=\"font-family: \'times new roman\', times, serif;\">►</span></span></span><span style=\"color: #5b5e5e;\"><span style=\"font-size: 16px;\"><span style=\"font-family: \'times new roman\', times, serif;\">&nbsp;Tối ưu t&igrave;m kiếm tr&ecirc;n&nbsp;<em><strong>Play store, Apple store</strong></em>&nbsp;(ASO &ndash; tối ưu cấu tr&uacute;c m&atilde; định dạng, ti&ecirc;u đề, thẻ m&ocirc; tả, h&igrave;nh ảnh.. th&acirc;n thiện với m&aacute;y t&igrave;m kiếm)</span></span></span></p>\r\n<p style=\"text-align: justify; margin-left: 40px;\"><span style=\"color: #ff0000;\"><span style=\"font-size: 16px;\"><span style=\"font-family: \'times new roman\', times, serif;\">►</span></span></span><span style=\"color: #5b5e5e;\"><span style=\"font-size: 16px;\"><span style=\"font-family: \'times new roman\', times, serif;\">&nbsp;Hướng dẫn ph&acirc;n t&iacute;ch m&ocirc; tả apps&nbsp;<em><strong>t</strong></em></span></span><em><strong><span style=\"font-family: \'times new roman\', times, serif; font-size: 16px;\">h&acirc;n thiện, dễ t&igrave;m kiếm</span></strong></em><span style=\"font-family: \'times new roman\', times, serif; font-size: 16px;\">&nbsp;tr&ecirc;n chợ ứng dụng, so s&aacute;nh với đối thủ (nếu c&oacute;).</span></span></p>\r\n<p style=\"text-align: justify; margin-left: 40px;\"><span style=\"color: #ff0000;\"><span style=\"font-size: 16px;\"><span style=\"font-family: \'times new roman\', times, serif;\">►</span></span></span><span style=\"color: #5b5e5e;\"><span style=\"font-size: 16px;\"><span style=\"font-family: \'times new roman\', times, serif;\">&nbsp;&nbsp;Được&nbsp;<em><strong>hỗ trợ tư vấn</strong></em>&nbsp;đưa l&ecirc;n chợ ứng dụng Apple store v&agrave; CHplay &ndash; chi ph&iacute; do t&agrave;i khoản thuộc về kh&aacute;ch h&agrave;ng.</span></span></span></p>\r\n<p style=\"text-align: justify; margin-left: 40px;\"><span style=\"color: #ff0000;\"><span style=\"font-size: 16px;\"><span style=\"font-family: \'times new roman\', times, serif;\">►</span></span></span><span style=\"color: #5b5e5e;\"><span style=\"font-size: 16px;\"><span style=\"font-family: \'times new roman\', times, serif;\">&nbsp;Được&nbsp;<em><strong>tư vấn chiến lược marketing</strong></em>, quảng b&aacute; ứng dụng để đạt thứ hạng cao khi t&igrave;m kiếm</span></span></span></p>\r\n<p style=\"text-align: justify; margin-left: 40px;\"><span style=\"color: #ff0000;\"><span style=\"font-size: 16px;\"><span style=\"font-family: \'times new roman\', times, serif;\">►&nbsp;</span></span></span><span style=\"color: #5b5e5e;\"><span style=\"font-size: 16px;\"><span style=\"font-family: \'times new roman\', times, serif;\">KennaTech&nbsp;<em><strong>bảo h&agrave;nh kỹ thuật trọn đời</strong></em>, khắc phục mọi sự cố nếu trong qu&aacute; tr&igrave;nh hoạt động, hỗ trợ tận t&igrave;nh.</span></span></span></p>\r\n<p>&nbsp;</p>'),
(16, 'Ứng dụng thương mại điện tử', 4, 'Ứng dụng thương mại điện tử', 'website-svs/August2020/htymvARxiFqMD0UiyOK6.png', 'ung-dung-thuong-mai-dien-tu', '2020-08-06 17:18:00', '2020-08-06 20:32:22', '﻿Viết app cho ngành thương mại điện tử ngày càng phổ biến tại nước ta. Do ngày càng nhiều doanh nghiệp nắm bắt được nhu cầu mua sắm trực tuyến của người dân. Nó đem lại cho người dùng những trải nghiệm vô cùng hoàn hảo mà trên máy tính không thể đem lại.\r\n\r\nCùng với đó sử dụng smartphone ngày càng rộng rãi giúp cho việc có cho riêng mình app thương mại điện tử là điều cần thiết.', NULL, '<p style=\"box-sizing: border-box; margin: 0px 0px 20px; letter-spacing: 0px; font-family: Lora; color: #5b5e5e;\"><a style=\"box-sizing: border-box; background-color: transparent; color: #5b5e5e; text-decoration-line: none; transition: all 0.3s ease 0s; line-height: normal; outline: none !important;\" href=\"https://KennaTech.comviphat-trien-ung-dung-mobile/\" target=\"_blank\" rel=\"noopener\"><span style=\"box-sizing: border-box; font-weight: bold;\">Viết app&nbsp;</span></a><span style=\"box-sizing: border-box;\">cho ng&agrave;nh thương mại điện tử ng&agrave;y c&agrave;ng phổ biến tại nước ta. Do ng&agrave;y c&agrave;ng nhiều doanh nghiệp nắm bắt được nhu cầu mua sắm trực tuyến của người d&acirc;n. N&oacute; đem lại cho người d&ugrave;ng những trải nghiệm v&ocirc; c&ugrave;ng ho&agrave;n hảo m&agrave; tr&ecirc;n m&aacute;y t&iacute;nh kh&ocirc;ng thể đem lại.</span></p>\r\n<p style=\"box-sizing: border-box; margin: 0px 0px 20px; letter-spacing: 0px; font-family: Lora; color: #5b5e5e;\"><span style=\"box-sizing: border-box;\">C&ugrave;ng với đ&oacute; sử dụng smartphone ng&agrave;y c&agrave;ng rộng r&atilde;i gi&uacute;p cho việc c&oacute; cho ri&ecirc;ng m&igrave;nh app thương mại điện tử l&agrave; điều cần thiết.</span></p>\r\n<h2 style=\"box-sizing: border-box; font-family: Roboto; line-height: normal; color: #5b5e5e; margin-top: 20px; margin-bottom: 10px; font-size: 25px; letter-spacing: 0.06px;\"><span style=\"box-sizing: border-box;\">Xu hướng thiết kế app của ng&agrave;nh thương mại điện tử</span></h2>\r\n<p style=\"box-sizing: border-box; margin: 0px 0px 20px; letter-spacing: 0px; font-family: Lora; color: #5b5e5e;\"><span style=\"box-sizing: border-box;\">Nếu như trước đ&acirc;y để t&igrave;m kiếm v&agrave; mua h&agrave;ng online kh&aacute;ch h&agrave;ng sẽ phải ngồi h&agrave;ng giờ tr&ecirc;n m&aacute;y t&iacute;nh. Thế nhưng ng&agrave;y nay việc sử dụng smartphone đ&atilde; phổ biến hơn v&agrave; n&oacute; được coi như l&agrave; vật bất ly th&acirc;n. N&oacute; gi&uacute;p người d&ugrave;ng t&igrave;m kiếm, mua sắm mọi l&uacute;c mọi nơi trong mọi thời gian v&agrave; địa điểm.</span></p>\r\n<p style=\"box-sizing: border-box; margin: 0px 0px 20px; letter-spacing: 0px; font-family: Lora; color: #5b5e5e;\"><span style=\"box-sizing: border-box;\">Viết app mobile gi&uacute;p cho người d&ugrave;ng cảm thấy thoải m&aacute;i hơn khi mua sắm, thậm ch&iacute; họ kh&ocirc;ng cần phải đăng nhập v&agrave;o website.N&oacute; được li&ecirc;n kết với t&agrave;i khoản Facebook, zalo, gmail&hellip; chỉ cần chạm nhẹ v&agrave;o biểu tượng l&agrave; đăng nhập được. V&igrave; t&iacute;nh tiện &iacute;ch n&agrave;y m&agrave; hiện nay tại nước ta c&oacute; rất nhiều doanh nghiệp thiết kế app thương mại điện tử. Chỉ t&iacute;nh ri&ecirc;ng smartphone th&igrave; hiện nay c&oacute; khoảng 35 triệu chiếc, chưa kể tới tablet, m&aacute;y t&iacute;nh bảng. C&oacute; thể thấy đ&acirc;y ch&iacute;nh l&agrave; nguồn kh&aacute;ch h&agrave;ng lớn m&agrave; c&aacute;c doanh nghiệp n&ecirc;n khai th&aacute;c.</span></p>\r\n<p style=\"box-sizing: border-box; margin: 0px 0px 20px; letter-spacing: 0px; font-family: Lora; color: #5b5e5e;\"><span style=\"box-sizing: border-box;\"><img src=\"http://htc-it.team//storage/website-svs/August2020/viet-app-55.jpg\" alt=\"\" width=\"100%\" height=\"inherit\" /><br /></span></p>\r\n<p style=\"box-sizing: border-box; margin: 0px 0px 20px; letter-spacing: 0px; font-family: Lora; color: #5b5e5e; text-align: center;\"><em style=\"box-sizing: border-box;\">Viết app sẽ phục vụ được nhiều kh&aacute;ch h&agrave;ng c&oacute; nhu cầu mua sắm</em></p>\r\n<p style=\"box-sizing: border-box; margin: 0px 0px 20px; letter-spacing: 0px; font-family: Lora; color: #5b5e5e;\"><span style=\"box-sizing: border-box; font-family: arial, helvetica, sans-serif;\">Dịch vụ tương tự tại US xem tại&nbsp;<a style=\"box-sizing: border-box; background-color: transparent; color: #5b5e5e; text-decoration-line: none; transition: all 0.3s ease 0s; line-height: normal; font-family: Lora; outline: none !important;\" href=\"https://www.appsquadz.com/iPhone-Development\" target=\"_blank\" rel=\"noopener\">đ&acirc;y</a></span></p>\r\n<p style=\"box-sizing: border-box; margin: 0px 0px 20px; letter-spacing: 0px; font-family: Lora; color: #5b5e5e;\"><span style=\"box-sizing: border-box;\">Ban đầu nh&oacute;m đối tượng m&agrave; c&aacute;c thương hiệu nhắm đến l&agrave; c&aacute;c bạn trẻ c&oacute; sử dụng điện thoại th&ocirc;ng minh, m&aacute;y t&iacute;nh bảng. Tuy nhi&ecirc;n do sự ph&aacute;t triển nhanh ch&oacute;ng v&agrave; mạnh mẽ m&agrave; đối tượng ng&agrave;y c&agrave;ng được mở rộng. Ngay cả những b&agrave; mẹ bỉm sữa, anh, chị tuổi trung ni&ecirc;n cũng lựa chọn v&agrave;o app thương mại điện tử để mua sắm.</span></p>\r\n<p style=\"box-sizing: border-box; margin: 0px 0px 20px; letter-spacing: 0px; font-family: Lora; color: #5b5e5e;\"><span style=\"box-sizing: border-box;\">Điều n&agrave;y cho thấy việc c&oacute; cho m&igrave;nh một app ri&ecirc;ng để b&aacute;n h&agrave;ng l&agrave; điều v&ocirc; c&ugrave;ng cần thiết. Một số doanh nghiệp lớn tại Việt Nam như thegioididong hay fptshop,&hellip; cũng đ&atilde; c&oacute; ri&ecirc;ng cho m&igrave;nh app b&aacute;n h&agrave;ng, gi&uacute;p cho việc mua sắm của kh&aacute;ch h&agrave;ng tiện lợi v&agrave; dễ d&agrave;ng hơn.</span></p>\r\n<h2 style=\"box-sizing: border-box; font-family: Roboto; line-height: normal; color: #5b5e5e; margin-top: 20px; margin-bottom: 10px; font-size: 25px; letter-spacing: 0.06px;\"><span style=\"box-sizing: border-box;\">Trong app ng&agrave;nh thương mại điện tử cần c&oacute; những t&iacute;nh năng g&igrave;</span></h2>\r\n<ul style=\"box-sizing: border-box; margin: 0px 0px 30px 25px; padding: 0px; list-style-position: initial; list-style-image: initial; color: #5b5e5e; font-family: Lora; letter-spacing: 0.06px;\">\r\n<li style=\"box-sizing: border-box;\"><span style=\"box-sizing: border-box;\">Đăng nhập dễ d&agrave;ng nhờ li&ecirc;n kết với t&agrave;i khoản Gmail hay trang mạng x&atilde; hội</span></li>\r\n<li style=\"box-sizing: border-box;\"><span style=\"box-sizing: border-box;\">Lựa chọn h&igrave;nh thức thanh to&aacute;n ph&ugrave; hợp</span></li>\r\n<li style=\"box-sizing: border-box;\"><span style=\"box-sizing: border-box;\">C&oacute; đầy đủ th&ocirc;ng tin về sản phẩm, gi&aacute; th&agrave;nh</span></li>\r\n<li style=\"box-sizing: border-box;\"><span style=\"box-sizing: border-box;\">Hiển thị th&ocirc;ng tin người mua h&agrave;ng, người b&aacute;n h&agrave;ng</span></li>\r\n<li style=\"box-sizing: border-box;\"><span style=\"box-sizing: border-box;\">C&oacute; thanh c&ocirc;ng cụ t&igrave;m kiếm sản phẩm cần mua sắm</span></li>\r\n<li style=\"box-sizing: border-box;\"><span style=\"box-sizing: border-box;\">Phần đ&aacute;nh gi&aacute;, review sản phẩm</span></li>\r\n<li style=\"box-sizing: border-box;\"><span style=\"box-sizing: border-box;\">Nội dung, giao diện th&acirc;n thiện dễ sử dụng</span></li>\r\n<li style=\"box-sizing: border-box;\"><span style=\"box-sizing: border-box;\">Sử dụng được tr&ecirc;n nền tảng IOS v&agrave; cả Android</span></li>\r\n<li style=\"box-sizing: border-box;\"><span style=\"box-sizing: border-box;\">Kh&aacute;ch h&agrave;ng v&agrave; người b&aacute;n tương t&aacute;c, trao đổi qua lại với nhau qua chatbox</span></li>\r\n</ul>\r\n<h2 style=\"box-sizing: border-box; font-family: Roboto; line-height: normal; color: #5b5e5e; margin-top: 20px; margin-bottom: 10px; font-size: 25px; letter-spacing: 0.06px;\"><span style=\"box-sizing: border-box;\">Viết app ng&agrave;nh thương mại điện tử mang lại những lợi &iacute;ch g&igrave;</span><span style=\"box-sizing: border-box; font-weight: 400;\">&nbsp;</span></h2>\r\n<p style=\"box-sizing: border-box; margin: 0px 0px 20px; letter-spacing: 0px; font-family: Lora; color: #5b5e5e;\"><span style=\"box-sizing: border-box;\">Với thị trường thương mại điện tử cạnh tranh gay gắt như hiện nay nếu như kh&ocirc;ng muốn bị đối thủ vượt mặt th&igrave; c&aacute;c doanh nghiệp cần trang bị cho m&igrave;nh c&ocirc;ng nghệ hiện đại. Việc viết app gi&uacute;p cho doanh nghiệp:</span></p>\r\n<ul style=\"box-sizing: border-box; margin: 0px 0px 30px 25px; padding: 0px; list-style-position: initial; list-style-image: initial; color: #5b5e5e; font-family: Lora; letter-spacing: 0.06px;\">\r\n<li style=\"box-sizing: border-box;\"><span style=\"box-sizing: border-box;\">T&igrave;m kiếm kh&aacute;ch h&agrave;ng tiềm năng mới:&nbsp; Việc thiết kế website để b&aacute;n h&agrave;ng trước đ&acirc;y nhằm t&igrave;m kiếm kh&aacute;ch h&agrave;ng mới, gi&uacute;p doanh nghiệp mở rộng thị trường kinh doanh kh&ocirc;ng chỉ trong m&agrave; c&ograve;n ở nước ngo&agrave;i. Tuy nhi&ecirc;n hiện nay người d&ugrave;ng internet tr&ecirc;n điện thoại th&ocirc;ng minh, m&aacute;y t&iacute;nh bảng nhiều hơn. Ch&iacute;nh v&igrave; vậy việc thiết kế app b&aacute;n h&agrave;ng tr&ecirc;n mobile sẽ gi&uacute;p doanh nghiệp tiếp cận tới kh&aacute;ch h&agrave;ng mới dễ d&agrave;ng hơn.</span></li>\r\n<li style=\"box-sizing: border-box;\"><span style=\"box-sizing: border-box;\">Tăng sự trải nghiệm: Nếu như bạn đ&atilde; c&oacute; một lượng kh&aacute;ch h&agrave;ng kh&aacute; lớn thường xuy&ecirc;n truy cập v&agrave;o website b&aacute;n h&agrave;ng. khi họ biết bạn c&oacute; ứng dụng di động thuận lợi hơn cho việc mua sắm chắc chắn họ sẽ thường xuy&ecirc;n truy cập v&agrave; t&igrave;m hiểu về sản phẩm.</span></li>\r\n</ul>\r\n<p style=\"box-sizing: border-box; margin: 0px 0px 20px; letter-spacing: 0px; font-family: Lora; color: #5b5e5e; text-align: center;\"><img src=\"http://htc-it.team//storage/website-svs/August2020/viet-app-56.jpg\" alt=\"\" width=\"100%\" height=\"inherit\" /></p>\r\n<p style=\"box-sizing: border-box; margin: 0px 0px 20px; letter-spacing: 0px; font-family: Lora; color: #5b5e5e; text-align: center;\"><em style=\"box-sizing: border-box;\">Nhờ viết app m&agrave; doanh số b&aacute;n h&agrave;ng tăng l&ecirc;n đ&aacute;ng kể</em></p>\r\n<ul style=\"box-sizing: border-box; margin: 0px 0px 30px 25px; padding: 0px; list-style-position: initial; list-style-image: initial; color: #5b5e5e; font-family: Lora; letter-spacing: 0.06px; text-align: center;\">\r\n<li style=\"box-sizing: border-box; text-align: justify;\"><span style=\"box-sizing: border-box;\">Tăng doanh số b&aacute;n h&agrave;ng, h&agrave;ng h&oacute;a ti&ecirc;u thụ nhanh hơn: Chắc chắn rằng khi bạn mở rộng k&ecirc;nh b&aacute;n h&agrave;ng của m&igrave;nh, lượng kh&aacute;ch h&agrave;ng t&igrave;m kiếm đến nhiều hơn v&agrave; h&agrave;ng h&oacute;a sẽ được b&aacute;n ra nhiều hơn. Đ&acirc;y l&agrave; giải ph&aacute;p tối ưu cho doanh nghiệp bởi ng&agrave;y c&agrave;ng nhiều người d&ugrave;ng smartphone thay cho việc ngồi d&ugrave;ng m&aacute;y t&iacute;nh c&aacute;&nbsp; nh&acirc;n.</span></li>\r\n<li style=\"box-sizing: border-box; text-align: justify;\"><span style=\"box-sizing: border-box;\">Tiết kiệm chi ph&iacute; marketing: Dễ d&agrave;ng gửi th&ocirc;ng b&aacute;o về chương tr&igrave;nh khuyến m&atilde;i tới kh&aacute;ch h&agrave;ng. Điều n&agrave;y gi&uacute;p cho doanh nghiệp tiết kiệm được tiền quảng c&aacute;o m&agrave; kh&aacute;ch h&agrave;ng vẫn biết tới sản phẩm qua ứng dụng di động.</span></li>\r\n<li style=\"box-sizing: border-box; text-align: justify;\"><span style=\"box-sizing: border-box;\">Kh&aacute;ch h&agrave;ng v&agrave; người b&aacute;n tương t&aacute;c với nhau tốt hơn nhanh ch&oacute;ng giải quyết c&aacute;c khiếu nại hay đổi trả sản phẩm.</span></li>\r\n</ul>\r\n<h3 style=\"box-sizing: border-box; font-family: Roboto; line-height: normal; color: #5b5e5e; margin-top: 20px; margin-bottom: 10px; font-size: 22px; letter-spacing: 0.06px; text-align: justify;\"><a style=\"box-sizing: border-box; background-color: transparent; color: #5b5e5e; text-decoration-line: none; transition: all 0.3s ease 0s; line-height: normal; font-family: Lora; outline: none !important;\" href=\"https://KennaTech.com/\" target=\"_blank\" rel=\"noopener\">KennaTech</a>&nbsp;&ndash; chuy&ecirc;n gia trong lĩnh vực thiết kế app theo y&ecirc;u cầu</h3>\r\n<p style=\"box-sizing: border-box; margin: 0px 0px 20px; letter-spacing: 0px; font-family: Lora; color: #5b5e5e; text-align: justify;\">KennaTech c&oacute; kinh nghiệm ph&aacute;t triển c&aacute;c ứng dụng theo y&ecirc;u cầu kh&aacute;c nhau của kh&aacute;ch h&agrave;ng với cơ sở kh&aacute;ch h&agrave;ng trải rộng tr&ecirc;n 10 quốc gia tr&ecirc;n to&agrave;n cầu. Với hơn 8+ năm kinh nghiệm, ch&uacute;ng t&ocirc;i đảm bảo chất lượng v&agrave; độ bảo mật cao cho kh&aacute;ch h&agrave;ng. 50+ lập tr&igrave;nh vi&ecirc;n gi&agrave;u kinh nghiệm trong lĩnh vực Mobile, KennaTech đ&atilde; ho&agrave;n th&agrave;nh tr&ecirc;n 200 dự &aacute;n lớn nhỏ v&agrave; ng&agrave;y c&agrave;ng lấy được sự tin tưởng của kh&aacute;ch h&agrave;ng.</p>\r\n<p style=\"box-sizing: border-box; margin: 0px 0px 20px; letter-spacing: 0px; font-family: Lora; color: #5b5e5e; text-align: center;\"><img src=\"http://htc-it.team//storage/website-svs/August2020/viet-app-54.jpg\" alt=\"\" width=\"100%\" height=\"inherit\" /></p>\r\n<p style=\"box-sizing: border-box; margin: 0px 0px 20px; letter-spacing: 0px; font-family: Lora; color: #5b5e5e; text-align: justify;\">KennaTech &ndash; thiết kế app mobile chuy&ecirc;n nghiệp<br style=\"box-sizing: border-box;\" />KennaTech lu&ocirc;n minh bạch trong c&ocirc;ng việc, gi&uacute;p KH theo d&otilde;i v&agrave; phản hồi theo tiến tr&igrave;nh của dự &aacute;n. Mỗi dự &aacute;n của KennaTech đều trải qua 7 bước sau:</p>\r\n<ul style=\"box-sizing: border-box; margin: 0px 0px 30px 25px; padding: 0px; list-style-position: initial; list-style-image: initial; color: #5b5e5e; font-family: Lora; letter-spacing: 0.06px; text-align: center;\">\r\n<li style=\"box-sizing: border-box; text-align: justify;\">Quản l&yacute; dự &aacute;n</li>\r\n<li style=\"box-sizing: border-box; text-align: justify;\">Thiết kế</li>\r\n<li style=\"box-sizing: border-box; text-align: justify;\">Lập tr&igrave;nh CMS &amp; APIs</li>\r\n<li style=\"box-sizing: border-box; text-align: justify;\">Lập tr&igrave;nh mobile app v&agrave; iOS</li>\r\n<li style=\"box-sizing: border-box; text-align: justify;\">Tester/QC</li>\r\n<li style=\"box-sizing: border-box; text-align: justify;\">QA (Quality Assurance)</li>\r\n<li style=\"box-sizing: border-box; text-align: justify;\">Triển khai dự &aacute;n theo Agile/SCRUM</li>\r\n</ul>'),
(17, 'Ứng dụng đặt vé booking phòng', 4, 'Ứng dụng đặt vé booking phòng', 'website-svs/August2020/fqvTHzNTRQV4jl7cGqIY.jpg', 'ung-dung-dat-ve-booking-phong', '2020-08-06 17:18:00', '2020-08-06 18:15:26', NULL, NULL, NULL);

--
-- Chỉ mục cho các bảng đã đổ
--

--
-- Chỉ mục cho bảng `banners`
--
ALTER TABLE `banners`
  ADD PRIMARY KEY (`id`);

--
-- Chỉ mục cho bảng `categories`
--
ALTER TABLE `categories`
  ADD PRIMARY KEY (`id`),
  ADD UNIQUE KEY `categories_slug_unique` (`slug`),
  ADD KEY `categories_parent_id_foreign` (`parent_id`);

--
-- Chỉ mục cho bảng `commitments`
--
ALTER TABLE `commitments`
  ADD PRIMARY KEY (`id`);

--
-- Chỉ mục cho bảng `customers`
--
ALTER TABLE `customers`
  ADD PRIMARY KEY (`id`);

--
-- Chỉ mục cho bảng `data_rows`
--
ALTER TABLE `data_rows`
  ADD PRIMARY KEY (`id`),
  ADD KEY `data_rows_data_type_id_foreign` (`data_type_id`);

--
-- Chỉ mục cho bảng `data_types`
--
ALTER TABLE `data_types`
  ADD PRIMARY KEY (`id`),
  ADD UNIQUE KEY `data_types_name_unique` (`name`),
  ADD UNIQUE KEY `data_types_slug_unique` (`slug`);

--
-- Chỉ mục cho bảng `failed_jobs`
--
ALTER TABLE `failed_jobs`
  ADD PRIMARY KEY (`id`);

--
-- Chỉ mục cho bảng `menus`
--
ALTER TABLE `menus`
  ADD PRIMARY KEY (`id`),
  ADD UNIQUE KEY `menus_name_unique` (`name`);

--
-- Chỉ mục cho bảng `menu_items`
--
ALTER TABLE `menu_items`
  ADD PRIMARY KEY (`id`),
  ADD KEY `menu_items_menu_id_foreign` (`menu_id`);

--
-- Chỉ mục cho bảng `migrations`
--
ALTER TABLE `migrations`
  ADD PRIMARY KEY (`id`);

--
-- Chỉ mục cho bảng `pages`
--
ALTER TABLE `pages`
  ADD PRIMARY KEY (`id`),
  ADD UNIQUE KEY `pages_slug_unique` (`slug`);

--
-- Chỉ mục cho bảng `permissions`
--
ALTER TABLE `permissions`
  ADD PRIMARY KEY (`id`),
  ADD KEY `permissions_key_index` (`key`);

--
-- Chỉ mục cho bảng `permission_role`
--
ALTER TABLE `permission_role`
  ADD PRIMARY KEY (`permission_id`,`role_id`),
  ADD KEY `permission_role_permission_id_index` (`permission_id`),
  ADD KEY `permission_role_role_id_index` (`role_id`);

--
-- Chỉ mục cho bảng `posts`
--
ALTER TABLE `posts`
  ADD PRIMARY KEY (`id`),
  ADD UNIQUE KEY `posts_slug_unique` (`slug`);

--
-- Chỉ mục cho bảng `products`
--
ALTER TABLE `products`
  ADD PRIMARY KEY (`id`);

--
-- Chỉ mục cho bảng `roles`
--
ALTER TABLE `roles`
  ADD PRIMARY KEY (`id`),
  ADD UNIQUE KEY `roles_name_unique` (`name`);

--
-- Chỉ mục cho bảng `services`
--
ALTER TABLE `services`
  ADD PRIMARY KEY (`id`);

--
-- Chỉ mục cho bảng `settings`
--
ALTER TABLE `settings`
  ADD PRIMARY KEY (`id`),
  ADD UNIQUE KEY `settings_key_unique` (`key`);

--
-- Chỉ mục cho bảng `teams`
--
ALTER TABLE `teams`
  ADD PRIMARY KEY (`id`);

--
-- Chỉ mục cho bảng `translations`
--
ALTER TABLE `translations`
  ADD PRIMARY KEY (`id`),
  ADD UNIQUE KEY `translations_table_name_column_name_foreign_key_locale_unique` (`table_name`,`column_name`,`foreign_key`,`locale`);

--
-- Chỉ mục cho bảng `users`
--
ALTER TABLE `users`
  ADD PRIMARY KEY (`id`),
  ADD UNIQUE KEY `users_email_unique` (`email`),
  ADD KEY `users_role_id_foreign` (`role_id`);

--
-- Chỉ mục cho bảng `user_roles`
--
ALTER TABLE `user_roles`
  ADD PRIMARY KEY (`user_id`,`role_id`),
  ADD KEY `user_roles_user_id_index` (`user_id`),
  ADD KEY `user_roles_role_id_index` (`role_id`);

--
-- Chỉ mục cho bảng `website_svs`
--
ALTER TABLE `website_svs`
  ADD PRIMARY KEY (`id`),
  ADD UNIQUE KEY `website_sv_slug_unique` (`slug`);

--
-- AUTO_INCREMENT cho các bảng đã đổ
--

--
-- AUTO_INCREMENT cho bảng `banners`
--
ALTER TABLE `banners`
  MODIFY `id` int(10) UNSIGNED NOT NULL AUTO_INCREMENT, AUTO_INCREMENT=7;

--
-- AUTO_INCREMENT cho bảng `categories`
--
ALTER TABLE `categories`
  MODIFY `id` int(10) UNSIGNED NOT NULL AUTO_INCREMENT, AUTO_INCREMENT=3;

--
-- AUTO_INCREMENT cho bảng `commitments`
--
ALTER TABLE `commitments`
  MODIFY `id` int(10) UNSIGNED NOT NULL AUTO_INCREMENT, AUTO_INCREMENT=5;

--
-- AUTO_INCREMENT cho bảng `customers`
--
ALTER TABLE `customers`
  MODIFY `id` int(10) UNSIGNED NOT NULL AUTO_INCREMENT, AUTO_INCREMENT=28;

--
-- AUTO_INCREMENT cho bảng `data_rows`
--
ALTER TABLE `data_rows`
  MODIFY `id` int(10) UNSIGNED NOT NULL AUTO_INCREMENT, AUTO_INCREMENT=137;

--
-- AUTO_INCREMENT cho bảng `data_types`
--
ALTER TABLE `data_types`
  MODIFY `id` int(10) UNSIGNED NOT NULL AUTO_INCREMENT, AUTO_INCREMENT=49;

--
-- AUTO_INCREMENT cho bảng `failed_jobs`
--
ALTER TABLE `failed_jobs`
  MODIFY `id` bigint(20) UNSIGNED NOT NULL AUTO_INCREMENT;

--
-- AUTO_INCREMENT cho bảng `menus`
--
ALTER TABLE `menus`
  MODIFY `id` int(10) UNSIGNED NOT NULL AUTO_INCREMENT, AUTO_INCREMENT=6;

--
-- AUTO_INCREMENT cho bảng `menu_items`
--
ALTER TABLE `menu_items`
  MODIFY `id` int(10) UNSIGNED NOT NULL AUTO_INCREMENT, AUTO_INCREMENT=41;

--
-- AUTO_INCREMENT cho bảng `migrations`
--
ALTER TABLE `migrations`
  MODIFY `id` int(10) UNSIGNED NOT NULL AUTO_INCREMENT, AUTO_INCREMENT=27;

--
-- AUTO_INCREMENT cho bảng `pages`
--
ALTER TABLE `pages`
  MODIFY `id` int(10) UNSIGNED NOT NULL AUTO_INCREMENT, AUTO_INCREMENT=2;

--
-- AUTO_INCREMENT cho bảng `permissions`
--
ALTER TABLE `permissions`
  MODIFY `id` bigint(20) UNSIGNED NOT NULL AUTO_INCREMENT, AUTO_INCREMENT=102;

--
-- AUTO_INCREMENT cho bảng `posts`
--
ALTER TABLE `posts`
  MODIFY `id` int(10) UNSIGNED NOT NULL AUTO_INCREMENT, AUTO_INCREMENT=7;

--
-- AUTO_INCREMENT cho bảng `products`
--
ALTER TABLE `products`
  MODIFY `id` int(10) UNSIGNED NOT NULL AUTO_INCREMENT, AUTO_INCREMENT=9;

--
-- AUTO_INCREMENT cho bảng `roles`
--
ALTER TABLE `roles`
  MODIFY `id` bigint(20) UNSIGNED NOT NULL AUTO_INCREMENT, AUTO_INCREMENT=3;

--
-- AUTO_INCREMENT cho bảng `services`
--
ALTER TABLE `services`
  MODIFY `id` int(10) UNSIGNED NOT NULL AUTO_INCREMENT, AUTO_INCREMENT=5;

--
-- AUTO_INCREMENT cho bảng `settings`
--
ALTER TABLE `settings`
  MODIFY `id` int(10) UNSIGNED NOT NULL AUTO_INCREMENT, AUTO_INCREMENT=24;

--
-- AUTO_INCREMENT cho bảng `teams`
--
ALTER TABLE `teams`
  MODIFY `id` int(10) UNSIGNED NOT NULL AUTO_INCREMENT, AUTO_INCREMENT=9;

--
-- AUTO_INCREMENT cho bảng `translations`
--
ALTER TABLE `translations`
  MODIFY `id` int(10) UNSIGNED NOT NULL AUTO_INCREMENT, AUTO_INCREMENT=31;

--
-- AUTO_INCREMENT cho bảng `users`
--
ALTER TABLE `users`
  MODIFY `id` bigint(20) UNSIGNED NOT NULL AUTO_INCREMENT, AUTO_INCREMENT=2;

--
-- AUTO_INCREMENT cho bảng `website_svs`
--
ALTER TABLE `website_svs`
  MODIFY `id` int(10) UNSIGNED NOT NULL AUTO_INCREMENT, AUTO_INCREMENT=18;

--
-- Các ràng buộc cho các bảng đã đổ
--

--
-- Các ràng buộc cho bảng `categories`
--
ALTER TABLE `categories`
  ADD CONSTRAINT `categories_parent_id_foreign` FOREIGN KEY (`parent_id`) REFERENCES `categories` (`id`) ON DELETE SET NULL ON UPDATE CASCADE;

--
-- Các ràng buộc cho bảng `data_rows`
--
ALTER TABLE `data_rows`
  ADD CONSTRAINT `data_rows_data_type_id_foreign` FOREIGN KEY (`data_type_id`) REFERENCES `data_types` (`id`) ON DELETE CASCADE ON UPDATE CASCADE;

--
-- Các ràng buộc cho bảng `menu_items`
--
ALTER TABLE `menu_items`
  ADD CONSTRAINT `menu_items_menu_id_foreign` FOREIGN KEY (`menu_id`) REFERENCES `menus` (`id`) ON DELETE CASCADE;

--
-- Các ràng buộc cho bảng `permission_role`
--
ALTER TABLE `permission_role`
  ADD CONSTRAINT `permission_role_permission_id_foreign` FOREIGN KEY (`permission_id`) REFERENCES `permissions` (`id`) ON DELETE CASCADE,
  ADD CONSTRAINT `permission_role_role_id_foreign` FOREIGN KEY (`role_id`) REFERENCES `roles` (`id`) ON DELETE CASCADE;

--
-- Các ràng buộc cho bảng `users`
--
ALTER TABLE `users`
  ADD CONSTRAINT `users_role_id_foreign` FOREIGN KEY (`role_id`) REFERENCES `roles` (`id`);

--
-- Các ràng buộc cho bảng `user_roles`
--
ALTER TABLE `user_roles`
  ADD CONSTRAINT `user_roles_role_id_foreign` FOREIGN KEY (`role_id`) REFERENCES `roles` (`id`) ON DELETE CASCADE,
  ADD CONSTRAINT `user_roles_user_id_foreign` FOREIGN KEY (`user_id`) REFERENCES `users` (`id`) ON DELETE CASCADE;
COMMIT;

/*!40101 SET CHARACTER_SET_CLIENT=@OLD_CHARACTER_SET_CLIENT */;
/*!40101 SET CHARACTER_SET_RESULTS=@OLD_CHARACTER_SET_RESULTS */;
/*!40101 SET COLLATION_CONNECTION=@OLD_COLLATION_CONNECTION */;
